typeCode,freqCode,refPeriodId,refYear,refMonth,period,reporterCode,reporterISO,reporterDesc,flowCode,flowDesc,partnerCode,partnerISO,partnerDesc,partner2Code,partner2ISO,partner2Desc,classificationCode,classificationSearchCode,isOriginalClassification,cmdCode,cmdDesc,aggrLevel,isLeaf,customsCode,customsDesc,mosCode,motCode,motDesc,qtyUnitCode,qtyUnitAbbr,qty,isQtyEstimated,altQtyUnitCode,altQtyUnitAbbr,altQty,isAltQtyEstimated,netWgt,isNetWgtEstimated,grossWgt,isGrossWgtEstimated,cifvalue,fobvalue,primaryValue,legacyEstimationFlag,isReported,isAggregate
"C","A","20150101","2015","52","2015","120","CMR","Cameroon","M","Import","0","W00","World","0","W00","World","H4","HS","true","TOTAL","All Commodities","0","false","C00","TOTAL CPC","0","0","TOTAL MOT","-1","N/A",,"false","-1","N/A",,"false",,"false",,"false","6036814820",,"6036814820","0","true","false",
"C","A","20150101","2015","52","2015","120","CMR","Cameroon","M","Import","4","AFG","Afghanistan","0","W00","World","H4","HS","true","TOTAL","All Commodities","0","false","C00","TOTAL CPC","0","0","TOTAL MOT","-1","N/A",,"false","-1","N/A",,"false",,"false",,"false","463",,"463","0","true","false",
"C","A","20150101","2015","52","2015","120","CMR","Cameroon","M","Import","8","ALB","Albania","0","W00","World","H4","HS","true","TOTAL","All Commodities","0","false","C00","TOTAL CPC","0","0","TOTAL MOT","-1","N/A",,"false","-1","N/A",,"false",,"false",,"false","169843",,"169843","0","true","false",
"C","A","20150101","2015","52","2015","120","CMR","Cameroon","M","Import","10","ATA","Antarctica","0","W00","World","H4","HS","true","TOTAL","All Commodities","0","false","C00","TOTAL CPC","0","0","TOTAL MOT","-1","N/A",,"false","-1","N/A",,"false",,"false",,"false","204",,"204","0","true","false",
"C","A","20150101","2015","52","2015","120","CMR","Cameroon","M","Import","12","DZA","Algeria","0","W00","World","H4","HS","true","TOTAL","All Commodities","0","false","C00","TOTAL CPC","0","0","TOTAL MOT","-1","N/A",,"false","-1","N/A",,"false",,"false",,"false","1547959",,"1547959","0","true","false",
"C","A","20150101","2015","52","2015","120","CMR","Cameroon","M","Import","16","ASM","American Samoa","0","W00","World","H4","HS","true","TOTAL","All Commodities","0","false","C00","TOTAL CPC","0","0","TOTAL MOT","-1","N/A",,"false","-1","N/A",,"false",,"false",,"false","102987",,"102987","0","true","false",
"C","A","20150101","2015","52","2015","120","CMR","Cameroon","M","Import","20","AND","Andorra","0","W00","World","H4","HS","true","TOTAL","All Commodities","0","false","C00","TOTAL CPC","0","0","TOTAL MOT","-1","N/A",,"false","-1","N/A",,"false",,"false",,"false","10076",,"10076","0","true","false",
"C","A","20150101","2015","52","2015","120","CMR","Cameroon","M","Import","24","AGO","Angola","0","W00","World","H4","HS","true","TOTAL","All Commodities","0","false","C00","TOTAL CPC","0","0","TOTAL MOT","-1","N/A",,"false","-1","N/A",,"false",,"false",,"false","14339070",,"14339070","0","true","false",
"C","A","20150101","2015","52","2015","120","CMR","Cameroon","M","Import","28","ATG","Antigua and Barbuda","0","W00","World","H4","HS","true","TOTAL","All Commodities","0","false","C00","TOTAL CPC","0","0","TOTAL MOT","-1","N/A",,"false","-1","N/A",,"false",,"false",,"false","20692189",,"20692189","0","true","false",
"C","A","20150101","2015","52","2015","120","CMR","Cameroon","M","Import","32","ARG","Argentina","0","W00","World","H4","HS","true","TOTAL","All Commodities","0","false","C00","TOTAL CPC","0","0","TOTAL MOT","-1","N/A",,"false","-1","N/A",,"false",,"false",,"false","49880168",,"49880168","0","true","false",
"C","A","20150101","2015","52","2015","120","CMR","Cameroon","M","Import","36","AUS","Australia","0","W00","World","H4","HS","true","TOTAL","All Commodities","0","false","C00","TOTAL CPC","0","0","TOTAL MOT","-1","N/A",,"false","-1","N/A",,"false",,"false",,"false","4678238",,"4678238","0","true","false",
"C","A","20150101","2015","52","2015","120","CMR","Cameroon","M","Import","40","AUT","Austria","0","W00","World","H4","HS","true","TOTAL","All Commodities","0","false","C00","TOTAL CPC","0","0","TOTAL MOT","-1","N/A",,"false","-1","N/A",,"false",,"false",,"false","10416910",,"10416910","0","true","false",
"C","A","20150101","2015","52","2015","120","CMR","Cameroon","M","Import","44","BHS","Bahamas","0","W00","World","H4","HS","true","TOTAL","All Commodities","0","false","C00","TOTAL CPC","0","0","TOTAL MOT","-1","N/A",,"false","-1","N/A",,"false",,"false",,"false","1064",,"1064","0","true","false",
"C","A","20150101","2015","52","2015","120","CMR","Cameroon","M","Import","48","BHR","Bahrain","0","W00","World","H4","HS","true","TOTAL","All Commodities","0","false","C00","TOTAL CPC","0","0","TOTAL MOT","-1","N/A",,"false","-1","N/A",,"false",,"false",,"false","5858",,"5858","0","true","false",
"C","A","20150101","2015","52","2015","120","CMR","Cameroon","M","Import","50","BGD","Bangladesh","0","W00","World","H4","HS","true","TOTAL","All Commodities","0","false","C00","TOTAL CPC","0","0","TOTAL MOT","-1","N/A",,"false","-1","N/A",,"false",,"false",,"false","2435713",,"2435713","0","true","false",
"C","A","20150101","2015","52","2015","120","CMR","Cameroon","M","Import","51","ARM","Armenia","0","W00","World","H4","HS","true","TOTAL","All Commodities","0","false","C00","TOTAL CPC","0","0","TOTAL MOT","-1","N/A",,"false","-1","N/A",,"false",,"false",,"false","48042",,"48042","0","true","false",
"C","A","20150101","2015","52","2015","120","CMR","Cameroon","M","Import","52","BRB","Barbados","0","W00","World","H4","HS","true","TOTAL","All Commodities","0","false","C00","TOTAL CPC","0","0","TOTAL MOT","-1","N/A",,"false","-1","N/A",,"false",,"false",,"false","2677",,"2677","0","true","false",
"C","A","20150101","2015","52","2015","120","CMR","Cameroon","M","Import","56","BEL","Belgium","0","W00","World","H4","HS","true","TOTAL","All Commodities","0","false","C00","TOTAL CPC","0","0","TOTAL MOT","-1","N/A",,"false","-1","N/A",,"false",,"false",,"false","110956876",,"110956876","0","true","false",
"C","A","20150101","2015","52","2015","120","CMR","Cameroon","M","Import","68","BOL","Bolivia (Plurinational State of)","0","W00","World","H4","HS","true","TOTAL","All Commodities","0","false","C00","TOTAL CPC","0","0","TOTAL MOT","-1","N/A",,"false","-1","N/A",,"false",,"false",,"false","153",,"153","0","true","false",
"C","A","20150101","2015","52","2015","120","CMR","Cameroon","M","Import","70","BIH","Bosnia Herzegovina","0","W00","World","H4","HS","true","TOTAL","All Commodities","0","false","C00","TOTAL CPC","0","0","TOTAL MOT","-1","N/A",,"false","-1","N/A",,"false",,"false",,"false","179243",,"179243","0","true","false",
"C","A","20150101","2015","52","2015","120","CMR","Cameroon","M","Import","76","BRA","Brazil","0","W00","World","H4","HS","true","TOTAL","All Commodities","0","false","C00","TOTAL CPC","0","0","TOTAL MOT","-1","N/A",,"false","-1","N/A",,"false",,"false",,"false","111106156",,"111106156","0","true","false",
"C","A","20150101","2015","52","2015","120","CMR","Cameroon","M","Import","84","BLZ","Belize","0","W00","World","H4","HS","true","TOTAL","All Commodities","0","false","C00","TOTAL CPC","0","0","TOTAL MOT","-1","N/A",,"false","-1","N/A",,"false",,"false",,"false","2217129",,"2217129","0","true","false",
"C","A","20150101","2015","52","2015","120","CMR","Cameroon","M","Import","96","BRN","Brunei Darussalam","0","W00","World","H4","HS","true","TOTAL","All Commodities","0","false","C00","TOTAL CPC","0","0","TOTAL MOT","-1","N/A",,"false","-1","N/A",,"false",,"false",,"false","84",,"84","0","true","false",
"C","A","20150101","2015","52","2015","120","CMR","Cameroon","M","Import","100","BGR","Bulgaria","0","W00","World","H4","HS","true","TOTAL","All Commodities","0","false","C00","TOTAL CPC","0","0","TOTAL MOT","-1","N/A",,"false","-1","N/A",,"false",,"false",,"false","2127264",,"2127264","0","true","false",
"C","A","20150101","2015","52","2015","120","CMR","Cameroon","M","Import","104","MMR","Myanmar","0","W00","World","H4","HS","true","TOTAL","All Commodities","0","false","C00","TOTAL CPC","0","0","TOTAL MOT","-1","N/A",,"false","-1","N/A",,"false",,"false",,"false","23888",,"23888","0","true","false",
"C","A","20150101","2015","52","2015","120","CMR","Cameroon","M","Import","116","KHM","Cambodia","0","W00","World","H4","HS","true","TOTAL","All Commodities","0","false","C00","TOTAL CPC","0","0","TOTAL MOT","-1","N/A",,"false","-1","N/A",,"false",,"false",,"false","107218",,"107218","0","true","false",
"C","A","20150101","2015","52","2015","120","CMR","Cameroon","M","Import","124","CAN","Canada","0","W00","World","H4","HS","true","TOTAL","All Commodities","0","false","C00","TOTAL CPC","0","0","TOTAL MOT","-1","N/A",,"false","-1","N/A",,"false",,"false",,"false","61684016",,"61684016","0","true","false",
"C","A","20150101","2015","52","2015","120","CMR","Cameroon","M","Import","132","CPV","Cabo Verde","0","W00","World","H4","HS","true","TOTAL","All Commodities","0","false","C00","TOTAL CPC","0","0","TOTAL MOT","-1","N/A",,"false","-1","N/A",,"false",,"false",,"false","1329",,"1329","0","true","false",
"C","A","20150101","2015","52","2015","120","CMR","Cameroon","M","Import","140","CAF","Central African Rep.","0","W00","World","H4","HS","true","TOTAL","All Commodities","0","false","C00","TOTAL CPC","0","0","TOTAL MOT","-1","N/A",,"false","-1","N/A",,"false",,"false",,"false","105347",,"105347","0","true","false",
"C","A","20150101","2015","52","2015","120","CMR","Cameroon","M","Import","144","LKA","Sri Lanka","0","W00","World","H4","HS","true","TOTAL","All Commodities","0","false","C00","TOTAL CPC","0","0","TOTAL MOT","-1","N/A",,"false","-1","N/A",,"false",,"false",,"false","367291",,"367291","0","true","false",
"C","A","20150101","2015","52","2015","120","CMR","Cameroon","M","Import","148","TCD","Chad","0","W00","World","H4","HS","true","TOTAL","All Commodities","0","false","C00","TOTAL CPC","0","0","TOTAL MOT","-1","N/A",,"false","-1","N/A",,"false",,"false",,"false","274313",,"274313","0","true","false",
"C","A","20150101","2015","52","2015","120","CMR","Cameroon","M","Import","152","CHL","Chile","0","W00","World","H4","HS","true","TOTAL","All Commodities","0","false","C00","TOTAL CPC","0","0","TOTAL MOT","-1","N/A",,"false","-1","N/A",,"false",,"false",,"false","2993793",,"2993793","0","true","false",
"C","A","20150101","2015","52","2015","120","CMR","Cameroon","M","Import","156","CHN","China","0","W00","World","H4","HS","true","TOTAL","All Commodities","0","false","C00","TOTAL CPC","0","0","TOTAL MOT","-1","N/A",,"false","-1","N/A",,"false",,"false",,"false","1172904261",,"1172904261","0","true","false",
"C","A","20150101","2015","52","2015","120","CMR","Cameroon","M","Import","170","COL","Colombia","0","W00","World","H4","HS","true","TOTAL","All Commodities","0","false","C00","TOTAL CPC","0","0","TOTAL MOT","-1","N/A",,"false","-1","N/A",,"false",,"false",,"false","3547771",,"3547771","0","true","false",
"C","A","20150101","2015","52","2015","120","CMR","Cameroon","M","Import","174","COM","Comoros","0","W00","World","H4","HS","true","TOTAL","All Commodities","0","false","C00","TOTAL CPC","0","0","TOTAL MOT","-1","N/A",,"false","-1","N/A",,"false",,"false",,"false","1000",,"1000","0","true","false",
"C","A","20150101","2015","52","2015","120","CMR","Cameroon","M","Import","178","COG","Congo","0","W00","World","H4","HS","true","TOTAL","All Commodities","0","false","C00","TOTAL CPC","0","0","TOTAL MOT","-1","N/A",,"false","-1","N/A",,"false",,"false",,"false","18671421",,"18671421","0","true","false",
"C","A","20150101","2015","52","2015","120","CMR","Cameroon","M","Import","180","COD","Dem. Rep. of the Congo","0","W00","World","H4","HS","true","TOTAL","All Commodities","0","false","C00","TOTAL CPC","0","0","TOTAL MOT","-1","N/A",,"false","-1","N/A",,"false",,"false",,"false","33968",,"33968","0","true","false",
"C","A","20150101","2015","52","2015","120","CMR","Cameroon","M","Import","188","CRI","Costa Rica","0","W00","World","H4","HS","true","TOTAL","All Commodities","0","false","C00","TOTAL CPC","0","0","TOTAL MOT","-1","N/A",,"false","-1","N/A",,"false",,"false",,"false","8770009",,"8770009","0","true","false",
"C","A","20150101","2015","52","2015","120","CMR","Cameroon","M","Import","191","HRV","Croatia","0","W00","World","H4","HS","true","TOTAL","All Commodities","0","false","C00","TOTAL CPC","0","0","TOTAL MOT","-1","N/A",,"false","-1","N/A",,"false",,"false",,"false","9358181",,"9358181","0","true","false",
"C","A","20150101","2015","52","2015","120","CMR","Cameroon","M","Import","192","CUB","Cuba","0","W00","World","H4","HS","true","TOTAL","All Commodities","0","false","C00","TOTAL CPC","0","0","TOTAL MOT","-1","N/A",,"false","-1","N/A",,"false",,"false",,"false","1841",,"1841","0","true","false",
"C","A","20150101","2015","52","2015","120","CMR","Cameroon","M","Import","196","CYP","Cyprus","0","W00","World","H4","HS","true","TOTAL","All Commodities","0","false","C00","TOTAL CPC","0","0","TOTAL MOT","-1","N/A",,"false","-1","N/A",,"false",,"false",,"false","1136821",,"1136821","0","true","false",
"C","A","20150101","2015","52","2015","120","CMR","Cameroon","M","Import","203","CZE","Czechia","0","W00","World","H4","HS","true","TOTAL","All Commodities","0","false","C00","TOTAL CPC","0","0","TOTAL MOT","-1","N/A",,"false","-1","N/A",,"false",,"false",,"false","10509411",,"10509411","0","true","false",
"C","A","20150101","2015","52","2015","120","CMR","Cameroon","M","Import","204","BEN","Benin","0","W00","World","H4","HS","true","TOTAL","All Commodities","0","false","C00","TOTAL CPC","0","0","TOTAL MOT","-1","N/A",,"false","-1","N/A",,"false",,"false",,"false","1096877",,"1096877","0","true","false",
"C","A","20150101","2015","52","2015","120","CMR","Cameroon","M","Import","208","DNK","Denmark","0","W00","World","H4","HS","true","TOTAL","All Commodities","0","false","C00","TOTAL CPC","0","0","TOTAL MOT","-1","N/A",,"false","-1","N/A",,"false",,"false",,"false","9351976",,"9351976","0","true","false",
"C","A","20150101","2015","52","2015","120","CMR","Cameroon","M","Import","212","DMA","Dominica","0","W00","World","H4","HS","true","TOTAL","All Commodities","0","false","C00","TOTAL CPC","0","0","TOTAL MOT","-1","N/A",,"false","-1","N/A",,"false",,"false",,"false","2727",,"2727","0","true","false",
"C","A","20150101","2015","52","2015","120","CMR","Cameroon","M","Import","214","DOM","Dominican Rep.","0","W00","World","H4","HS","true","TOTAL","All Commodities","0","false","C00","TOTAL CPC","0","0","TOTAL MOT","-1","N/A",,"false","-1","N/A",,"false",,"false",,"false","1085",,"1085","0","true","false",
"C","A","20150101","2015","52","2015","120","CMR","Cameroon","M","Import","218","ECU","Ecuador","0","W00","World","H4","HS","true","TOTAL","All Commodities","0","false","C00","TOTAL CPC","0","0","TOTAL MOT","-1","N/A",,"false","-1","N/A",,"false",,"false",,"false","633675",,"633675","0","true","false",
"C","A","20150101","2015","52","2015","120","CMR","Cameroon","M","Import","222","SLV","El Salvador","0","W00","World","H4","HS","true","TOTAL","All Commodities","0","false","C00","TOTAL CPC","0","0","TOTAL MOT","-1","N/A",,"false","-1","N/A",,"false",,"false",,"false","85434",,"85434","0","true","false",
"C","A","20150101","2015","52","2015","120","CMR","Cameroon","M","Import","226","GNQ","Equatorial Guinea","0","W00","World","H4","HS","true","TOTAL","All Commodities","0","false","C00","TOTAL CPC","0","0","TOTAL MOT","-1","N/A",,"false","-1","N/A",,"false",,"false",,"false","74161066",,"74161066","0","true","false",
"C","A","20150101","2015","52","2015","120","CMR","Cameroon","M","Import","231","ETH","Ethiopia","0","W00","World","H4","HS","true","TOTAL","All Commodities","0","false","C00","TOTAL CPC","0","0","TOTAL MOT","-1","N/A",,"false","-1","N/A",,"false",,"false",,"false","20293",,"20293","0","true","false",
"C","A","20150101","2015","52","2015","120","CMR","Cameroon","M","Import","232","ERI","Eritrea","0","W00","World","H4","HS","true","TOTAL","All Commodities","0","false","C00","TOTAL CPC","0","0","TOTAL MOT","-1","N/A",,"false","-1","N/A",,"false",,"false",,"false","587",,"587","0","true","false",
"C","A","20150101","2015","52","2015","120","CMR","Cameroon","M","Import","233","EST","Estonia","0","W00","World","H4","HS","true","TOTAL","All Commodities","0","false","C00","TOTAL CPC","0","0","TOTAL MOT","-1","N/A",,"false","-1","N/A",,"false",,"false",,"false","6077445",,"6077445","0","true","false",
"C","A","20150101","2015","52","2015","120","CMR","Cameroon","M","Import","234","FRO","Faroe Isds","0","W00","World","H4","HS","true","TOTAL","All Commodities","0","false","C00","TOTAL CPC","0","0","TOTAL MOT","-1","N/A",,"false","-1","N/A",,"false",,"false",,"false","66648",,"66648","0","true","false",
"C","A","20150101","2015","52","2015","120","CMR","Cameroon","M","Import","246","FIN","Finland","0","W00","World","H4","HS","true","TOTAL","All Commodities","0","false","C00","TOTAL CPC","0","0","TOTAL MOT","-1","N/A",,"false","-1","N/A",,"false",,"false",,"false","13895465",,"13895465","0","true","false",
"C","A","20150101","2015","52","2015","120","CMR","Cameroon","M","Import","251","FRA","France","0","W00","World","H4","HS","true","TOTAL","All Commodities","0","false","C00","TOTAL CPC","0","0","TOTAL MOT","-1","N/A",,"false","-1","N/A",,"false",,"false",,"false","619771328",,"619771328","0","true","false",
"C","A","20150101","2015","52","2015","120","CMR","Cameroon","M","Import","258","PYF","French Polynesia","0","W00","World","H4","HS","true","TOTAL","All Commodities","0","false","C00","TOTAL CPC","0","0","TOTAL MOT","-1","N/A",,"false","-1","N/A",,"false",,"false",,"false","44",,"44","0","true","false",
"C","A","20150101","2015","52","2015","120","CMR","Cameroon","M","Import","266","GAB","Gabon","0","W00","World","H4","HS","true","TOTAL","All Commodities","0","false","C00","TOTAL CPC","0","0","TOTAL MOT","-1","N/A",,"false","-1","N/A",,"false",,"false",,"false","1055584",,"1055584","0","true","false",
"C","A","20150101","2015","52","2015","120","CMR","Cameroon","M","Import","268","GEO","Georgia","0","W00","World","H4","HS","true","TOTAL","All Commodities","0","false","C00","TOTAL CPC","0","0","TOTAL MOT","-1","N/A",,"false","-1","N/A",,"false",,"false",,"false","993228",,"993228","0","true","false",
"C","A","20150101","2015","52","2015","120","CMR","Cameroon","M","Import","270","GMB","Gambia","0","W00","World","H4","HS","true","TOTAL","All Commodities","0","false","C00","TOTAL CPC","0","0","TOTAL MOT","-1","N/A",,"false","-1","N/A",,"false",,"false",,"false","31806",,"31806","0","true","false",
"C","A","20150101","2015","52","2015","120","CMR","Cameroon","M","Import","276","DEU","Germany","0","W00","World","H4","HS","true","TOTAL","All Commodities","0","false","C00","TOTAL CPC","0","0","TOTAL MOT","-1","N/A",,"false","-1","N/A",,"false",,"false",,"false","216858427",,"216858427","0","true","false",
"C","A","20150101","2015","52","2015","120","CMR","Cameroon","M","Import","288","GHA","Ghana","0","W00","World","H4","HS","true","TOTAL","All Commodities","0","false","C00","TOTAL CPC","0","0","TOTAL MOT","-1","N/A",,"false","-1","N/A",,"false",,"false",,"false","3857133",,"3857133","0","true","false",
"C","A","20150101","2015","52","2015","120","CMR","Cameroon","M","Import","292","GIB","Gibraltar","0","W00","World","H4","HS","true","TOTAL","All Commodities","0","false","C00","TOTAL CPC","0","0","TOTAL MOT","-1","N/A",,"false","-1","N/A",,"false",,"false",,"false","593",,"593","0","true","false",
"C","A","20150101","2015","52","2015","120","CMR","Cameroon","M","Import","300","GRC","Greece","0","W00","World","H4","HS","true","TOTAL","All Commodities","0","false","C00","TOTAL CPC","0","0","TOTAL MOT","-1","N/A",,"false","-1","N/A",,"false",,"false",,"false","37111736",,"37111736","0","true","false",
"C","A","20150101","2015","52","2015","120","CMR","Cameroon","M","Import","316","GUM","Guam","0","W00","World","H4","HS","true","TOTAL","All Commodities","0","false","C00","TOTAL CPC","0","0","TOTAL MOT","-1","N/A",,"false","-1","N/A",,"false",,"false",,"false","86",,"86","0","true","false",
"C","A","20150101","2015","52","2015","120","CMR","Cameroon","M","Import","320","GTM","Guatemala","0","W00","World","H4","HS","true","TOTAL","All Commodities","0","false","C00","TOTAL CPC","0","0","TOTAL MOT","-1","N/A",,"false","-1","N/A",,"false",,"false",,"false","5304556",,"5304556","0","true","false",
"C","A","20150101","2015","52","2015","120","CMR","Cameroon","M","Import","332","HTI","Haiti","0","W00","World","H4","HS","true","TOTAL","All Commodities","0","false","C00","TOTAL CPC","0","0","TOTAL MOT","-1","N/A",,"false","-1","N/A",,"false",,"false",,"false","102028",,"102028","0","true","false",
"C","A","20150101","2015","52","2015","120","CMR","Cameroon","M","Import","340","HND","Honduras","0","W00","World","H4","HS","true","TOTAL","All Commodities","0","false","C00","TOTAL CPC","0","0","TOTAL MOT","-1","N/A",,"false","-1","N/A",,"false",,"false",,"false","42601",,"42601","0","true","false",
"C","A","20150101","2015","52","2015","120","CMR","Cameroon","M","Import","344","HKG","China, Hong Kong SAR","0","W00","World","H4","HS","true","TOTAL","All Commodities","0","false","C00","TOTAL CPC","0","0","TOTAL MOT","-1","N/A",,"false","-1","N/A",,"false",,"false",,"false","15062646",,"15062646","0","true","false",
"C","A","20150101","2015","52","2015","120","CMR","Cameroon","M","Import","348","HUN","Hungary","0","W00","World","H4","HS","true","TOTAL","All Commodities","0","false","C00","TOTAL CPC","0","0","TOTAL MOT","-1","N/A",,"false","-1","N/A",,"false",,"false",,"false","20449226",,"20449226","0","true","false",
"C","A","20150101","2015","52","2015","120","CMR","Cameroon","M","Import","352","ISL","Iceland","0","W00","World","H4","HS","true","TOTAL","All Commodities","0","false","C00","TOTAL CPC","0","0","TOTAL MOT","-1","N/A",,"false","-1","N/A",,"false",,"false",,"false","63313",,"63313","0","true","false",
"C","A","20150101","2015","52","2015","120","CMR","Cameroon","M","Import","360","IDN","Indonesia","0","W00","World","H4","HS","true","TOTAL","All Commodities","0","false","C00","TOTAL CPC","0","0","TOTAL MOT","-1","N/A",,"false","-1","N/A",,"false",,"false",,"false","28259726",,"28259726","0","true","false",
"C","A","20150101","2015","52","2015","120","CMR","Cameroon","M","Import","364","IRN","Iran","0","W00","World","H4","HS","true","TOTAL","All Commodities","0","false","C00","TOTAL CPC","0","0","TOTAL MOT","-1","N/A",,"false","-1","N/A",,"false",,"false",,"false","1429473",,"1429473","0","true","false",
"C","A","20150101","2015","52","2015","120","CMR","Cameroon","M","Import","372","IRL","Ireland","0","W00","World","H4","HS","true","TOTAL","All Commodities","0","false","C00","TOTAL CPC","0","0","TOTAL MOT","-1","N/A",,"false","-1","N/A",,"false",,"false",,"false","53025659",,"53025659","0","true","false",
"C","A","20150101","2015","52","2015","120","CMR","Cameroon","M","Import","376","ISR","Israel","0","W00","World","H4","HS","true","TOTAL","All Commodities","0","false","C00","TOTAL CPC","0","0","TOTAL MOT","-1","N/A",,"false","-1","N/A",,"false",,"false",,"false","2849138",,"2849138","0","true","false",
"C","A","20150101","2015","52","2015","120","CMR","Cameroon","M","Import","380","ITA","Italy","0","W00","World","H4","HS","true","TOTAL","All Commodities","0","false","C00","TOTAL CPC","0","0","TOTAL MOT","-1","N/A",,"false","-1","N/A",,"false",,"false",,"false","126264929",,"126264929","0","true","false",
"C","A","20150101","2015","52","2015","120","CMR","Cameroon","M","Import","384","CIV","Côte d'Ivoire","0","W00","World","H4","HS","true","TOTAL","All Commodities","0","false","C00","TOTAL CPC","0","0","TOTAL MOT","-1","N/A",,"false","-1","N/A",,"false",,"false",,"false","79590442",,"79590442","0","true","false",
"C","A","20150101","2015","52","2015","120","CMR","Cameroon","M","Import","388","JAM","Jamaica","0","W00","World","H4","HS","true","TOTAL","All Commodities","0","false","C00","TOTAL CPC","0","0","TOTAL MOT","-1","N/A",,"false","-1","N/A",,"false",,"false",,"false","278",,"278","0","true","false",
"C","A","20150101","2015","52","2015","120","CMR","Cameroon","M","Import","392","JPN","Japan","0","W00","World","H4","HS","true","TOTAL","All Commodities","0","false","C00","TOTAL CPC","0","0","TOTAL MOT","-1","N/A",,"false","-1","N/A",,"false",,"false",,"false","155688306",,"155688306","0","true","false",
"C","A","20150101","2015","52","2015","120","CMR","Cameroon","M","Import","400","JOR","Jordan","0","W00","World","H4","HS","true","TOTAL","All Commodities","0","false","C00","TOTAL CPC","0","0","TOTAL MOT","-1","N/A",,"false","-1","N/A",,"false",,"false",,"false","1332183",,"1332183","0","true","false",
"C","A","20150101","2015","52","2015","120","CMR","Cameroon","M","Import","404","KEN","Kenya","0","W00","World","H4","HS","true","TOTAL","All Commodities","0","false","C00","TOTAL CPC","0","0","TOTAL MOT","-1","N/A",,"false","-1","N/A",,"false",,"false",,"false","782995",,"782995","0","true","false",
"C","A","20150101","2015","52","2015","120","CMR","Cameroon","M","Import","408","PRK","Dem. People's Rep. of Korea","0","W00","World","H4","HS","true","TOTAL","All Commodities","0","false","C00","TOTAL CPC","0","0","TOTAL MOT","-1","N/A",,"false","-1","N/A",,"false",,"false",,"false","212789",,"212789","0","true","false",
"C","A","20150101","2015","52","2015","120","CMR","Cameroon","M","Import","410","KOR","Rep. of Korea","0","W00","World","H4","HS","true","TOTAL","All Commodities","0","false","C00","TOTAL CPC","0","0","TOTAL MOT","-1","N/A",,"false","-1","N/A",,"false",,"false",,"false","55222982",,"55222982","0","true","false",
"C","A","20150101","2015","52","2015","120","CMR","Cameroon","M","Import","414","KWT","Kuwait","0","W00","World","H4","HS","true","TOTAL","All Commodities","0","false","C00","TOTAL CPC","0","0","TOTAL MOT","-1","N/A",,"false","-1","N/A",,"false",,"false",,"false","357636",,"357636","0","true","false",
"C","A","20150101","2015","52","2015","120","CMR","Cameroon","M","Import","418","LAO","Lao People's Dem. Rep.","0","W00","World","H4","HS","true","TOTAL","All Commodities","0","false","C00","TOTAL CPC","0","0","TOTAL MOT","-1","N/A",,"false","-1","N/A",,"false",,"false",,"false","208",,"208","0","true","false",
"C","A","20150101","2015","52","2015","120","CMR","Cameroon","M","Import","422","LBN","Lebanon","0","W00","World","H4","HS","true","TOTAL","All Commodities","0","false","C00","TOTAL CPC","0","0","TOTAL MOT","-1","N/A",,"false","-1","N/A",,"false",,"false",,"false","5070361",,"5070361","0","true","false",
"C","A","20150101","2015","52","2015","120","CMR","Cameroon","M","Import","426","LSO","Lesotho","0","W00","World","H4","HS","true","TOTAL","All Commodities","0","false","C00","TOTAL CPC","0","0","TOTAL MOT","-1","N/A",,"false","-1","N/A",,"false",,"false",,"false","4179",,"4179","0","true","false",
"C","A","20150101","2015","52","2015","120","CMR","Cameroon","M","Import","428","LVA","Latvia","0","W00","World","H4","HS","true","TOTAL","All Commodities","0","false","C00","TOTAL CPC","0","0","TOTAL MOT","-1","N/A",,"false","-1","N/A",,"false",,"false",,"false","779966",,"779966","0","true","false",
"C","A","20150101","2015","52","2015","120","CMR","Cameroon","M","Import","434","LBY","Libya","0","W00","World","H4","HS","true","TOTAL","All Commodities","0","false","C00","TOTAL CPC","0","0","TOTAL MOT","-1","N/A",,"false","-1","N/A",,"false",,"false",,"false","3787392",,"3787392","0","true","false",
"C","A","20150101","2015","52","2015","120","CMR","Cameroon","M","Import","440","LTU","Lithuania","0","W00","World","H4","HS","true","TOTAL","All Commodities","0","false","C00","TOTAL CPC","0","0","TOTAL MOT","-1","N/A",,"false","-1","N/A",,"false",,"false",,"false","653787",,"653787","0","true","false",
"C","A","20150101","2015","52","2015","120","CMR","Cameroon","M","Import","442","LUX","Luxembourg","0","W00","World","H4","HS","true","TOTAL","All Commodities","0","false","C00","TOTAL CPC","0","0","TOTAL MOT","-1","N/A",,"false","-1","N/A",,"false",,"false",,"false","10478135",,"10478135","0","true","false",
"C","A","20150101","2015","52","2015","120","CMR","Cameroon","M","Import","446","MAC","China, Macao SAR","0","W00","World","H4","HS","true","TOTAL","All Commodities","0","false","C00","TOTAL CPC","0","0","TOTAL MOT","-1","N/A",,"false","-1","N/A",,"false",,"false",,"false","645",,"645","0","true","false",
"C","A","20150101","2015","52","2015","120","CMR","Cameroon","M","Import","450","MDG","Madagascar","0","W00","World","H4","HS","true","TOTAL","All Commodities","0","false","C00","TOTAL CPC","0","0","TOTAL MOT","-1","N/A",,"false","-1","N/A",,"false",,"false",,"false","17901",,"17901","0","true","false",
"C","A","20150101","2015","52","2015","120","CMR","Cameroon","M","Import","454","MWI","Malawi","0","W00","World","H4","HS","true","TOTAL","All Commodities","0","false","C00","TOTAL CPC","0","0","TOTAL MOT","-1","N/A",,"false","-1","N/A",,"false",,"false",,"false","7451",,"7451","0","true","false",
"C","A","20150101","2015","52","2015","120","CMR","Cameroon","M","Import","458","MYS","Malaysia","0","W00","World","H4","HS","true","TOTAL","All Commodities","0","false","C00","TOTAL CPC","0","0","TOTAL MOT","-1","N/A",,"false","-1","N/A",,"false",,"false",,"false","31819992",,"31819992","0","true","false",
"C","A","20150101","2015","52","2015","120","CMR","Cameroon","M","Import","466","MLI","Mali","0","W00","World","H4","HS","true","TOTAL","All Commodities","0","false","C00","TOTAL CPC","0","0","TOTAL MOT","-1","N/A",,"false","-1","N/A",,"false",,"false",,"false","5035",,"5035","0","true","false",
"C","A","20150101","2015","52","2015","120","CMR","Cameroon","M","Import","470","MLT","Malta","0","W00","World","H4","HS","true","TOTAL","All Commodities","0","false","C00","TOTAL CPC","0","0","TOTAL MOT","-1","N/A",,"false","-1","N/A",,"false",,"false",,"false","1489119",,"1489119","0","true","false",
"C","A","20150101","2015","52","2015","120","CMR","Cameroon","M","Import","478","MRT","Mauritania","0","W00","World","H4","HS","true","TOTAL","All Commodities","0","false","C00","TOTAL CPC","0","0","TOTAL MOT","-1","N/A",,"false","-1","N/A",,"false",,"false",,"false","78428848",,"78428848","0","true","false",
"C","A","20150101","2015","52","2015","120","CMR","Cameroon","M","Import","480","MUS","Mauritius","0","W00","World","H4","HS","true","TOTAL","All Commodities","0","false","C00","TOTAL CPC","0","0","TOTAL MOT","-1","N/A",,"false","-1","N/A",,"false",,"false",,"false","1455104",,"1455104","0","true","false",
"C","A","20150101","2015","52","2015","120","CMR","Cameroon","M","Import","484","MEX","Mexico","0","W00","World","H4","HS","true","TOTAL","All Commodities","0","false","C00","TOTAL CPC","0","0","TOTAL MOT","-1","N/A",,"false","-1","N/A",,"false",,"false",,"false","6190945",,"6190945","0","true","false",
"C","A","20150101","2015","52","2015","120","CMR","Cameroon","M","Import","490","S19","Other Asia, nes","0","W00","World","H4","HS","true","TOTAL","All Commodities","0","false","C00","TOTAL CPC","0","0","TOTAL MOT","-1","N/A",,"false","-1","N/A",,"false",,"false",,"false","14994050",,"14994050","0","true","false",
"C","A","20150101","2015","52","2015","120","CMR","Cameroon","M","Import","496","MNG","Mongolia","0","W00","World","H4","HS","true","TOTAL","All Commodities","0","false","C00","TOTAL CPC","0","0","TOTAL MOT","-1","N/A",,"false","-1","N/A",,"false",,"false",,"false","1174",,"1174","0","true","false",
"C","A","20150101","2015","52","2015","120","CMR","Cameroon","M","Import","504","MAR","Morocco","0","W00","World","H4","HS","true","TOTAL","All Commodities","0","false","C00","TOTAL CPC","0","0","TOTAL MOT","-1","N/A",,"false","-1","N/A",,"false",,"false",,"false","87536553",,"87536553","0","true","false",
"C","A","20150101","2015","52","2015","120","CMR","Cameroon","M","Import","508","MOZ","Mozambique","0","W00","World","H4","HS","true","TOTAL","All Commodities","0","false","C00","TOTAL CPC","0","0","TOTAL MOT","-1","N/A",,"false","-1","N/A",,"false",,"false",,"false","797106",,"797106","0","true","false",
"C","A","20150101","2015","52","2015","120","CMR","Cameroon","M","Import","512","OMN","Oman","0","W00","World","H4","HS","true","TOTAL","All Commodities","0","false","C00","TOTAL CPC","0","0","TOTAL MOT","-1","N/A",,"false","-1","N/A",,"false",,"false",,"false","1883916",,"1883916","0","true","false",
"C","A","20150101","2015","52","2015","120","CMR","Cameroon","M","Import","516","NAM","Namibia","0","W00","World","H4","HS","true","TOTAL","All Commodities","0","false","C00","TOTAL CPC","0","0","TOTAL MOT","-1","N/A",,"false","-1","N/A",,"false",,"false",,"false","10394595",,"10394595","0","true","false",
"C","A","20150101","2015","52","2015","120","CMR","Cameroon","M","Import","528","NLD","Netherlands","0","W00","World","H4","HS","true","TOTAL","All Commodities","0","false","C00","TOTAL CPC","0","0","TOTAL MOT","-1","N/A",,"false","-1","N/A",,"false",,"false",,"false","102176978",,"102176978","0","true","false",
"C","A","20150101","2015","52","2015","120","CMR","Cameroon","M","Import","531","CUW","Curaçao","0","W00","World","H4","HS","true","TOTAL","All Commodities","0","false","C00","TOTAL CPC","0","0","TOTAL MOT","-1","N/A",,"false","-1","N/A",,"false",,"false",,"false","108447",,"108447","0","true","false",
"C","A","20150101","2015","52","2015","120","CMR","Cameroon","M","Import","540","NCL","New Caledonia","0","W00","World","H4","HS","true","TOTAL","All Commodities","0","false","C00","TOTAL CPC","0","0","TOTAL MOT","-1","N/A",,"false","-1","N/A",,"false",,"false",,"false","37250",,"37250","0","true","false",
"C","A","20150101","2015","52","2015","120","CMR","Cameroon","M","Import","554","NZL","New Zealand","0","W00","World","H4","HS","true","TOTAL","All Commodities","0","false","C00","TOTAL CPC","0","0","TOTAL MOT","-1","N/A",,"false","-1","N/A",,"false",,"false",,"false","28432471",,"28432471","0","true","false",
"C","A","20150101","2015","52","2015","120","CMR","Cameroon","M","Import","558","NIC","Nicaragua","0","W00","World","H4","HS","true","TOTAL","All Commodities","0","false","C00","TOTAL CPC","0","0","TOTAL MOT","-1","N/A",,"false","-1","N/A",,"false",,"false",,"false","15407",,"15407","0","true","false",
"C","A","20150101","2015","52","2015","120","CMR","Cameroon","M","Import","562","NER","Niger","0","W00","World","H4","HS","true","TOTAL","All Commodities","0","false","C00","TOTAL CPC","0","0","TOTAL MOT","-1","N/A",,"false","-1","N/A",,"false",,"false",,"false","391",,"391","0","true","false",
"C","A","20150101","2015","52","2015","120","CMR","Cameroon","M","Import","566","NGA","Nigeria","0","W00","World","H4","HS","true","TOTAL","All Commodities","0","false","C00","TOTAL CPC","0","0","TOTAL MOT","-1","N/A",,"false","-1","N/A",,"false",,"false",,"false","731736125",,"731736125","0","true","false",
"C","A","20150101","2015","52","2015","120","CMR","Cameroon","M","Import","574","NFK","Norfolk Isds","0","W00","World","H4","HS","true","TOTAL","All Commodities","0","false","C00","TOTAL CPC","0","0","TOTAL MOT","-1","N/A",,"false","-1","N/A",,"false",,"false",,"false","973724",,"973724","0","true","false",
"C","A","20150101","2015","52","2015","120","CMR","Cameroon","M","Import","579","NOR","Norway","0","W00","World","H4","HS","true","TOTAL","All Commodities","0","false","C00","TOTAL CPC","0","0","TOTAL MOT","-1","N/A",,"false","-1","N/A",,"false",,"false",,"false","12794843",,"12794843","0","true","false",
"C","A","20150101","2015","52","2015","120","CMR","Cameroon","M","Import","581","UMI","United States Minor Outlying Islands","0","W00","World","H4","HS","true","TOTAL","All Commodities","0","false","C00","TOTAL CPC","0","0","TOTAL MOT","-1","N/A",,"false","-1","N/A",,"false",,"false",,"false","964700",,"964700","0","true","false",
"C","A","20150101","2015","52","2015","120","CMR","Cameroon","M","Import","586","PAK","Pakistan","0","W00","World","H4","HS","true","TOTAL","All Commodities","0","false","C00","TOTAL CPC","0","0","TOTAL MOT","-1","N/A",,"false","-1","N/A",,"false",,"false",,"false","18877923",,"18877923","0","true","false",
"C","A","20150101","2015","52","2015","120","CMR","Cameroon","M","Import","591","PAN","Panama","0","W00","World","H4","HS","true","TOTAL","All Commodities","0","false","C00","TOTAL CPC","0","0","TOTAL MOT","-1","N/A",,"false","-1","N/A",,"false",,"false",,"false","61374",,"61374","0","true","false",
"C","A","20150101","2015","52","2015","120","CMR","Cameroon","M","Import","598","PNG","Papua New Guinea","0","W00","World","H4","HS","true","TOTAL","All Commodities","0","false","C00","TOTAL CPC","0","0","TOTAL MOT","-1","N/A",,"false","-1","N/A",,"false",,"false",,"false","479",,"479","0","true","false",
"C","A","20150101","2015","52","2015","120","CMR","Cameroon","M","Import","604","PER","Peru","0","W00","World","H4","HS","true","TOTAL","All Commodities","0","false","C00","TOTAL CPC","0","0","TOTAL MOT","-1","N/A",,"false","-1","N/A",,"false",,"false",,"false","152631",,"152631","0","true","false",
"C","A","20150101","2015","52","2015","120","CMR","Cameroon","M","Import","608","PHL","Philippines","0","W00","World","H4","HS","true","TOTAL","All Commodities","0","false","C00","TOTAL CPC","0","0","TOTAL MOT","-1","N/A",,"false","-1","N/A",,"false",,"false",,"false","4547137",,"4547137","0","true","false",
"C","A","20150101","2015","52","2015","120","CMR","Cameroon","M","Import","616","POL","Poland","0","W00","World","H4","HS","true","TOTAL","All Commodities","0","false","C00","TOTAL CPC","0","0","TOTAL MOT","-1","N/A",,"false","-1","N/A",,"false",,"false",,"false","21337010",,"21337010","0","true","false",
"C","A","20150101","2015","52","2015","120","CMR","Cameroon","M","Import","620","PRT","Portugal","0","W00","World","H4","HS","true","TOTAL","All Commodities","0","false","C00","TOTAL CPC","0","0","TOTAL MOT","-1","N/A",,"false","-1","N/A",,"false",,"false",,"false","26872219",,"26872219","0","true","false",
"C","A","20150101","2015","52","2015","120","CMR","Cameroon","M","Import","624","GNB","Guinea-Bissau","0","W00","World","H4","HS","true","TOTAL","All Commodities","0","false","C00","TOTAL CPC","0","0","TOTAL MOT","-1","N/A",,"false","-1","N/A",,"false",,"false",,"false","1635546",,"1635546","0","true","false",
"C","A","20150101","2015","52","2015","120","CMR","Cameroon","M","Import","626","TLS","Timor-Leste","0","W00","World","H4","HS","true","TOTAL","All Commodities","0","false","C00","TOTAL CPC","0","0","TOTAL MOT","-1","N/A",,"false","-1","N/A",,"false",,"false",,"false","422",,"422","0","true","false",
"C","A","20150101","2015","52","2015","120","CMR","Cameroon","M","Import","634","QAT","Qatar","0","W00","World","H4","HS","true","TOTAL","All Commodities","0","false","C00","TOTAL CPC","0","0","TOTAL MOT","-1","N/A",,"false","-1","N/A",,"false",,"false",,"false","4540177",,"4540177","0","true","false",
"C","A","20150101","2015","52","2015","120","CMR","Cameroon","M","Import","642","ROU","Romania","0","W00","World","H4","HS","true","TOTAL","All Commodities","0","false","C00","TOTAL CPC","0","0","TOTAL MOT","-1","N/A",,"false","-1","N/A",,"false",,"false",,"false","8472627",,"8472627","0","true","false",
"C","A","20150101","2015","52","2015","120","CMR","Cameroon","M","Import","643","RUS","Russian Federation","0","W00","World","H4","HS","true","TOTAL","All Commodities","0","false","C00","TOTAL CPC","0","0","TOTAL MOT","-1","N/A",,"false","-1","N/A",,"false",,"false",,"false","34429721",,"34429721","0","true","false",
"C","A","20150101","2015","52","2015","120","CMR","Cameroon","M","Import","646","RWA","Rwanda","0","W00","World","H4","HS","true","TOTAL","All Commodities","0","false","C00","TOTAL CPC","0","0","TOTAL MOT","-1","N/A",,"false","-1","N/A",,"false",,"false",,"false","5484",,"5484","0","true","false",
"C","A","20150101","2015","52","2015","120","CMR","Cameroon","M","Import","652","BLM","Saint Barthélemy","0","W00","World","H4","HS","true","TOTAL","All Commodities","0","false","C00","TOTAL CPC","0","0","TOTAL MOT","-1","N/A",,"false","-1","N/A",,"false",,"false",,"false","12148694",,"12148694","0","true","false",
"C","A","20150101","2015","52","2015","120","CMR","Cameroon","M","Import","654","SHN","Saint Helena","0","W00","World","H4","HS","true","TOTAL","All Commodities","0","false","C00","TOTAL CPC","0","0","TOTAL MOT","-1","N/A",,"false","-1","N/A",,"false",,"false",,"false","3125",,"3125","0","true","false",
"C","A","20150101","2015","52","2015","120","CMR","Cameroon","M","Import","678","STP","Sao Tome and Principe","0","W00","World","H4","HS","true","TOTAL","All Commodities","0","false","C00","TOTAL CPC","0","0","TOTAL MOT","-1","N/A",,"false","-1","N/A",,"false",,"false",,"false","659",,"659","0","true","false",
"C","A","20150101","2015","52","2015","120","CMR","Cameroon","M","Import","682","SAU","Saudi Arabia","0","W00","World","H4","HS","true","TOTAL","All Commodities","0","false","C00","TOTAL CPC","0","0","TOTAL MOT","-1","N/A",,"false","-1","N/A",,"false",,"false",,"false","11106527",,"11106527","0","true","false",
"C","A","20150101","2015","52","2015","120","CMR","Cameroon","M","Import","686","SEN","Senegal","0","W00","World","H4","HS","true","TOTAL","All Commodities","0","false","C00","TOTAL CPC","0","0","TOTAL MOT","-1","N/A",,"false","-1","N/A",,"false",,"false",,"false","44490248",,"44490248","0","true","false",
"C","A","20150101","2015","52","2015","120","CMR","Cameroon","M","Import","688","SRB","Serbia","0","W00","World","H4","HS","true","TOTAL","All Commodities","0","false","C00","TOTAL CPC","0","0","TOTAL MOT","-1","N/A",,"false","-1","N/A",,"false",,"false",,"false","383356",,"383356","0","true","false",
"C","A","20150101","2015","52","2015","120","CMR","Cameroon","M","Import","690","SYC","Seychelles","0","W00","World","H4","HS","true","TOTAL","All Commodities","0","false","C00","TOTAL CPC","0","0","TOTAL MOT","-1","N/A",,"false","-1","N/A",,"false",,"false",,"false","21456",,"21456","0","true","false",
"C","A","20150101","2015","52","2015","120","CMR","Cameroon","M","Import","694","SLE","Sierra Leone","0","W00","World","H4","HS","true","TOTAL","All Commodities","0","false","C00","TOTAL CPC","0","0","TOTAL MOT","-1","N/A",,"false","-1","N/A",,"false",,"false",,"false","29014",,"29014","0","true","false",
"C","A","20150101","2015","52","2015","120","CMR","Cameroon","M","Import","699","IND","India","0","W00","World","H4","HS","true","TOTAL","All Commodities","0","false","C00","TOTAL CPC","0","0","TOTAL MOT","-1","N/A",,"false","-1","N/A",,"false",,"false",,"false","217884157",,"217884157","0","true","false",
"C","A","20150101","2015","52","2015","120","CMR","Cameroon","M","Import","702","SGP","Singapore","0","W00","World","H4","HS","true","TOTAL","All Commodities","0","false","C00","TOTAL CPC","0","0","TOTAL MOT","-1","N/A",,"false","-1","N/A",,"false",,"false",,"false","14633116",,"14633116","0","true","false",
"C","A","20150101","2015","52","2015","120","CMR","Cameroon","M","Import","703","SVK","Slovakia","0","W00","World","H4","HS","true","TOTAL","All Commodities","0","false","C00","TOTAL CPC","0","0","TOTAL MOT","-1","N/A",,"false","-1","N/A",,"false",,"false",,"false","1206413",,"1206413","0","true","false",
"C","A","20150101","2015","52","2015","120","CMR","Cameroon","M","Import","704","VNM","Viet Nam","0","W00","World","H4","HS","true","TOTAL","All Commodities","0","false","C00","TOTAL CPC","0","0","TOTAL MOT","-1","N/A",,"false","-1","N/A",,"false",,"false",,"false","38151903",,"38151903","0","true","false",
"C","A","20150101","2015","52","2015","120","CMR","Cameroon","M","Import","705","SVN","Slovenia","0","W00","World","H4","HS","true","TOTAL","All Commodities","0","false","C00","TOTAL CPC","0","0","TOTAL MOT","-1","N/A",,"false","-1","N/A",,"false",,"false",,"false","1252679",,"1252679","0","true","false",
"C","A","20150101","2015","52","2015","120","CMR","Cameroon","M","Import","706","SOM","Somalia","0","W00","World","H4","HS","true","TOTAL","All Commodities","0","false","C00","TOTAL CPC","0","0","TOTAL MOT","-1","N/A",,"false","-1","N/A",,"false",,"false",,"false","503",,"503","0","true","false",
"C","A","20150101","2015","52","2015","120","CMR","Cameroon","M","Import","710","ZAF","South Africa","0","W00","World","H4","HS","true","TOTAL","All Commodities","0","false","C00","TOTAL CPC","0","0","TOTAL MOT","-1","N/A",,"false","-1","N/A",,"false",,"false",,"false","103657174",,"103657174","0","true","false",
"C","A","20150101","2015","52","2015","120","CMR","Cameroon","M","Import","716","ZWE","Zimbabwe","0","W00","World","H4","HS","true","TOTAL","All Commodities","0","false","C00","TOTAL CPC","0","0","TOTAL MOT","-1","N/A",,"false","-1","N/A",,"false",,"false",,"false","55",,"55","0","true","false",
"C","A","20150101","2015","52","2015","120","CMR","Cameroon","M","Import","724","ESP","Spain","0","W00","World","H4","HS","true","TOTAL","All Commodities","0","false","C00","TOTAL CPC","0","0","TOTAL MOT","-1","N/A",,"false","-1","N/A",,"false",,"false",,"false","147217557",,"147217557","0","true","false",
"C","A","20150101","2015","52","2015","120","CMR","Cameroon","M","Import","729","SDN","Sudan","0","W00","World","H4","HS","true","TOTAL","All Commodities","0","false","C00","TOTAL CPC","0","0","TOTAL MOT","-1","N/A",,"false","-1","N/A",,"false",,"false",,"false","78",,"78","0","true","false",
"C","A","20150101","2015","52","2015","120","CMR","Cameroon","M","Import","740","SUR","Suriname","0","W00","World","H4","HS","true","TOTAL","All Commodities","0","false","C00","TOTAL CPC","0","0","TOTAL MOT","-1","N/A",,"false","-1","N/A",,"false",,"false",,"false","2308",,"2308","0","true","false",
"C","A","20150101","2015","52","2015","120","CMR","Cameroon","M","Import","748","SWZ","Eswatini","0","W00","World","H4","HS","true","TOTAL","All Commodities","0","false","C00","TOTAL CPC","0","0","TOTAL MOT","-1","N/A",,"false","-1","N/A",,"false",,"false",,"false","80676",,"80676","0","true","false",
"C","A","20150101","2015","52","2015","120","CMR","Cameroon","M","Import","752","SWE","Sweden","0","W00","World","H4","HS","true","TOTAL","All Commodities","0","false","C00","TOTAL CPC","0","0","TOTAL MOT","-1","N/A",,"false","-1","N/A",,"false",,"false",,"false","31146848",,"31146848","0","true","false",
"C","A","20150101","2015","52","2015","120","CMR","Cameroon","M","Import","757","CHE","Switzerland","0","W00","World","H4","HS","true","TOTAL","All Commodities","0","false","C00","TOTAL CPC","0","0","TOTAL MOT","-1","N/A",,"false","-1","N/A",,"false",,"false",,"false","16463174",,"16463174","0","true","false",
"C","A","20150101","2015","52","2015","120","CMR","Cameroon","M","Import","760","SYR","Syria","0","W00","World","H4","HS","true","TOTAL","All Commodities","0","false","C00","TOTAL CPC","0","0","TOTAL MOT","-1","N/A",,"false","-1","N/A",,"false",,"false",,"false","50833",,"50833","0","true","false",
"C","A","20150101","2015","52","2015","120","CMR","Cameroon","M","Import","762","TJK","Tajikistan","0","W00","World","H4","HS","true","TOTAL","All Commodities","0","false","C00","TOTAL CPC","0","0","TOTAL MOT","-1","N/A",,"false","-1","N/A",,"false",,"false",,"false","229",,"229","0","true","false",
"C","A","20150101","2015","52","2015","120","CMR","Cameroon","M","Import","764","THA","Thailand","0","W00","World","H4","HS","true","TOTAL","All Commodities","0","false","C00","TOTAL CPC","0","0","TOTAL MOT","-1","N/A",,"false","-1","N/A",,"false",,"false",,"false","244463976",,"244463976","0","true","false",
"C","A","20150101","2015","52","2015","120","CMR","Cameroon","M","Import","768","TGO","Togo","0","W00","World","H4","HS","true","TOTAL","All Commodities","0","false","C00","TOTAL CPC","0","0","TOTAL MOT","-1","N/A",,"false","-1","N/A",,"false",,"false",,"false","234637737",,"234637737","0","true","false",
"C","A","20150101","2015","52","2015","120","CMR","Cameroon","M","Import","772","TKL","Tokelau","0","W00","World","H4","HS","true","TOTAL","All Commodities","0","false","C00","TOTAL CPC","0","0","TOTAL MOT","-1","N/A",,"false","-1","N/A",,"false",,"false",,"false","15999",,"15999","0","true","false",
"C","A","20150101","2015","52","2015","120","CMR","Cameroon","M","Import","780","TTO","Trinidad and Tobago","0","W00","World","H4","HS","true","TOTAL","All Commodities","0","false","C00","TOTAL CPC","0","0","TOTAL MOT","-1","N/A",,"false","-1","N/A",,"false",,"false",,"false","10627",,"10627","0","true","false",
"C","A","20150101","2015","52","2015","120","CMR","Cameroon","M","Import","784","ARE","United Arab Emirates","0","W00","World","H4","HS","true","TOTAL","All Commodities","0","false","C00","TOTAL CPC","0","0","TOTAL MOT","-1","N/A",,"false","-1","N/A",,"false",,"false",,"false","63728778",,"63728778","0","true","false",
"C","A","20150101","2015","52","2015","120","CMR","Cameroon","M","Import","788","TUN","Tunisia","0","W00","World","H4","HS","true","TOTAL","All Commodities","0","false","C00","TOTAL CPC","0","0","TOTAL MOT","-1","N/A",,"false","-1","N/A",,"false",,"false",,"false","18053052",,"18053052","0","true","false",
"C","A","20150101","2015","52","2015","120","CMR","Cameroon","M","Import","792","TUR","Türkiye","0","W00","World","H4","HS","true","TOTAL","All Commodities","0","false","C00","TOTAL CPC","0","0","TOTAL MOT","-1","N/A",,"false","-1","N/A",,"false",,"false",,"false","97278211",,"97278211","0","true","false",
"C","A","20150101","2015","52","2015","120","CMR","Cameroon","M","Import","795","TKM","Turkmenistan","0","W00","World","H4","HS","true","TOTAL","All Commodities","0","false","C00","TOTAL CPC","0","0","TOTAL MOT","-1","N/A",,"false","-1","N/A",,"false",,"false",,"false","569",,"569","0","true","false",
"C","A","20150101","2015","52","2015","120","CMR","Cameroon","M","Import","800","UGA","Uganda","0","W00","World","H4","HS","true","TOTAL","All Commodities","0","false","C00","TOTAL CPC","0","0","TOTAL MOT","-1","N/A",,"false","-1","N/A",,"false",,"false",,"false","136794",,"136794","0","true","false",
"C","A","20150101","2015","52","2015","120","CMR","Cameroon","M","Import","807","MKD","North Macedonia","0","W00","World","H4","HS","true","TOTAL","All Commodities","0","false","C00","TOTAL CPC","0","0","TOTAL MOT","-1","N/A",,"false","-1","N/A",,"false",,"false",,"false","7328",,"7328","0","true","false",
"C","A","20150101","2015","52","2015","120","CMR","Cameroon","M","Import","818","EGY","Egypt","0","W00","World","H4","HS","true","TOTAL","All Commodities","0","false","C00","TOTAL CPC","0","0","TOTAL MOT","-1","N/A",,"false","-1","N/A",,"false",,"false",,"false","28873625",,"28873625","0","true","false",
"C","A","20150101","2015","52","2015","120","CMR","Cameroon","M","Import","826","GBR","United Kingdom","0","W00","World","H4","HS","true","TOTAL","All Commodities","0","false","C00","TOTAL CPC","0","0","TOTAL MOT","-1","N/A",,"false","-1","N/A",,"false",,"false",,"false","73978165",,"73978165","0","true","false",
"C","A","20150101","2015","52","2015","120","CMR","Cameroon","M","Import","834","TZA","United Rep. of Tanzania","0","W00","World","H4","HS","true","TOTAL","All Commodities","0","false","C00","TOTAL CPC","0","0","TOTAL MOT","-1","N/A",,"false","-1","N/A",,"false",,"false",,"false","23737",,"23737","0","true","false",
"C","A","20150101","2015","52","2015","120","CMR","Cameroon","M","Import","842","USA","USA","0","W00","World","H4","HS","true","TOTAL","All Commodities","0","false","C00","TOTAL CPC","0","0","TOTAL MOT","-1","N/A",,"false","-1","N/A",,"false",,"false",,"false","225461481",,"225461481","0","true","false",
"C","A","20150101","2015","52","2015","120","CMR","Cameroon","M","Import","854","BFA","Burkina Faso","0","W00","World","H4","HS","true","TOTAL","All Commodities","0","false","C00","TOTAL CPC","0","0","TOTAL MOT","-1","N/A",,"false","-1","N/A",,"false",,"false",,"false","81234",,"81234","0","true","false",
"C","A","20150101","2015","52","2015","120","CMR","Cameroon","M","Import","858","URY","Uruguay","0","W00","World","H4","HS","true","TOTAL","All Commodities","0","false","C00","TOTAL CPC","0","0","TOTAL MOT","-1","N/A",,"false","-1","N/A",,"false",,"false",,"false","1762311",,"1762311","0","true","false",
"C","A","20150101","2015","52","2015","120","CMR","Cameroon","M","Import","862","VEN","Venezuela","0","W00","World","H4","HS","true","TOTAL","All Commodities","0","false","C00","TOTAL CPC","0","0","TOTAL MOT","-1","N/A",,"false","-1","N/A",,"false",,"false",,"false","1679795",,"1679795","0","true","false",
"C","A","20150101","2015","52","2015","120","CMR","Cameroon","M","Import","887","YEM","Yemen","0","W00","World","H4","HS","true","TOTAL","All Commodities","0","false","C00","TOTAL CPC","0","0","TOTAL MOT","-1","N/A",,"false","-1","N/A",,"false",,"false",,"false","60232",,"60232","0","true","false",
"C","A","20150101","2015","52","2015","120","CMR","Cameroon","M","Import","894","ZMB","Zambia","0","W00","World","H4","HS","true","TOTAL","All Commodities","0","false","C00","TOTAL CPC","0","0","TOTAL MOT","-1","N/A",,"false","-1","N/A",,"false",,"false",,"false","134231",,"134231","0","true","false",
"C","A","20150101","2015","52","2015","120","CMR","Cameroon","M","Import","899","_X ","Areas, nes","0","W00","World","H4","HS","true","TOTAL","All Commodities","0","false","C00","TOTAL CPC","0","0","TOTAL MOT","-1","N/A",,"false","-1","N/A",,"false",,"false",,"false","2215",,"2215","0","true","false",
"C","A","20150101","2015","52","2015","120","CMR","Cameroon","X","Export","0","W00","World","0","W00","World","H4","HS","true","TOTAL","All Commodities","0","false","C00","TOTAL CPC","0","0","TOTAL MOT","-1","N/A",,"false","-1","N/A",,"false",,"false",,"false",,"4052643290","4052643290","0","true","false",
"C","A","20150101","2015","52","2015","120","CMR","Cameroon","X","Export","8","ALB","Albania","0","W00","World","H4","HS","true","TOTAL","All Commodities","0","false","C00","TOTAL CPC","0","0","TOTAL MOT","-1","N/A",,"false","-1","N/A",,"false",,"false",,"false",,"104943","104943","0","true","false",
"C","A","20150101","2015","52","2015","120","CMR","Cameroon","X","Export","12","DZA","Algeria","0","W00","World","H4","HS","true","TOTAL","All Commodities","0","false","C00","TOTAL CPC","0","0","TOTAL MOT","-1","N/A",,"false","-1","N/A",,"false",,"false",,"false",,"5405850","5405850","0","true","false",
"C","A","20150101","2015","52","2015","120","CMR","Cameroon","X","Export","20","AND","Andorra","0","W00","World","H4","HS","true","TOTAL","All Commodities","0","false","C00","TOTAL CPC","0","0","TOTAL MOT","-1","N/A",,"false","-1","N/A",,"false",,"false",,"false",,"15173","15173","0","true","false",
"C","A","20150101","2015","52","2015","120","CMR","Cameroon","X","Export","24","AGO","Angola","0","W00","World","H4","HS","true","TOTAL","All Commodities","0","false","C00","TOTAL CPC","0","0","TOTAL MOT","-1","N/A",,"false","-1","N/A",,"false",,"false",,"false",,"1162278","1162278","0","true","false",
"C","A","20150101","2015","52","2015","120","CMR","Cameroon","X","Export","28","ATG","Antigua and Barbuda","0","W00","World","H4","HS","true","TOTAL","All Commodities","0","false","C00","TOTAL CPC","0","0","TOTAL MOT","-1","N/A",,"false","-1","N/A",,"false",,"false",,"false",,"120244","120244","0","true","false",
"C","A","20150101","2015","52","2015","120","CMR","Cameroon","X","Export","31","AZE","Azerbaijan","0","W00","World","H4","HS","true","TOTAL","All Commodities","0","false","C00","TOTAL CPC","0","0","TOTAL MOT","-1","N/A",,"false","-1","N/A",,"false",,"false",,"false",,"55877","55877","0","true","false",
"C","A","20150101","2015","52","2015","120","CMR","Cameroon","X","Export","32","ARG","Argentina","0","W00","World","H4","HS","true","TOTAL","All Commodities","0","false","C00","TOTAL CPC","0","0","TOTAL MOT","-1","N/A",,"false","-1","N/A",,"false",,"false",,"false",,"269317","269317","0","true","false",
"C","A","20150101","2015","52","2015","120","CMR","Cameroon","X","Export","36","AUS","Australia","0","W00","World","H4","HS","true","TOTAL","All Commodities","0","false","C00","TOTAL CPC","0","0","TOTAL MOT","-1","N/A",,"false","-1","N/A",,"false",,"false",,"false",,"128354","128354","0","true","false",
"C","A","20150101","2015","52","2015","120","CMR","Cameroon","X","Export","40","AUT","Austria","0","W00","World","H4","HS","true","TOTAL","All Commodities","0","false","C00","TOTAL CPC","0","0","TOTAL MOT","-1","N/A",,"false","-1","N/A",,"false",,"false",,"false",,"273399","273399","0","true","false",
"C","A","20150101","2015","52","2015","120","CMR","Cameroon","X","Export","48","BHR","Bahrain","0","W00","World","H4","HS","true","TOTAL","All Commodities","0","false","C00","TOTAL CPC","0","0","TOTAL MOT","-1","N/A",,"false","-1","N/A",,"false",,"false",,"false",,"5058553","5058553","0","true","false",
"C","A","20150101","2015","52","2015","120","CMR","Cameroon","X","Export","50","BGD","Bangladesh","0","W00","World","H4","HS","true","TOTAL","All Commodities","0","false","C00","TOTAL CPC","0","0","TOTAL MOT","-1","N/A",,"false","-1","N/A",,"false",,"false",,"false",,"71307047","71307047","0","true","false",
"C","A","20150101","2015","52","2015","120","CMR","Cameroon","X","Export","52","BRB","Barbados","0","W00","World","H4","HS","true","TOTAL","All Commodities","0","false","C00","TOTAL CPC","0","0","TOTAL MOT","-1","N/A",,"false","-1","N/A",,"false",,"false",,"false",,"34699","34699","0","true","false",
"C","A","20150101","2015","52","2015","120","CMR","Cameroon","X","Export","56","BEL","Belgium","0","W00","World","H4","HS","true","TOTAL","All Commodities","0","false","C00","TOTAL CPC","0","0","TOTAL MOT","-1","N/A",,"false","-1","N/A",,"false",,"false",,"false",,"194323729","194323729","0","true","false",
"C","A","20150101","2015","52","2015","120","CMR","Cameroon","X","Export","68","BOL","Bolivia (Plurinational State of)","0","W00","World","H4","HS","true","TOTAL","All Commodities","0","false","C00","TOTAL CPC","0","0","TOTAL MOT","-1","N/A",,"false","-1","N/A",,"false",,"false",,"false",,"17526","17526","0","true","false",
"C","A","20150101","2015","52","2015","120","CMR","Cameroon","X","Export","76","BRA","Brazil","0","W00","World","H4","HS","true","TOTAL","All Commodities","0","false","C00","TOTAL CPC","0","0","TOTAL MOT","-1","N/A",,"false","-1","N/A",,"false",,"false",,"false",,"2579626","2579626","0","true","false",
"C","A","20150101","2015","52","2015","120","CMR","Cameroon","X","Export","100","BGR","Bulgaria","0","W00","World","H4","HS","true","TOTAL","All Commodities","0","false","C00","TOTAL CPC","0","0","TOTAL MOT","-1","N/A",,"false","-1","N/A",,"false",,"false",,"false",,"94510","94510","0","true","false",
"C","A","20150101","2015","52","2015","120","CMR","Cameroon","X","Export","108","BDI","Burundi","0","W00","World","H4","HS","true","TOTAL","All Commodities","0","false","C00","TOTAL CPC","0","0","TOTAL MOT","-1","N/A",,"false","-1","N/A",,"false",,"false",,"false",,"357","357","0","true","false",
"C","A","20150101","2015","52","2015","120","CMR","Cameroon","X","Export","124","CAN","Canada","0","W00","World","H4","HS","true","TOTAL","All Commodities","0","false","C00","TOTAL CPC","0","0","TOTAL MOT","-1","N/A",,"false","-1","N/A",,"false",,"false",,"false",,"2051446","2051446","0","true","false",
"C","A","20150101","2015","52","2015","120","CMR","Cameroon","X","Export","132","CPV","Cabo Verde","0","W00","World","H4","HS","true","TOTAL","All Commodities","0","false","C00","TOTAL CPC","0","0","TOTAL MOT","-1","N/A",,"false","-1","N/A",,"false",,"false",,"false",,"23328","23328","0","true","false",
"C","A","20150101","2015","52","2015","120","CMR","Cameroon","X","Export","140","CAF","Central African Rep.","0","W00","World","H4","HS","true","TOTAL","All Commodities","0","false","C00","TOTAL CPC","0","0","TOTAL MOT","-1","N/A",,"false","-1","N/A",,"false",,"false",,"false",,"26674639","26674639","0","true","false",
"C","A","20150101","2015","52","2015","120","CMR","Cameroon","X","Export","144","LKA","Sri Lanka","0","W00","World","H4","HS","true","TOTAL","All Commodities","0","false","C00","TOTAL CPC","0","0","TOTAL MOT","-1","N/A",,"false","-1","N/A",,"false",,"false",,"false",,"20147","20147","0","true","false",
"C","A","20150101","2015","52","2015","120","CMR","Cameroon","X","Export","148","TCD","Chad","0","W00","World","H4","HS","true","TOTAL","All Commodities","0","false","C00","TOTAL CPC","0","0","TOTAL MOT","-1","N/A",,"false","-1","N/A",,"false",,"false",,"false",,"112825323","112825323","0","true","false",
"C","A","20150101","2015","52","2015","120","CMR","Cameroon","X","Export","156","CHN","China","0","W00","World","H4","HS","true","TOTAL","All Commodities","0","false","C00","TOTAL CPC","0","0","TOTAL MOT","-1","N/A",,"false","-1","N/A",,"false",,"false",,"false",,"506026663","506026663","0","true","false",
"C","A","20150101","2015","52","2015","120","CMR","Cameroon","X","Export","170","COL","Colombia","0","W00","World","H4","HS","true","TOTAL","All Commodities","0","false","C00","TOTAL CPC","0","0","TOTAL MOT","-1","N/A",,"false","-1","N/A",,"false",,"false",,"false",,"28522","28522","0","true","false",
"C","A","20150101","2015","52","2015","120","CMR","Cameroon","X","Export","174","COM","Comoros","0","W00","World","H4","HS","true","TOTAL","All Commodities","0","false","C00","TOTAL CPC","0","0","TOTAL MOT","-1","N/A",,"false","-1","N/A",,"false",,"false",,"false",,"34594","34594","0","true","false",
"C","A","20150101","2015","52","2015","120","CMR","Cameroon","X","Export","178","COG","Congo","0","W00","World","H4","HS","true","TOTAL","All Commodities","0","false","C00","TOTAL CPC","0","0","TOTAL MOT","-1","N/A",,"false","-1","N/A",,"false",,"false",,"false",,"50329355","50329355","0","true","false",
"C","A","20150101","2015","52","2015","120","CMR","Cameroon","X","Export","180","COD","Dem. Rep. of the Congo","0","W00","World","H4","HS","true","TOTAL","All Commodities","0","false","C00","TOTAL CPC","0","0","TOTAL MOT","-1","N/A",,"false","-1","N/A",,"false",,"false",,"false",,"40529950","40529950","0","true","false",
"C","A","20150101","2015","52","2015","120","CMR","Cameroon","X","Export","188","CRI","Costa Rica","0","W00","World","H4","HS","true","TOTAL","All Commodities","0","false","C00","TOTAL CPC","0","0","TOTAL MOT","-1","N/A",,"false","-1","N/A",,"false",,"false",,"false",,"54165","54165","0","true","false",
"C","A","20150101","2015","52","2015","120","CMR","Cameroon","X","Export","191","HRV","Croatia","0","W00","World","H4","HS","true","TOTAL","All Commodities","0","false","C00","TOTAL CPC","0","0","TOTAL MOT","-1","N/A",,"false","-1","N/A",,"false",,"false",,"false",,"356396","356396","0","true","false",
"C","A","20150101","2015","52","2015","120","CMR","Cameroon","X","Export","196","CYP","Cyprus","0","W00","World","H4","HS","true","TOTAL","All Commodities","0","false","C00","TOTAL CPC","0","0","TOTAL MOT","-1","N/A",,"false","-1","N/A",,"false",,"false",,"false",,"85812","85812","0","true","false",
"C","A","20150101","2015","52","2015","120","CMR","Cameroon","X","Export","204","BEN","Benin","0","W00","World","H4","HS","true","TOTAL","All Commodities","0","false","C00","TOTAL CPC","0","0","TOTAL MOT","-1","N/A",,"false","-1","N/A",,"false",,"false",,"false",,"14918312","14918312","0","true","false",
"C","A","20150101","2015","52","2015","120","CMR","Cameroon","X","Export","208","DNK","Denmark","0","W00","World","H4","HS","true","TOTAL","All Commodities","0","false","C00","TOTAL CPC","0","0","TOTAL MOT","-1","N/A",,"false","-1","N/A",,"false",,"false",,"false",,"8735199","8735199","0","true","false",
"C","A","20150101","2015","52","2015","120","CMR","Cameroon","X","Export","214","DOM","Dominican Rep.","0","W00","World","H4","HS","true","TOTAL","All Commodities","0","false","C00","TOTAL CPC","0","0","TOTAL MOT","-1","N/A",,"false","-1","N/A",,"false",,"false",,"false",,"1255497","1255497","0","true","false",
"C","A","20150101","2015","52","2015","120","CMR","Cameroon","X","Export","218","ECU","Ecuador","0","W00","World","H4","HS","true","TOTAL","All Commodities","0","false","C00","TOTAL CPC","0","0","TOTAL MOT","-1","N/A",,"false","-1","N/A",,"false",,"false",,"false",,"94177","94177","0","true","false",
"C","A","20150101","2015","52","2015","120","CMR","Cameroon","X","Export","226","GNQ","Equatorial Guinea","0","W00","World","H4","HS","true","TOTAL","All Commodities","0","false","C00","TOTAL CPC","0","0","TOTAL MOT","-1","N/A",,"false","-1","N/A",,"false",,"false",,"false",,"27741146","27741146","0","true","false",
"C","A","20150101","2015","52","2015","120","CMR","Cameroon","X","Export","231","ETH","Ethiopia","0","W00","World","H4","HS","true","TOTAL","All Commodities","0","false","C00","TOTAL CPC","0","0","TOTAL MOT","-1","N/A",,"false","-1","N/A",,"false",,"false",,"false",,"337531","337531","0","true","false",
"C","A","20150101","2015","52","2015","120","CMR","Cameroon","X","Export","233","EST","Estonia","0","W00","World","H4","HS","true","TOTAL","All Commodities","0","false","C00","TOTAL CPC","0","0","TOTAL MOT","-1","N/A",,"false","-1","N/A",,"false",,"false",,"false",,"172969","172969","0","true","false",
"C","A","20150101","2015","52","2015","120","CMR","Cameroon","X","Export","246","FIN","Finland","0","W00","World","H4","HS","true","TOTAL","All Commodities","0","false","C00","TOTAL CPC","0","0","TOTAL MOT","-1","N/A",,"false","-1","N/A",,"false",,"false",,"false",,"1575687","1575687","0","true","false",
"C","A","20150101","2015","52","2015","120","CMR","Cameroon","X","Export","251","FRA","France","0","W00","World","H4","HS","true","TOTAL","All Commodities","0","false","C00","TOTAL CPC","0","0","TOTAL MOT","-1","N/A",,"false","-1","N/A",,"false",,"false",,"false",,"208922029","208922029","0","true","false",
"C","A","20150101","2015","52","2015","120","CMR","Cameroon","X","Export","258","PYF","French Polynesia","0","W00","World","H4","HS","true","TOTAL","All Commodities","0","false","C00","TOTAL CPC","0","0","TOTAL MOT","-1","N/A",,"false","-1","N/A",,"false",,"false",,"false",,"37650","37650","0","true","false",
"C","A","20150101","2015","52","2015","120","CMR","Cameroon","X","Export","260","ATF","Fr. South Antarctic Terr.","0","W00","World","H4","HS","true","TOTAL","All Commodities","0","false","C00","TOTAL CPC","0","0","TOTAL MOT","-1","N/A",,"false","-1","N/A",,"false",,"false",,"false",,"707","707","0","true","false",
"C","A","20150101","2015","52","2015","120","CMR","Cameroon","X","Export","262","DJI","Djibouti","0","W00","World","H4","HS","true","TOTAL","All Commodities","0","false","C00","TOTAL CPC","0","0","TOTAL MOT","-1","N/A",,"false","-1","N/A",,"false",,"false",,"false",,"105960","105960","0","true","false",
"C","A","20150101","2015","52","2015","120","CMR","Cameroon","X","Export","266","GAB","Gabon","0","W00","World","H4","HS","true","TOTAL","All Commodities","0","false","C00","TOTAL CPC","0","0","TOTAL MOT","-1","N/A",,"false","-1","N/A",,"false",,"false",,"false",,"52236711","52236711","0","true","false",
"C","A","20150101","2015","52","2015","120","CMR","Cameroon","X","Export","270","GMB","Gambia","0","W00","World","H4","HS","true","TOTAL","All Commodities","0","false","C00","TOTAL CPC","0","0","TOTAL MOT","-1","N/A",,"false","-1","N/A",,"false",,"false",,"false",,"82363","82363","0","true","false",
"C","A","20150101","2015","52","2015","120","CMR","Cameroon","X","Export","276","DEU","Germany","0","W00","World","H4","HS","true","TOTAL","All Commodities","0","false","C00","TOTAL CPC","0","0","TOTAL MOT","-1","N/A",,"false","-1","N/A",,"false",,"false",,"false",,"35932570","35932570","0","true","false",
"C","A","20150101","2015","52","2015","120","CMR","Cameroon","X","Export","288","GHA","Ghana","0","W00","World","H4","HS","true","TOTAL","All Commodities","0","false","C00","TOTAL CPC","0","0","TOTAL MOT","-1","N/A",,"false","-1","N/A",,"false",,"false",,"false",,"1817665","1817665","0","true","false",
"C","A","20150101","2015","52","2015","120","CMR","Cameroon","X","Export","300","GRC","Greece","0","W00","World","H4","HS","true","TOTAL","All Commodities","0","false","C00","TOTAL CPC","0","0","TOTAL MOT","-1","N/A",,"false","-1","N/A",,"false",,"false",,"false",,"2054431","2054431","0","true","false",
"C","A","20150101","2015","52","2015","120","CMR","Cameroon","X","Export","332","HTI","Haiti","0","W00","World","H4","HS","true","TOTAL","All Commodities","0","false","C00","TOTAL CPC","0","0","TOTAL MOT","-1","N/A",,"false","-1","N/A",,"false",,"false",,"false",,"113845","113845","0","true","false",
"C","A","20150101","2015","52","2015","120","CMR","Cameroon","X","Export","344","HKG","China, Hong Kong SAR","0","W00","World","H4","HS","true","TOTAL","All Commodities","0","false","C00","TOTAL CPC","0","0","TOTAL MOT","-1","N/A",,"false","-1","N/A",,"false",,"false",,"false",,"374432","374432","0","true","false",
"C","A","20150101","2015","52","2015","120","CMR","Cameroon","X","Export","360","IDN","Indonesia","0","W00","World","H4","HS","true","TOTAL","All Commodities","0","false","C00","TOTAL CPC","0","0","TOTAL MOT","-1","N/A",,"false","-1","N/A",,"false",,"false",,"false",,"20430089","20430089","0","true","false",
"C","A","20150101","2015","52","2015","120","CMR","Cameroon","X","Export","364","IRN","Iran","0","W00","World","H4","HS","true","TOTAL","All Commodities","0","false","C00","TOTAL CPC","0","0","TOTAL MOT","-1","N/A",,"false","-1","N/A",,"false",,"false",,"false",,"171089","171089","0","true","false",
"C","A","20150101","2015","52","2015","120","CMR","Cameroon","X","Export","368","IRQ","Iraq","0","W00","World","H4","HS","true","TOTAL","All Commodities","0","false","C00","TOTAL CPC","0","0","TOTAL MOT","-1","N/A",,"false","-1","N/A",,"false",,"false",,"false",,"216186","216186","0","true","false",
"C","A","20150101","2015","52","2015","120","CMR","Cameroon","X","Export","372","IRL","Ireland","0","W00","World","H4","HS","true","TOTAL","All Commodities","0","false","C00","TOTAL CPC","0","0","TOTAL MOT","-1","N/A",,"false","-1","N/A",,"false",,"false",,"false",,"8497743","8497743","0","true","false",
"C","A","20150101","2015","52","2015","120","CMR","Cameroon","X","Export","376","ISR","Israel","0","W00","World","H4","HS","true","TOTAL","All Commodities","0","false","C00","TOTAL CPC","0","0","TOTAL MOT","-1","N/A",,"false","-1","N/A",,"false",,"false",,"false",,"509081","509081","0","true","false",
"C","A","20150101","2015","52","2015","120","CMR","Cameroon","X","Export","380","ITA","Italy","0","W00","World","H4","HS","true","TOTAL","All Commodities","0","false","C00","TOTAL CPC","0","0","TOTAL MOT","-1","N/A",,"false","-1","N/A",,"false",,"false",,"false",,"187598760","187598760","0","true","false",
"C","A","20150101","2015","52","2015","120","CMR","Cameroon","X","Export","384","CIV","Côte d'Ivoire","0","W00","World","H4","HS","true","TOTAL","All Commodities","0","false","C00","TOTAL CPC","0","0","TOTAL MOT","-1","N/A",,"false","-1","N/A",,"false",,"false",,"false",,"15936008","15936008","0","true","false",
"C","A","20150101","2015","52","2015","120","CMR","Cameroon","X","Export","392","JPN","Japan","0","W00","World","H4","HS","true","TOTAL","All Commodities","0","false","C00","TOTAL CPC","0","0","TOTAL MOT","-1","N/A",,"false","-1","N/A",,"false",,"false",,"false",,"1583312","1583312","0","true","false",
"C","A","20150101","2015","52","2015","120","CMR","Cameroon","X","Export","400","JOR","Jordan","0","W00","World","H4","HS","true","TOTAL","All Commodities","0","false","C00","TOTAL CPC","0","0","TOTAL MOT","-1","N/A",,"false","-1","N/A",,"false",,"false",,"false",,"26555","26555","0","true","false",
"C","A","20150101","2015","52","2015","120","CMR","Cameroon","X","Export","404","KEN","Kenya","0","W00","World","H4","HS","true","TOTAL","All Commodities","0","false","C00","TOTAL CPC","0","0","TOTAL MOT","-1","N/A",,"false","-1","N/A",,"false",,"false",,"false",,"484","484","0","true","false",
"C","A","20150101","2015","52","2015","120","CMR","Cameroon","X","Export","408","PRK","Dem. People's Rep. of Korea","0","W00","World","H4","HS","true","TOTAL","All Commodities","0","false","C00","TOTAL CPC","0","0","TOTAL MOT","-1","N/A",,"false","-1","N/A",,"false",,"false",,"false",,"201306","201306","0","true","false",
"C","A","20150101","2015","52","2015","120","CMR","Cameroon","X","Export","410","KOR","Rep. of Korea","0","W00","World","H4","HS","true","TOTAL","All Commodities","0","false","C00","TOTAL CPC","0","0","TOTAL MOT","-1","N/A",,"false","-1","N/A",,"false",,"false",,"false",,"496274","496274","0","true","false",
"C","A","20150101","2015","52","2015","120","CMR","Cameroon","X","Export","414","KWT","Kuwait","0","W00","World","H4","HS","true","TOTAL","All Commodities","0","false","C00","TOTAL CPC","0","0","TOTAL MOT","-1","N/A",,"false","-1","N/A",,"false",,"false",,"false",,"232977","232977","0","true","false",
"C","A","20150101","2015","52","2015","120","CMR","Cameroon","X","Export","417","KGZ","Kyrgyzstan","0","W00","World","H4","HS","true","TOTAL","All Commodities","0","false","C00","TOTAL CPC","0","0","TOTAL MOT","-1","N/A",,"false","-1","N/A",,"false",,"false",,"false",,"30490","30490","0","true","false",
"C","A","20150101","2015","52","2015","120","CMR","Cameroon","X","Export","422","LBN","Lebanon","0","W00","World","H4","HS","true","TOTAL","All Commodities","0","false","C00","TOTAL CPC","0","0","TOTAL MOT","-1","N/A",,"false","-1","N/A",,"false",,"false",,"false",,"2865832","2865832","0","true","false",
"C","A","20150101","2015","52","2015","120","CMR","Cameroon","X","Export","428","LVA","Latvia","0","W00","World","H4","HS","true","TOTAL","All Commodities","0","false","C00","TOTAL CPC","0","0","TOTAL MOT","-1","N/A",,"false","-1","N/A",,"false",,"false",,"false",,"69202","69202","0","true","false",
"C","A","20150101","2015","52","2015","120","CMR","Cameroon","X","Export","430","LBR","Liberia","0","W00","World","H4","HS","true","TOTAL","All Commodities","0","false","C00","TOTAL CPC","0","0","TOTAL MOT","-1","N/A",,"false","-1","N/A",,"false",,"false",,"false",,"4853361","4853361","0","true","false",
"C","A","20150101","2015","52","2015","120","CMR","Cameroon","X","Export","434","LBY","Libya","0","W00","World","H4","HS","true","TOTAL","All Commodities","0","false","C00","TOTAL CPC","0","0","TOTAL MOT","-1","N/A",,"false","-1","N/A",,"false",,"false",,"false",,"248808","248808","0","true","false",
"C","A","20150101","2015","52","2015","120","CMR","Cameroon","X","Export","440","LTU","Lithuania","0","W00","World","H4","HS","true","TOTAL","All Commodities","0","false","C00","TOTAL CPC","0","0","TOTAL MOT","-1","N/A",,"false","-1","N/A",,"false",,"false",,"false",,"45228","45228","0","true","false",
"C","A","20150101","2015","52","2015","120","CMR","Cameroon","X","Export","442","LUX","Luxembourg","0","W00","World","H4","HS","true","TOTAL","All Commodities","0","false","C00","TOTAL CPC","0","0","TOTAL MOT","-1","N/A",,"false","-1","N/A",,"false",,"false",,"false",,"19396","19396","0","true","false",
"C","A","20150101","2015","52","2015","120","CMR","Cameroon","X","Export","450","MDG","Madagascar","0","W00","World","H4","HS","true","TOTAL","All Commodities","0","false","C00","TOTAL CPC","0","0","TOTAL MOT","-1","N/A",,"false","-1","N/A",,"false",,"false",,"false",,"93270","93270","0","true","false",
"C","A","20150101","2015","52","2015","120","CMR","Cameroon","X","Export","458","MYS","Malaysia","0","W00","World","H4","HS","true","TOTAL","All Commodities","0","false","C00","TOTAL CPC","0","0","TOTAL MOT","-1","N/A",,"false","-1","N/A",,"false",,"false",,"false",,"72525561","72525561","0","true","false",
"C","A","20150101","2015","52","2015","120","CMR","Cameroon","X","Export","466","MLI","Mali","0","W00","World","H4","HS","true","TOTAL","All Commodities","0","false","C00","TOTAL CPC","0","0","TOTAL MOT","-1","N/A",,"false","-1","N/A",,"false",,"false",,"false",,"890959","890959","0","true","false",
"C","A","20150101","2015","52","2015","120","CMR","Cameroon","X","Export","470","MLT","Malta","0","W00","World","H4","HS","true","TOTAL","All Commodities","0","false","C00","TOTAL CPC","0","0","TOTAL MOT","-1","N/A",,"false","-1","N/A",,"false",,"false",,"false",,"10556519","10556519","0","true","false",
"C","A","20150101","2015","52","2015","120","CMR","Cameroon","X","Export","478","MRT","Mauritania","0","W00","World","H4","HS","true","TOTAL","All Commodities","0","false","C00","TOTAL CPC","0","0","TOTAL MOT","-1","N/A",,"false","-1","N/A",,"false",,"false",,"false",,"341431","341431","0","true","false",
"C","A","20150101","2015","52","2015","120","CMR","Cameroon","X","Export","480","MUS","Mauritius","0","W00","World","H4","HS","true","TOTAL","All Commodities","0","false","C00","TOTAL CPC","0","0","TOTAL MOT","-1","N/A",,"false","-1","N/A",,"false",,"false",,"false",,"1757717","1757717","0","true","false",
"C","A","20150101","2015","52","2015","120","CMR","Cameroon","X","Export","484","MEX","Mexico","0","W00","World","H4","HS","true","TOTAL","All Commodities","0","false","C00","TOTAL CPC","0","0","TOTAL MOT","-1","N/A",,"false","-1","N/A",,"false",,"false",,"false",,"147041","147041","0","true","false",
"C","A","20150101","2015","52","2015","120","CMR","Cameroon","X","Export","490","S19","Other Asia, nes","0","W00","World","H4","HS","true","TOTAL","All Commodities","0","false","C00","TOTAL CPC","0","0","TOTAL MOT","-1","N/A",,"false","-1","N/A",,"false",,"false",,"false",,"1628001","1628001","0","true","false",
"C","A","20150101","2015","52","2015","120","CMR","Cameroon","X","Export","504","MAR","Morocco","0","W00","World","H4","HS","true","TOTAL","All Commodities","0","false","C00","TOTAL CPC","0","0","TOTAL MOT","-1","N/A",,"false","-1","N/A",,"false",,"false",,"false",,"2310536","2310536","0","true","false",
"C","A","20150101","2015","52","2015","120","CMR","Cameroon","X","Export","508","MOZ","Mozambique","0","W00","World","H4","HS","true","TOTAL","All Commodities","0","false","C00","TOTAL CPC","0","0","TOTAL MOT","-1","N/A",,"false","-1","N/A",,"false",,"false",,"false",,"341994","341994","0","true","false",
"C","A","20150101","2015","52","2015","120","CMR","Cameroon","X","Export","512","OMN","Oman","0","W00","World","H4","HS","true","TOTAL","All Commodities","0","false","C00","TOTAL CPC","0","0","TOTAL MOT","-1","N/A",,"false","-1","N/A",,"false",,"false",,"false",,"117697","117697","0","true","false",
"C","A","20150101","2015","52","2015","120","CMR","Cameroon","X","Export","516","NAM","Namibia","0","W00","World","H4","HS","true","TOTAL","All Commodities","0","false","C00","TOTAL CPC","0","0","TOTAL MOT","-1","N/A",,"false","-1","N/A",,"false",,"false",,"false",,"140988","140988","0","true","false",
"C","A","20150101","2015","52","2015","120","CMR","Cameroon","X","Export","528","NLD","Netherlands","0","W00","World","H4","HS","true","TOTAL","All Commodities","0","false","C00","TOTAL CPC","0","0","TOTAL MOT","-1","N/A",,"false","-1","N/A",,"false",,"false",,"false",,"659765948","659765948","0","true","false",
"C","A","20150101","2015","52","2015","120","CMR","Cameroon","X","Export","531","CUW","Curaçao","0","W00","World","H4","HS","true","TOTAL","All Commodities","0","false","C00","TOTAL CPC","0","0","TOTAL MOT","-1","N/A",,"false","-1","N/A",,"false",,"false",,"false",,"31487508","31487508","0","true","false",
"C","A","20150101","2015","52","2015","120","CMR","Cameroon","X","Export","554","NZL","New Zealand","0","W00","World","H4","HS","true","TOTAL","All Commodities","0","false","C00","TOTAL CPC","0","0","TOTAL MOT","-1","N/A",,"false","-1","N/A",,"false",,"false",,"false",,"324673","324673","0","true","false",
"C","A","20150101","2015","52","2015","120","CMR","Cameroon","X","Export","566","NGA","Nigeria","0","W00","World","H4","HS","true","TOTAL","All Commodities","0","false","C00","TOTAL CPC","0","0","TOTAL MOT","-1","N/A",,"false","-1","N/A",,"false",,"false",,"false",,"42362990","42362990","0","true","false",
"C","A","20150101","2015","52","2015","120","CMR","Cameroon","X","Export","579","NOR","Norway","0","W00","World","H4","HS","true","TOTAL","All Commodities","0","false","C00","TOTAL CPC","0","0","TOTAL MOT","-1","N/A",,"false","-1","N/A",,"false",,"false",,"false",,"55871690","55871690","0","true","false",
"C","A","20150101","2015","52","2015","120","CMR","Cameroon","X","Export","586","PAK","Pakistan","0","W00","World","H4","HS","true","TOTAL","All Commodities","0","false","C00","TOTAL CPC","0","0","TOTAL MOT","-1","N/A",,"false","-1","N/A",,"false",,"false",,"false",,"1430635","1430635","0","true","false",
"C","A","20150101","2015","52","2015","120","CMR","Cameroon","X","Export","598","PNG","Papua New Guinea","0","W00","World","H4","HS","true","TOTAL","All Commodities","0","false","C00","TOTAL CPC","0","0","TOTAL MOT","-1","N/A",,"false","-1","N/A",,"false",,"false",,"false",,"5824","5824","0","true","false",
"C","A","20150101","2015","52","2015","120","CMR","Cameroon","X","Export","604","PER","Peru","0","W00","World","H4","HS","true","TOTAL","All Commodities","0","false","C00","TOTAL CPC","0","0","TOTAL MOT","-1","N/A",,"false","-1","N/A",,"false",,"false",,"false",,"6253","6253","0","true","false",
"C","A","20150101","2015","52","2015","120","CMR","Cameroon","X","Export","608","PHL","Philippines","0","W00","World","H4","HS","true","TOTAL","All Commodities","0","false","C00","TOTAL CPC","0","0","TOTAL MOT","-1","N/A",,"false","-1","N/A",,"false",,"false",,"false",,"271352","271352","0","true","false",
"C","A","20150101","2015","52","2015","120","CMR","Cameroon","X","Export","616","POL","Poland","0","W00","World","H4","HS","true","TOTAL","All Commodities","0","false","C00","TOTAL CPC","0","0","TOTAL MOT","-1","N/A",,"false","-1","N/A",,"false",,"false",,"false",,"4120366","4120366","0","true","false",
"C","A","20150101","2015","52","2015","120","CMR","Cameroon","X","Export","620","PRT","Portugal","0","W00","World","H4","HS","true","TOTAL","All Commodities","0","false","C00","TOTAL CPC","0","0","TOTAL MOT","-1","N/A",,"false","-1","N/A",,"false",,"false",,"false",,"285940258","285940258","0","true","false",
"C","A","20150101","2015","52","2015","120","CMR","Cameroon","X","Export","634","QAT","Qatar","0","W00","World","H4","HS","true","TOTAL","All Commodities","0","false","C00","TOTAL CPC","0","0","TOTAL MOT","-1","N/A",,"false","-1","N/A",,"false",,"false",,"false",,"237568","237568","0","true","false",
"C","A","20150101","2015","52","2015","120","CMR","Cameroon","X","Export","642","ROU","Romania","0","W00","World","H4","HS","true","TOTAL","All Commodities","0","false","C00","TOTAL CPC","0","0","TOTAL MOT","-1","N/A",,"false","-1","N/A",,"false",,"false",,"false",,"168509","168509","0","true","false",
"C","A","20150101","2015","52","2015","120","CMR","Cameroon","X","Export","643","RUS","Russian Federation","0","W00","World","H4","HS","true","TOTAL","All Commodities","0","false","C00","TOTAL CPC","0","0","TOTAL MOT","-1","N/A",,"false","-1","N/A",,"false",,"false",,"false",,"3084547","3084547","0","true","false",
"C","A","20150101","2015","52","2015","120","CMR","Cameroon","X","Export","646","RWA","Rwanda","0","W00","World","H4","HS","true","TOTAL","All Commodities","0","false","C00","TOTAL CPC","0","0","TOTAL MOT","-1","N/A",,"false","-1","N/A",,"false",,"false",,"false",,"367405","367405","0","true","false",
"C","A","20150101","2015","52","2015","120","CMR","Cameroon","X","Export","678","STP","Sao Tome and Principe","0","W00","World","H4","HS","true","TOTAL","All Commodities","0","false","C00","TOTAL CPC","0","0","TOTAL MOT","-1","N/A",,"false","-1","N/A",,"false",,"false",,"false",,"253","253","0","true","false",
"C","A","20150101","2015","52","2015","120","CMR","Cameroon","X","Export","682","SAU","Saudi Arabia","0","W00","World","H4","HS","true","TOTAL","All Commodities","0","false","C00","TOTAL CPC","0","0","TOTAL MOT","-1","N/A",,"false","-1","N/A",,"false",,"false",,"false",,"2849811","2849811","0","true","false",
"C","A","20150101","2015","52","2015","120","CMR","Cameroon","X","Export","686","SEN","Senegal","0","W00","World","H4","HS","true","TOTAL","All Commodities","0","false","C00","TOTAL CPC","0","0","TOTAL MOT","-1","N/A",,"false","-1","N/A",,"false",,"false",,"false",,"16068245","16068245","0","true","false",
"C","A","20150101","2015","52","2015","120","CMR","Cameroon","X","Export","688","SRB","Serbia","0","W00","World","H4","HS","true","TOTAL","All Commodities","0","false","C00","TOTAL CPC","0","0","TOTAL MOT","-1","N/A",,"false","-1","N/A",,"false",,"false",,"false",,"262707","262707","0","true","false",
"C","A","20150101","2015","52","2015","120","CMR","Cameroon","X","Export","690","SYC","Seychelles","0","W00","World","H4","HS","true","TOTAL","All Commodities","0","false","C00","TOTAL CPC","0","0","TOTAL MOT","-1","N/A",,"false","-1","N/A",,"false",,"false",,"false",,"4150","4150","0","true","false",
"C","A","20150101","2015","52","2015","120","CMR","Cameroon","X","Export","694","SLE","Sierra Leone","0","W00","World","H4","HS","true","TOTAL","All Commodities","0","false","C00","TOTAL CPC","0","0","TOTAL MOT","-1","N/A",,"false","-1","N/A",,"false",,"false",,"false",,"11336","11336","0","true","false",
"C","A","20150101","2015","52","2015","120","CMR","Cameroon","X","Export","699","IND","India","0","W00","World","H4","HS","true","TOTAL","All Commodities","0","false","C00","TOTAL CPC","0","0","TOTAL MOT","-1","N/A",,"false","-1","N/A",,"false",,"false",,"false",,"632743481","632743481","0","true","false",
"C","A","20150101","2015","52","2015","120","CMR","Cameroon","X","Export","702","SGP","Singapore","0","W00","World","H4","HS","true","TOTAL","All Commodities","0","false","C00","TOTAL CPC","0","0","TOTAL MOT","-1","N/A",,"false","-1","N/A",,"false",,"false",,"false",,"11683941","11683941","0","true","false",
"C","A","20150101","2015","52","2015","120","CMR","Cameroon","X","Export","703","SVK","Slovakia","0","W00","World","H4","HS","true","TOTAL","All Commodities","0","false","C00","TOTAL CPC","0","0","TOTAL MOT","-1","N/A",,"false","-1","N/A",,"false",,"false",,"false",,"333","333","0","true","false",
"C","A","20150101","2015","52","2015","120","CMR","Cameroon","X","Export","704","VNM","Viet Nam","0","W00","World","H4","HS","true","TOTAL","All Commodities","0","false","C00","TOTAL CPC","0","0","TOTAL MOT","-1","N/A",,"false","-1","N/A",,"false",,"false",,"false",,"89042444","89042444","0","true","false",
"C","A","20150101","2015","52","2015","120","CMR","Cameroon","X","Export","705","SVN","Slovenia","0","W00","World","H4","HS","true","TOTAL","All Commodities","0","false","C00","TOTAL CPC","0","0","TOTAL MOT","-1","N/A",,"false","-1","N/A",,"false",,"false",,"false",,"1163017","1163017","0","true","false",
"C","A","20150101","2015","52","2015","120","CMR","Cameroon","X","Export","710","ZAF","South Africa","0","W00","World","H4","HS","true","TOTAL","All Commodities","0","false","C00","TOTAL CPC","0","0","TOTAL MOT","-1","N/A",,"false","-1","N/A",,"false",,"false",,"false",,"47003977","47003977","0","true","false",
"C","A","20150101","2015","52","2015","120","CMR","Cameroon","X","Export","716","ZWE","Zimbabwe","0","W00","World","H4","HS","true","TOTAL","All Commodities","0","false","C00","TOTAL CPC","0","0","TOTAL MOT","-1","N/A",,"false","-1","N/A",,"false",,"false",,"false",,"25329","25329","0","true","false",
"C","A","20150101","2015","52","2015","120","CMR","Cameroon","X","Export","724","ESP","Spain","0","W00","World","H4","HS","true","TOTAL","All Commodities","0","false","C00","TOTAL CPC","0","0","TOTAL MOT","-1","N/A",,"false","-1","N/A",,"false",,"false",,"false",,"212199172","212199172","0","true","false",
"C","A","20150101","2015","52","2015","120","CMR","Cameroon","X","Export","729","SDN","Sudan","0","W00","World","H4","HS","true","TOTAL","All Commodities","0","false","C00","TOTAL CPC","0","0","TOTAL MOT","-1","N/A",,"false","-1","N/A",,"false",,"false",,"false",,"314288","314288","0","true","false",
"C","A","20150101","2015","52","2015","120","CMR","Cameroon","X","Export","752","SWE","Sweden","0","W00","World","H4","HS","true","TOTAL","All Commodities","0","false","C00","TOTAL CPC","0","0","TOTAL MOT","-1","N/A",,"false","-1","N/A",,"false",,"false",,"false",,"58392","58392","0","true","false",
"C","A","20150101","2015","52","2015","120","CMR","Cameroon","X","Export","757","CHE","Switzerland","0","W00","World","H4","HS","true","TOTAL","All Commodities","0","false","C00","TOTAL CPC","0","0","TOTAL MOT","-1","N/A",,"false","-1","N/A",,"false",,"false",,"false",,"169540","169540","0","true","false",
"C","A","20150101","2015","52","2015","120","CMR","Cameroon","X","Export","764","THA","Thailand","0","W00","World","H4","HS","true","TOTAL","All Commodities","0","false","C00","TOTAL CPC","0","0","TOTAL MOT","-1","N/A",,"false","-1","N/A",,"false",,"false",,"false",,"4664798","4664798","0","true","false",
"C","A","20150101","2015","52","2015","120","CMR","Cameroon","X","Export","768","TGO","Togo","0","W00","World","H4","HS","true","TOTAL","All Commodities","0","false","C00","TOTAL CPC","0","0","TOTAL MOT","-1","N/A",,"false","-1","N/A",,"false",,"false",,"false",,"14974049","14974049","0","true","false",
"C","A","20150101","2015","52","2015","120","CMR","Cameroon","X","Export","780","TTO","Trinidad and Tobago","0","W00","World","H4","HS","true","TOTAL","All Commodities","0","false","C00","TOTAL CPC","0","0","TOTAL MOT","-1","N/A",,"false","-1","N/A",,"false",,"false",,"false",,"1465","1465","0","true","false",
"C","A","20150101","2015","52","2015","120","CMR","Cameroon","X","Export","784","ARE","United Arab Emirates","0","W00","World","H4","HS","true","TOTAL","All Commodities","0","false","C00","TOTAL CPC","0","0","TOTAL MOT","-1","N/A",,"false","-1","N/A",,"false",,"false",,"false",,"8332884","8332884","0","true","false",
"C","A","20150101","2015","52","2015","120","CMR","Cameroon","X","Export","788","TUN","Tunisia","0","W00","World","H4","HS","true","TOTAL","All Commodities","0","false","C00","TOTAL CPC","0","0","TOTAL MOT","-1","N/A",,"false","-1","N/A",,"false",,"false",,"false",,"6398707","6398707","0","true","false",
"C","A","20150101","2015","52","2015","120","CMR","Cameroon","X","Export","792","TUR","Türkiye","0","W00","World","H4","HS","true","TOTAL","All Commodities","0","false","C00","TOTAL CPC","0","0","TOTAL MOT","-1","N/A",,"false","-1","N/A",,"false",,"false",,"false",,"20596228","20596228","0","true","false",
"C","A","20150101","2015","52","2015","120","CMR","Cameroon","X","Export","800","UGA","Uganda","0","W00","World","H4","HS","true","TOTAL","All Commodities","0","false","C00","TOTAL CPC","0","0","TOTAL MOT","-1","N/A",,"false","-1","N/A",,"false",,"false",,"false",,"201841","201841","0","true","false",
"C","A","20150101","2015","52","2015","120","CMR","Cameroon","X","Export","818","EGY","Egypt","0","W00","World","H4","HS","true","TOTAL","All Commodities","0","false","C00","TOTAL CPC","0","0","TOTAL MOT","-1","N/A",,"false","-1","N/A",,"false",,"false",,"false",,"2542811","2542811","0","true","false",
"C","A","20150101","2015","52","2015","120","CMR","Cameroon","X","Export","826","GBR","United Kingdom","0","W00","World","H4","HS","true","TOTAL","All Commodities","0","false","C00","TOTAL CPC","0","0","TOTAL MOT","-1","N/A",,"false","-1","N/A",,"false",,"false",,"false",,"97368075","97368075","0","true","false",
"C","A","20150101","2015","52","2015","120","CMR","Cameroon","X","Export","834","TZA","United Rep. of Tanzania","0","W00","World","H4","HS","true","TOTAL","All Commodities","0","false","C00","TOTAL CPC","0","0","TOTAL MOT","-1","N/A",,"false","-1","N/A",,"false",,"false",,"false",,"157073","157073","0","true","false",
"C","A","20150101","2015","52","2015","120","CMR","Cameroon","X","Export","842","USA","USA","0","W00","World","H4","HS","true","TOTAL","All Commodities","0","false","C00","TOTAL CPC","0","0","TOTAL MOT","-1","N/A",,"false","-1","N/A",,"false",,"false",,"false",,"83164028","83164028","0","true","false",
"C","A","20150101","2015","52","2015","120","CMR","Cameroon","X","Export","854","BFA","Burkina Faso","0","W00","World","H4","HS","true","TOTAL","All Commodities","0","false","C00","TOTAL CPC","0","0","TOTAL MOT","-1","N/A",,"false","-1","N/A",,"false",,"false",,"false",,"3702279","3702279","0","true","false",
"C","A","20150101","2015","52","2015","120","CMR","Cameroon","X","Export","862","VEN","Venezuela","0","W00","World","H4","HS","true","TOTAL","All Commodities","0","false","C00","TOTAL CPC","0","0","TOTAL MOT","-1","N/A",,"false","-1","N/A",,"false",,"false",,"false",,"26700","26700","0","true","false",
"C","A","20150101","2015","52","2015","120","CMR","Cameroon","X","Export","894","ZMB","Zambia","0","W00","World","H4","HS","true","TOTAL","All Commodities","0","false","C00","TOTAL CPC","0","0","TOTAL MOT","-1","N/A",,"false","-1","N/A",,"false",,"false",,"false",,"81814","81814","0","true","false",
"C","A","20160101","2016","52","2016","120","CMR","Cameroon","M","Import","0","W00","World","0","W00","World","H4","HS","true","TOTAL","All Commodities","0","false","C00","TOTAL CPC","0","0","TOTAL MOT","-1","N/A",,"false","-1","N/A",,"false",,"false",,"false","4898887030",,"4898887030","0","true","false",
"C","A","20160101","2016","52","2016","120","CMR","Cameroon","M","Import","4","AFG","Afghanistan","0","W00","World","H4","HS","true","TOTAL","All Commodities","0","false","C00","TOTAL CPC","0","0","TOTAL MOT","-1","N/A",,"false","-1","N/A",,"false",,"false",,"false","1139",,"1139","0","true","false",
"C","A","20160101","2016","52","2016","120","CMR","Cameroon","M","Import","8","ALB","Albania","0","W00","World","H4","HS","true","TOTAL","All Commodities","0","false","C00","TOTAL CPC","0","0","TOTAL MOT","-1","N/A",,"false","-1","N/A",,"false",,"false",,"false","467297",,"467297","0","true","false",
"C","A","20160101","2016","52","2016","120","CMR","Cameroon","M","Import","12","DZA","Algeria","0","W00","World","H4","HS","true","TOTAL","All Commodities","0","false","C00","TOTAL CPC","0","0","TOTAL MOT","-1","N/A",,"false","-1","N/A",,"false",,"false",,"false","1539100",,"1539100","0","true","false",
"C","A","20160101","2016","52","2016","120","CMR","Cameroon","M","Import","16","ASM","American Samoa","0","W00","World","H4","HS","true","TOTAL","All Commodities","0","false","C00","TOTAL CPC","0","0","TOTAL MOT","-1","N/A",,"false","-1","N/A",,"false",,"false",,"false","27714",,"27714","0","true","false",
"C","A","20160101","2016","52","2016","120","CMR","Cameroon","M","Import","20","AND","Andorra","0","W00","World","H4","HS","true","TOTAL","All Commodities","0","false","C00","TOTAL CPC","0","0","TOTAL MOT","-1","N/A",,"false","-1","N/A",,"false",,"false",,"false","41598",,"41598","0","true","false",
"C","A","20160101","2016","52","2016","120","CMR","Cameroon","M","Import","24","AGO","Angola","0","W00","World","H4","HS","true","TOTAL","All Commodities","0","false","C00","TOTAL CPC","0","0","TOTAL MOT","-1","N/A",,"false","-1","N/A",,"false",,"false",,"false","7115997",,"7115997","0","true","false",
"C","A","20160101","2016","52","2016","120","CMR","Cameroon","M","Import","28","ATG","Antigua and Barbuda","0","W00","World","H4","HS","true","TOTAL","All Commodities","0","false","C00","TOTAL CPC","0","0","TOTAL MOT","-1","N/A",,"false","-1","N/A",,"false",,"false",,"false","17742461",,"17742461","0","true","false",
"C","A","20160101","2016","52","2016","120","CMR","Cameroon","M","Import","31","AZE","Azerbaijan","0","W00","World","H4","HS","true","TOTAL","All Commodities","0","false","C00","TOTAL CPC","0","0","TOTAL MOT","-1","N/A",,"false","-1","N/A",,"false",,"false",,"false","1188",,"1188","0","true","false",
"C","A","20160101","2016","52","2016","120","CMR","Cameroon","M","Import","32","ARG","Argentina","0","W00","World","H4","HS","true","TOTAL","All Commodities","0","false","C00","TOTAL CPC","0","0","TOTAL MOT","-1","N/A",,"false","-1","N/A",,"false",,"false",,"false","33408432",,"33408432","0","true","false",
"C","A","20160101","2016","52","2016","120","CMR","Cameroon","M","Import","36","AUS","Australia","0","W00","World","H4","HS","true","TOTAL","All Commodities","0","false","C00","TOTAL CPC","0","0","TOTAL MOT","-1","N/A",,"false","-1","N/A",,"false",,"false",,"false","8721011",,"8721011","0","true","false",
"C","A","20160101","2016","52","2016","120","CMR","Cameroon","M","Import","40","AUT","Austria","0","W00","World","H4","HS","true","TOTAL","All Commodities","0","false","C00","TOTAL CPC","0","0","TOTAL MOT","-1","N/A",,"false","-1","N/A",,"false",,"false",,"false","7745492",,"7745492","0","true","false",
"C","A","20160101","2016","52","2016","120","CMR","Cameroon","M","Import","44","BHS","Bahamas","0","W00","World","H4","HS","true","TOTAL","All Commodities","0","false","C00","TOTAL CPC","0","0","TOTAL MOT","-1","N/A",,"false","-1","N/A",,"false",,"false",,"false","79731",,"79731","0","true","false",
"C","A","20160101","2016","52","2016","120","CMR","Cameroon","M","Import","48","BHR","Bahrain","0","W00","World","H4","HS","true","TOTAL","All Commodities","0","false","C00","TOTAL CPC","0","0","TOTAL MOT","-1","N/A",,"false","-1","N/A",,"false",,"false",,"false","26827",,"26827","0","true","false",
"C","A","20160101","2016","52","2016","120","CMR","Cameroon","M","Import","50","BGD","Bangladesh","0","W00","World","H4","HS","true","TOTAL","All Commodities","0","false","C00","TOTAL CPC","0","0","TOTAL MOT","-1","N/A",,"false","-1","N/A",,"false",,"false",,"false","2394478",,"2394478","0","true","false",
"C","A","20160101","2016","52","2016","120","CMR","Cameroon","M","Import","51","ARM","Armenia","0","W00","World","H4","HS","true","TOTAL","All Commodities","0","false","C00","TOTAL CPC","0","0","TOTAL MOT","-1","N/A",,"false","-1","N/A",,"false",,"false",,"false","31208",,"31208","0","true","false",
"C","A","20160101","2016","52","2016","120","CMR","Cameroon","M","Import","52","BRB","Barbados","0","W00","World","H4","HS","true","TOTAL","All Commodities","0","false","C00","TOTAL CPC","0","0","TOTAL MOT","-1","N/A",,"false","-1","N/A",,"false",,"false",,"false","738",,"738","0","true","false",
"C","A","20160101","2016","52","2016","120","CMR","Cameroon","M","Import","56","BEL","Belgium","0","W00","World","H4","HS","true","TOTAL","All Commodities","0","false","C00","TOTAL CPC","0","0","TOTAL MOT","-1","N/A",,"false","-1","N/A",,"false",,"false",,"false","95580626",,"95580626","0","true","false",
"C","A","20160101","2016","52","2016","120","CMR","Cameroon","M","Import","64","BTN","Bhutan","0","W00","World","H4","HS","true","TOTAL","All Commodities","0","false","C00","TOTAL CPC","0","0","TOTAL MOT","-1","N/A",,"false","-1","N/A",,"false",,"false",,"false","257",,"257","0","true","false",
"C","A","20160101","2016","52","2016","120","CMR","Cameroon","M","Import","68","BOL","Bolivia (Plurinational State of)","0","W00","World","H4","HS","true","TOTAL","All Commodities","0","false","C00","TOTAL CPC","0","0","TOTAL MOT","-1","N/A",,"false","-1","N/A",,"false",,"false",,"false","2079818",,"2079818","0","true","false",
"C","A","20160101","2016","52","2016","120","CMR","Cameroon","M","Import","70","BIH","Bosnia Herzegovina","0","W00","World","H4","HS","true","TOTAL","All Commodities","0","false","C00","TOTAL CPC","0","0","TOTAL MOT","-1","N/A",,"false","-1","N/A",,"false",,"false",,"false","192882",,"192882","0","true","false",
"C","A","20160101","2016","52","2016","120","CMR","Cameroon","M","Import","72","BWA","Botswana","0","W00","World","H4","HS","true","TOTAL","All Commodities","0","false","C00","TOTAL CPC","0","0","TOTAL MOT","-1","N/A",,"false","-1","N/A",,"false",,"false",,"false","139869",,"139869","0","true","false",
"C","A","20160101","2016","52","2016","120","CMR","Cameroon","M","Import","76","BRA","Brazil","0","W00","World","H4","HS","true","TOTAL","All Commodities","0","false","C00","TOTAL CPC","0","0","TOTAL MOT","-1","N/A",,"false","-1","N/A",,"false",,"false",,"false","62459717",,"62459717","0","true","false",
"C","A","20160101","2016","52","2016","120","CMR","Cameroon","M","Import","84","BLZ","Belize","0","W00","World","H4","HS","true","TOTAL","All Commodities","0","false","C00","TOTAL CPC","0","0","TOTAL MOT","-1","N/A",,"false","-1","N/A",,"false",,"false",,"false","8694570",,"8694570","0","true","false",
"C","A","20160101","2016","52","2016","120","CMR","Cameroon","M","Import","96","BRN","Brunei Darussalam","0","W00","World","H4","HS","true","TOTAL","All Commodities","0","false","C00","TOTAL CPC","0","0","TOTAL MOT","-1","N/A",,"false","-1","N/A",,"false",,"false",,"false","2544",,"2544","0","true","false",
"C","A","20160101","2016","52","2016","120","CMR","Cameroon","M","Import","100","BGR","Bulgaria","0","W00","World","H4","HS","true","TOTAL","All Commodities","0","false","C00","TOTAL CPC","0","0","TOTAL MOT","-1","N/A",,"false","-1","N/A",,"false",,"false",,"false","6313218",,"6313218","0","true","false",
"C","A","20160101","2016","52","2016","120","CMR","Cameroon","M","Import","104","MMR","Myanmar","0","W00","World","H4","HS","true","TOTAL","All Commodities","0","false","C00","TOTAL CPC","0","0","TOTAL MOT","-1","N/A",,"false","-1","N/A",,"false",,"false",,"false","7136217",,"7136217","0","true","false",
"C","A","20160101","2016","52","2016","120","CMR","Cameroon","M","Import","108","BDI","Burundi","0","W00","World","H4","HS","true","TOTAL","All Commodities","0","false","C00","TOTAL CPC","0","0","TOTAL MOT","-1","N/A",,"false","-1","N/A",,"false",,"false",,"false","122",,"122","0","true","false",
"C","A","20160101","2016","52","2016","120","CMR","Cameroon","M","Import","116","KHM","Cambodia","0","W00","World","H4","HS","true","TOTAL","All Commodities","0","false","C00","TOTAL CPC","0","0","TOTAL MOT","-1","N/A",,"false","-1","N/A",,"false",,"false",,"false","150276",,"150276","0","true","false",
"C","A","20160101","2016","52","2016","120","CMR","Cameroon","M","Import","124","CAN","Canada","0","W00","World","H4","HS","true","TOTAL","All Commodities","0","false","C00","TOTAL CPC","0","0","TOTAL MOT","-1","N/A",,"false","-1","N/A",,"false",,"false",,"false","51925835",,"51925835","0","true","false",
"C","A","20160101","2016","52","2016","120","CMR","Cameroon","M","Import","136","CYM","Cayman Isds","0","W00","World","H4","HS","true","TOTAL","All Commodities","0","false","C00","TOTAL CPC","0","0","TOTAL MOT","-1","N/A",,"false","-1","N/A",,"false",,"false",,"false","11800",,"11800","0","true","false",
"C","A","20160101","2016","52","2016","120","CMR","Cameroon","M","Import","140","CAF","Central African Rep.","0","W00","World","H4","HS","true","TOTAL","All Commodities","0","false","C00","TOTAL CPC","0","0","TOTAL MOT","-1","N/A",,"false","-1","N/A",,"false",,"false",,"false","42966",,"42966","0","true","false",
"C","A","20160101","2016","52","2016","120","CMR","Cameroon","M","Import","144","LKA","Sri Lanka","0","W00","World","H4","HS","true","TOTAL","All Commodities","0","false","C00","TOTAL CPC","0","0","TOTAL MOT","-1","N/A",,"false","-1","N/A",,"false",,"false",,"false","422480",,"422480","0","true","false",
"C","A","20160101","2016","52","2016","120","CMR","Cameroon","M","Import","148","TCD","Chad","0","W00","World","H4","HS","true","TOTAL","All Commodities","0","false","C00","TOTAL CPC","0","0","TOTAL MOT","-1","N/A",,"false","-1","N/A",,"false",,"false",,"false","580613",,"580613","0","true","false",
"C","A","20160101","2016","52","2016","120","CMR","Cameroon","M","Import","152","CHL","Chile","0","W00","World","H4","HS","true","TOTAL","All Commodities","0","false","C00","TOTAL CPC","0","0","TOTAL MOT","-1","N/A",,"false","-1","N/A",,"false",,"false",,"false","1068831",,"1068831","0","true","false",
"C","A","20160101","2016","52","2016","120","CMR","Cameroon","M","Import","156","CHN","China","0","W00","World","H4","HS","true","TOTAL","All Commodities","0","false","C00","TOTAL CPC","0","0","TOTAL MOT","-1","N/A",,"false","-1","N/A",,"false",,"false",,"false","1046767353",,"1046767353","0","true","false",
"C","A","20160101","2016","52","2016","120","CMR","Cameroon","M","Import","170","COL","Colombia","0","W00","World","H4","HS","true","TOTAL","All Commodities","0","false","C00","TOTAL CPC","0","0","TOTAL MOT","-1","N/A",,"false","-1","N/A",,"false",,"false",,"false","2182770",,"2182770","0","true","false",
"C","A","20160101","2016","52","2016","120","CMR","Cameroon","M","Import","178","COG","Congo","0","W00","World","H4","HS","true","TOTAL","All Commodities","0","false","C00","TOTAL CPC","0","0","TOTAL MOT","-1","N/A",,"false","-1","N/A",,"false",,"false",,"false","18987392",,"18987392","0","true","false",
"C","A","20160101","2016","52","2016","120","CMR","Cameroon","M","Import","180","COD","Dem. Rep. of the Congo","0","W00","World","H4","HS","true","TOTAL","All Commodities","0","false","C00","TOTAL CPC","0","0","TOTAL MOT","-1","N/A",,"false","-1","N/A",,"false",,"false",,"false","111174",,"111174","0","true","false",
"C","A","20160101","2016","52","2016","120","CMR","Cameroon","M","Import","184","COK","Cook Isds","0","W00","World","H4","HS","true","TOTAL","All Commodities","0","false","C00","TOTAL CPC","0","0","TOTAL MOT","-1","N/A",,"false","-1","N/A",,"false",,"false",,"false","214",,"214","0","true","false",
"C","A","20160101","2016","52","2016","120","CMR","Cameroon","M","Import","188","CRI","Costa Rica","0","W00","World","H4","HS","true","TOTAL","All Commodities","0","false","C00","TOTAL CPC","0","0","TOTAL MOT","-1","N/A",,"false","-1","N/A",,"false",,"false",,"false","5954864",,"5954864","0","true","false",
"C","A","20160101","2016","52","2016","120","CMR","Cameroon","M","Import","191","HRV","Croatia","0","W00","World","H4","HS","true","TOTAL","All Commodities","0","false","C00","TOTAL CPC","0","0","TOTAL MOT","-1","N/A",,"false","-1","N/A",,"false",,"false",,"false","633373",,"633373","0","true","false",
"C","A","20160101","2016","52","2016","120","CMR","Cameroon","M","Import","192","CUB","Cuba","0","W00","World","H4","HS","true","TOTAL","All Commodities","0","false","C00","TOTAL CPC","0","0","TOTAL MOT","-1","N/A",,"false","-1","N/A",,"false",,"false",,"false","30205",,"30205","0","true","false",
"C","A","20160101","2016","52","2016","120","CMR","Cameroon","M","Import","196","CYP","Cyprus","0","W00","World","H4","HS","true","TOTAL","All Commodities","0","false","C00","TOTAL CPC","0","0","TOTAL MOT","-1","N/A",,"false","-1","N/A",,"false",,"false",,"false","706342",,"706342","0","true","false",
"C","A","20160101","2016","52","2016","120","CMR","Cameroon","M","Import","203","CZE","Czechia","0","W00","World","H4","HS","true","TOTAL","All Commodities","0","false","C00","TOTAL CPC","0","0","TOTAL MOT","-1","N/A",,"false","-1","N/A",,"false",,"false",,"false","10124206",,"10124206","0","true","false",
"C","A","20160101","2016","52","2016","120","CMR","Cameroon","M","Import","204","BEN","Benin","0","W00","World","H4","HS","true","TOTAL","All Commodities","0","false","C00","TOTAL CPC","0","0","TOTAL MOT","-1","N/A",,"false","-1","N/A",,"false",,"false",,"false","608999",,"608999","0","true","false",
"C","A","20160101","2016","52","2016","120","CMR","Cameroon","M","Import","208","DNK","Denmark","0","W00","World","H4","HS","true","TOTAL","All Commodities","0","false","C00","TOTAL CPC","0","0","TOTAL MOT","-1","N/A",,"false","-1","N/A",,"false",,"false",,"false","7227519",,"7227519","0","true","false",
"C","A","20160101","2016","52","2016","120","CMR","Cameroon","M","Import","212","DMA","Dominica","0","W00","World","H4","HS","true","TOTAL","All Commodities","0","false","C00","TOTAL CPC","0","0","TOTAL MOT","-1","N/A",,"false","-1","N/A",,"false",,"false",,"false","3044",,"3044","0","true","false",
"C","A","20160101","2016","52","2016","120","CMR","Cameroon","M","Import","214","DOM","Dominican Rep.","0","W00","World","H4","HS","true","TOTAL","All Commodities","0","false","C00","TOTAL CPC","0","0","TOTAL MOT","-1","N/A",,"false","-1","N/A",,"false",,"false",,"false","817960",,"817960","0","true","false",
"C","A","20160101","2016","52","2016","120","CMR","Cameroon","M","Import","218","ECU","Ecuador","0","W00","World","H4","HS","true","TOTAL","All Commodities","0","false","C00","TOTAL CPC","0","0","TOTAL MOT","-1","N/A",,"false","-1","N/A",,"false",,"false",,"false","1004640",,"1004640","0","true","false",
"C","A","20160101","2016","52","2016","120","CMR","Cameroon","M","Import","222","SLV","El Salvador","0","W00","World","H4","HS","true","TOTAL","All Commodities","0","false","C00","TOTAL CPC","0","0","TOTAL MOT","-1","N/A",,"false","-1","N/A",,"false",,"false",,"false","6159",,"6159","0","true","false",
"C","A","20160101","2016","52","2016","120","CMR","Cameroon","M","Import","226","GNQ","Equatorial Guinea","0","W00","World","H4","HS","true","TOTAL","All Commodities","0","false","C00","TOTAL CPC","0","0","TOTAL MOT","-1","N/A",,"false","-1","N/A",,"false",,"false",,"false","52359045",,"52359045","0","true","false",
"C","A","20160101","2016","52","2016","120","CMR","Cameroon","M","Import","231","ETH","Ethiopia","0","W00","World","H4","HS","true","TOTAL","All Commodities","0","false","C00","TOTAL CPC","0","0","TOTAL MOT","-1","N/A",,"false","-1","N/A",,"false",,"false",,"false","9957",,"9957","0","true","false",
"C","A","20160101","2016","52","2016","120","CMR","Cameroon","M","Import","232","ERI","Eritrea","0","W00","World","H4","HS","true","TOTAL","All Commodities","0","false","C00","TOTAL CPC","0","0","TOTAL MOT","-1","N/A",,"false","-1","N/A",,"false",,"false",,"false","5085",,"5085","0","true","false",
"C","A","20160101","2016","52","2016","120","CMR","Cameroon","M","Import","233","EST","Estonia","0","W00","World","H4","HS","true","TOTAL","All Commodities","0","false","C00","TOTAL CPC","0","0","TOTAL MOT","-1","N/A",,"false","-1","N/A",,"false",,"false",,"false","6756779",,"6756779","0","true","false",
"C","A","20160101","2016","52","2016","120","CMR","Cameroon","M","Import","234","FRO","Faroe Isds","0","W00","World","H4","HS","true","TOTAL","All Commodities","0","false","C00","TOTAL CPC","0","0","TOTAL MOT","-1","N/A",,"false","-1","N/A",,"false",,"false",,"false","4708",,"4708","0","true","false",
"C","A","20160101","2016","52","2016","120","CMR","Cameroon","M","Import","246","FIN","Finland","0","W00","World","H4","HS","true","TOTAL","All Commodities","0","false","C00","TOTAL CPC","0","0","TOTAL MOT","-1","N/A",,"false","-1","N/A",,"false",,"false",,"false","16902134",,"16902134","0","true","false",
"C","A","20160101","2016","52","2016","120","CMR","Cameroon","M","Import","251","FRA","France","0","W00","World","H4","HS","true","TOTAL","All Commodities","0","false","C00","TOTAL CPC","0","0","TOTAL MOT","-1","N/A",,"false","-1","N/A",,"false",,"false",,"false","589052866",,"589052866","0","true","false",
"C","A","20160101","2016","52","2016","120","CMR","Cameroon","M","Import","258","PYF","French Polynesia","0","W00","World","H4","HS","true","TOTAL","All Commodities","0","false","C00","TOTAL CPC","0","0","TOTAL MOT","-1","N/A",,"false","-1","N/A",,"false",,"false",,"false","78",,"78","0","true","false",
"C","A","20160101","2016","52","2016","120","CMR","Cameroon","M","Import","260","ATF","Fr. South Antarctic Terr.","0","W00","World","H4","HS","true","TOTAL","All Commodities","0","false","C00","TOTAL CPC","0","0","TOTAL MOT","-1","N/A",,"false","-1","N/A",,"false",,"false",,"false","11800",,"11800","0","true","false",
"C","A","20160101","2016","52","2016","120","CMR","Cameroon","M","Import","262","DJI","Djibouti","0","W00","World","H4","HS","true","TOTAL","All Commodities","0","false","C00","TOTAL CPC","0","0","TOTAL MOT","-1","N/A",,"false","-1","N/A",,"false",,"false",,"false","23600",,"23600","0","true","false",
"C","A","20160101","2016","52","2016","120","CMR","Cameroon","M","Import","266","GAB","Gabon","0","W00","World","H4","HS","true","TOTAL","All Commodities","0","false","C00","TOTAL CPC","0","0","TOTAL MOT","-1","N/A",,"false","-1","N/A",,"false",,"false",,"false","1152876",,"1152876","0","true","false",
"C","A","20160101","2016","52","2016","120","CMR","Cameroon","M","Import","268","GEO","Georgia","0","W00","World","H4","HS","true","TOTAL","All Commodities","0","false","C00","TOTAL CPC","0","0","TOTAL MOT","-1","N/A",,"false","-1","N/A",,"false",,"false",,"false","5114",,"5114","0","true","false",
"C","A","20160101","2016","52","2016","120","CMR","Cameroon","M","Import","270","GMB","Gambia","0","W00","World","H4","HS","true","TOTAL","All Commodities","0","false","C00","TOTAL CPC","0","0","TOTAL MOT","-1","N/A",,"false","-1","N/A",,"false",,"false",,"false","54016",,"54016","0","true","false",
"C","A","20160101","2016","52","2016","120","CMR","Cameroon","M","Import","276","DEU","Germany","0","W00","World","H4","HS","true","TOTAL","All Commodities","0","false","C00","TOTAL CPC","0","0","TOTAL MOT","-1","N/A",,"false","-1","N/A",,"false",,"false",,"false","197214091",,"197214091","0","true","false",
"C","A","20160101","2016","52","2016","120","CMR","Cameroon","M","Import","288","GHA","Ghana","0","W00","World","H4","HS","true","TOTAL","All Commodities","0","false","C00","TOTAL CPC","0","0","TOTAL MOT","-1","N/A",,"false","-1","N/A",,"false",,"false",,"false","3730616",,"3730616","0","true","false",
"C","A","20160101","2016","52","2016","120","CMR","Cameroon","M","Import","292","GIB","Gibraltar","0","W00","World","H4","HS","true","TOTAL","All Commodities","0","false","C00","TOTAL CPC","0","0","TOTAL MOT","-1","N/A",,"false","-1","N/A",,"false",,"false",,"false","11800",,"11800","0","true","false",
"C","A","20160101","2016","52","2016","120","CMR","Cameroon","M","Import","300","GRC","Greece","0","W00","World","H4","HS","true","TOTAL","All Commodities","0","false","C00","TOTAL CPC","0","0","TOTAL MOT","-1","N/A",,"false","-1","N/A",,"false",,"false",,"false","18554040",,"18554040","0","true","false",
"C","A","20160101","2016","52","2016","120","CMR","Cameroon","M","Import","304","GRL","Greenland","0","W00","World","H4","HS","true","TOTAL","All Commodities","0","false","C00","TOTAL CPC","0","0","TOTAL MOT","-1","N/A",,"false","-1","N/A",,"false",,"false",,"false","11800",,"11800","0","true","false",
"C","A","20160101","2016","52","2016","120","CMR","Cameroon","M","Import","308","GRD","Grenada","0","W00","World","H4","HS","true","TOTAL","All Commodities","0","false","C00","TOTAL CPC","0","0","TOTAL MOT","-1","N/A",,"false","-1","N/A",,"false",,"false",,"false","11800",,"11800","0","true","false",
"C","A","20160101","2016","52","2016","120","CMR","Cameroon","M","Import","316","GUM","Guam","0","W00","World","H4","HS","true","TOTAL","All Commodities","0","false","C00","TOTAL CPC","0","0","TOTAL MOT","-1","N/A",,"false","-1","N/A",,"false",,"false",,"false","83",,"83","0","true","false",
"C","A","20160101","2016","52","2016","120","CMR","Cameroon","M","Import","320","GTM","Guatemala","0","W00","World","H4","HS","true","TOTAL","All Commodities","0","false","C00","TOTAL CPC","0","0","TOTAL MOT","-1","N/A",,"false","-1","N/A",,"false",,"false",,"false","4614434",,"4614434","0","true","false",
"C","A","20160101","2016","52","2016","120","CMR","Cameroon","M","Import","336","VAT","Holy See (Vatican City State)","0","W00","World","H4","HS","true","TOTAL","All Commodities","0","false","C00","TOTAL CPC","0","0","TOTAL MOT","-1","N/A",,"false","-1","N/A",,"false",,"false",,"false","6014",,"6014","0","true","false",
"C","A","20160101","2016","52","2016","120","CMR","Cameroon","M","Import","340","HND","Honduras","0","W00","World","H4","HS","true","TOTAL","All Commodities","0","false","C00","TOTAL CPC","0","0","TOTAL MOT","-1","N/A",,"false","-1","N/A",,"false",,"false",,"false","22198",,"22198","0","true","false",
"C","A","20160101","2016","52","2016","120","CMR","Cameroon","M","Import","344","HKG","China, Hong Kong SAR","0","W00","World","H4","HS","true","TOTAL","All Commodities","0","false","C00","TOTAL CPC","0","0","TOTAL MOT","-1","N/A",,"false","-1","N/A",,"false",,"false",,"false","7338512",,"7338512","0","true","false",
"C","A","20160101","2016","52","2016","120","CMR","Cameroon","M","Import","348","HUN","Hungary","0","W00","World","H4","HS","true","TOTAL","All Commodities","0","false","C00","TOTAL CPC","0","0","TOTAL MOT","-1","N/A",,"false","-1","N/A",,"false",,"false",,"false","20944078",,"20944078","0","true","false",
"C","A","20160101","2016","52","2016","120","CMR","Cameroon","M","Import","352","ISL","Iceland","0","W00","World","H4","HS","true","TOTAL","All Commodities","0","false","C00","TOTAL CPC","0","0","TOTAL MOT","-1","N/A",,"false","-1","N/A",,"false",,"false",,"false","59210",,"59210","0","true","false",
"C","A","20160101","2016","52","2016","120","CMR","Cameroon","M","Import","360","IDN","Indonesia","0","W00","World","H4","HS","true","TOTAL","All Commodities","0","false","C00","TOTAL CPC","0","0","TOTAL MOT","-1","N/A",,"false","-1","N/A",,"false",,"false",,"false","30040861",,"30040861","0","true","false",
"C","A","20160101","2016","52","2016","120","CMR","Cameroon","M","Import","364","IRN","Iran","0","W00","World","H4","HS","true","TOTAL","All Commodities","0","false","C00","TOTAL CPC","0","0","TOTAL MOT","-1","N/A",,"false","-1","N/A",,"false",,"false",,"false","1027037",,"1027037","0","true","false",
"C","A","20160101","2016","52","2016","120","CMR","Cameroon","M","Import","372","IRL","Ireland","0","W00","World","H4","HS","true","TOTAL","All Commodities","0","false","C00","TOTAL CPC","0","0","TOTAL MOT","-1","N/A",,"false","-1","N/A",,"false",,"false",,"false","23082564",,"23082564","0","true","false",
"C","A","20160101","2016","52","2016","120","CMR","Cameroon","M","Import","376","ISR","Israel","0","W00","World","H4","HS","true","TOTAL","All Commodities","0","false","C00","TOTAL CPC","0","0","TOTAL MOT","-1","N/A",,"false","-1","N/A",,"false",,"false",,"false","2315335",,"2315335","0","true","false",
"C","A","20160101","2016","52","2016","120","CMR","Cameroon","M","Import","380","ITA","Italy","0","W00","World","H4","HS","true","TOTAL","All Commodities","0","false","C00","TOTAL CPC","0","0","TOTAL MOT","-1","N/A",,"false","-1","N/A",,"false",,"false",,"false","117893125",,"117893125","0","true","false",
"C","A","20160101","2016","52","2016","120","CMR","Cameroon","M","Import","384","CIV","Côte d'Ivoire","0","W00","World","H4","HS","true","TOTAL","All Commodities","0","false","C00","TOTAL CPC","0","0","TOTAL MOT","-1","N/A",,"false","-1","N/A",,"false",,"false",,"false","27056544",,"27056544","0","true","false",
"C","A","20160101","2016","52","2016","120","CMR","Cameroon","M","Import","388","JAM","Jamaica","0","W00","World","H4","HS","true","TOTAL","All Commodities","0","false","C00","TOTAL CPC","0","0","TOTAL MOT","-1","N/A",,"false","-1","N/A",,"false",,"false",,"false","18268157",,"18268157","0","true","false",
"C","A","20160101","2016","52","2016","120","CMR","Cameroon","M","Import","392","JPN","Japan","0","W00","World","H4","HS","true","TOTAL","All Commodities","0","false","C00","TOTAL CPC","0","0","TOTAL MOT","-1","N/A",,"false","-1","N/A",,"false",,"false",,"false","156492642",,"156492642","0","true","false",
"C","A","20160101","2016","52","2016","120","CMR","Cameroon","M","Import","400","JOR","Jordan","0","W00","World","H4","HS","true","TOTAL","All Commodities","0","false","C00","TOTAL CPC","0","0","TOTAL MOT","-1","N/A",,"false","-1","N/A",,"false",,"false",,"false","921767",,"921767","0","true","false",
"C","A","20160101","2016","52","2016","120","CMR","Cameroon","M","Import","404","KEN","Kenya","0","W00","World","H4","HS","true","TOTAL","All Commodities","0","false","C00","TOTAL CPC","0","0","TOTAL MOT","-1","N/A",,"false","-1","N/A",,"false",,"false",,"false","219042",,"219042","0","true","false",
"C","A","20160101","2016","52","2016","120","CMR","Cameroon","M","Import","408","PRK","Dem. People's Rep. of Korea","0","W00","World","H4","HS","true","TOTAL","All Commodities","0","false","C00","TOTAL CPC","0","0","TOTAL MOT","-1","N/A",,"false","-1","N/A",,"false",,"false",,"false","191801",,"191801","0","true","false",
"C","A","20160101","2016","52","2016","120","CMR","Cameroon","M","Import","410","KOR","Rep. of Korea","0","W00","World","H4","HS","true","TOTAL","All Commodities","0","false","C00","TOTAL CPC","0","0","TOTAL MOT","-1","N/A",,"false","-1","N/A",,"false",,"false",,"false","30875161",,"30875161","0","true","false",
"C","A","20160101","2016","52","2016","120","CMR","Cameroon","M","Import","414","KWT","Kuwait","0","W00","World","H4","HS","true","TOTAL","All Commodities","0","false","C00","TOTAL CPC","0","0","TOTAL MOT","-1","N/A",,"false","-1","N/A",,"false",,"false",,"false","500665",,"500665","0","true","false",
"C","A","20160101","2016","52","2016","120","CMR","Cameroon","M","Import","418","LAO","Lao People's Dem. Rep.","0","W00","World","H4","HS","true","TOTAL","All Commodities","0","false","C00","TOTAL CPC","0","0","TOTAL MOT","-1","N/A",,"false","-1","N/A",,"false",,"false",,"false","11800",,"11800","0","true","false",
"C","A","20160101","2016","52","2016","120","CMR","Cameroon","M","Import","422","LBN","Lebanon","0","W00","World","H4","HS","true","TOTAL","All Commodities","0","false","C00","TOTAL CPC","0","0","TOTAL MOT","-1","N/A",,"false","-1","N/A",,"false",,"false",,"false","5958834",,"5958834","0","true","false",
"C","A","20160101","2016","52","2016","120","CMR","Cameroon","M","Import","426","LSO","Lesotho","0","W00","World","H4","HS","true","TOTAL","All Commodities","0","false","C00","TOTAL CPC","0","0","TOTAL MOT","-1","N/A",,"false","-1","N/A",,"false",,"false",,"false","12382",,"12382","0","true","false",
"C","A","20160101","2016","52","2016","120","CMR","Cameroon","M","Import","428","LVA","Latvia","0","W00","World","H4","HS","true","TOTAL","All Commodities","0","false","C00","TOTAL CPC","0","0","TOTAL MOT","-1","N/A",,"false","-1","N/A",,"false",,"false",,"false","149098",,"149098","0","true","false",
"C","A","20160101","2016","52","2016","120","CMR","Cameroon","M","Import","430","LBR","Liberia","0","W00","World","H4","HS","true","TOTAL","All Commodities","0","false","C00","TOTAL CPC","0","0","TOTAL MOT","-1","N/A",,"false","-1","N/A",,"false",,"false",,"false","11800",,"11800","0","true","false",
"C","A","20160101","2016","52","2016","120","CMR","Cameroon","M","Import","434","LBY","Libya","0","W00","World","H4","HS","true","TOTAL","All Commodities","0","false","C00","TOTAL CPC","0","0","TOTAL MOT","-1","N/A",,"false","-1","N/A",,"false",,"false",,"false","11800",,"11800","0","true","false",
"C","A","20160101","2016","52","2016","120","CMR","Cameroon","M","Import","440","LTU","Lithuania","0","W00","World","H4","HS","true","TOTAL","All Commodities","0","false","C00","TOTAL CPC","0","0","TOTAL MOT","-1","N/A",,"false","-1","N/A",,"false",,"false",,"false","2227176",,"2227176","0","true","false",
"C","A","20160101","2016","52","2016","120","CMR","Cameroon","M","Import","442","LUX","Luxembourg","0","W00","World","H4","HS","true","TOTAL","All Commodities","0","false","C00","TOTAL CPC","0","0","TOTAL MOT","-1","N/A",,"false","-1","N/A",,"false",,"false",,"false","1485850",,"1485850","0","true","false",
"C","A","20160101","2016","52","2016","120","CMR","Cameroon","M","Import","446","MAC","China, Macao SAR","0","W00","World","H4","HS","true","TOTAL","All Commodities","0","false","C00","TOTAL CPC","0","0","TOTAL MOT","-1","N/A",,"false","-1","N/A",,"false",,"false",,"false","12179",,"12179","0","true","false",
"C","A","20160101","2016","52","2016","120","CMR","Cameroon","M","Import","450","MDG","Madagascar","0","W00","World","H4","HS","true","TOTAL","All Commodities","0","false","C00","TOTAL CPC","0","0","TOTAL MOT","-1","N/A",,"false","-1","N/A",,"false",,"false",,"false","294623",,"294623","0","true","false",
"C","A","20160101","2016","52","2016","120","CMR","Cameroon","M","Import","458","MYS","Malaysia","0","W00","World","H4","HS","true","TOTAL","All Commodities","0","false","C00","TOTAL CPC","0","0","TOTAL MOT","-1","N/A",,"false","-1","N/A",,"false",,"false",,"false","39857695",,"39857695","0","true","false",
"C","A","20160101","2016","52","2016","120","CMR","Cameroon","M","Import","462","MDV","Maldives","0","W00","World","H4","HS","true","TOTAL","All Commodities","0","false","C00","TOTAL CPC","0","0","TOTAL MOT","-1","N/A",,"false","-1","N/A",,"false",,"false",,"false","14068",,"14068","0","true","false",
"C","A","20160101","2016","52","2016","120","CMR","Cameroon","M","Import","466","MLI","Mali","0","W00","World","H4","HS","true","TOTAL","All Commodities","0","false","C00","TOTAL CPC","0","0","TOTAL MOT","-1","N/A",,"false","-1","N/A",,"false",,"false",,"false","12363",,"12363","0","true","false",
"C","A","20160101","2016","52","2016","120","CMR","Cameroon","M","Import","470","MLT","Malta","0","W00","World","H4","HS","true","TOTAL","All Commodities","0","false","C00","TOTAL CPC","0","0","TOTAL MOT","-1","N/A",,"false","-1","N/A",,"false",,"false",,"false","4820051",,"4820051","0","true","false",
"C","A","20160101","2016","52","2016","120","CMR","Cameroon","M","Import","478","MRT","Mauritania","0","W00","World","H4","HS","true","TOTAL","All Commodities","0","false","C00","TOTAL CPC","0","0","TOTAL MOT","-1","N/A",,"false","-1","N/A",,"false",,"false",,"false","116068333",,"116068333","0","true","false",
"C","A","20160101","2016","52","2016","120","CMR","Cameroon","M","Import","480","MUS","Mauritius","0","W00","World","H4","HS","true","TOTAL","All Commodities","0","false","C00","TOTAL CPC","0","0","TOTAL MOT","-1","N/A",,"false","-1","N/A",,"false",,"false",,"false","817889",,"817889","0","true","false",
"C","A","20160101","2016","52","2016","120","CMR","Cameroon","M","Import","484","MEX","Mexico","0","W00","World","H4","HS","true","TOTAL","All Commodities","0","false","C00","TOTAL CPC","0","0","TOTAL MOT","-1","N/A",,"false","-1","N/A",,"false",,"false",,"false","4385574",,"4385574","0","true","false",
"C","A","20160101","2016","52","2016","120","CMR","Cameroon","M","Import","490","S19","Other Asia, nes","0","W00","World","H4","HS","true","TOTAL","All Commodities","0","false","C00","TOTAL CPC","0","0","TOTAL MOT","-1","N/A",,"false","-1","N/A",,"false",,"false",,"false","34252036",,"34252036","0","true","false",
"C","A","20160101","2016","52","2016","120","CMR","Cameroon","M","Import","496","MNG","Mongolia","0","W00","World","H4","HS","true","TOTAL","All Commodities","0","false","C00","TOTAL CPC","0","0","TOTAL MOT","-1","N/A",,"false","-1","N/A",,"false",,"false",,"false","118075",,"118075","0","true","false",
"C","A","20160101","2016","52","2016","120","CMR","Cameroon","M","Import","498","MDA","Rep. of Moldova","0","W00","World","H4","HS","true","TOTAL","All Commodities","0","false","C00","TOTAL CPC","0","0","TOTAL MOT","-1","N/A",,"false","-1","N/A",,"false",,"false",,"false","39360",,"39360","0","true","false",
"C","A","20160101","2016","52","2016","120","CMR","Cameroon","M","Import","504","MAR","Morocco","0","W00","World","H4","HS","true","TOTAL","All Commodities","0","false","C00","TOTAL CPC","0","0","TOTAL MOT","-1","N/A",,"false","-1","N/A",,"false",,"false",,"false","81822462",,"81822462","0","true","false",
"C","A","20160101","2016","52","2016","120","CMR","Cameroon","M","Import","508","MOZ","Mozambique","0","W00","World","H4","HS","true","TOTAL","All Commodities","0","false","C00","TOTAL CPC","0","0","TOTAL MOT","-1","N/A",,"false","-1","N/A",,"false",,"false",,"false","165838",,"165838","0","true","false",
"C","A","20160101","2016","52","2016","120","CMR","Cameroon","M","Import","512","OMN","Oman","0","W00","World","H4","HS","true","TOTAL","All Commodities","0","false","C00","TOTAL CPC","0","0","TOTAL MOT","-1","N/A",,"false","-1","N/A",,"false",,"false",,"false","971356",,"971356","0","true","false",
"C","A","20160101","2016","52","2016","120","CMR","Cameroon","M","Import","516","NAM","Namibia","0","W00","World","H4","HS","true","TOTAL","All Commodities","0","false","C00","TOTAL CPC","0","0","TOTAL MOT","-1","N/A",,"false","-1","N/A",,"false",,"false",,"false","5261976",,"5261976","0","true","false",
"C","A","20160101","2016","52","2016","120","CMR","Cameroon","M","Import","520","NRU","Naoero","0","W00","World","H4","HS","true","TOTAL","All Commodities","0","false","C00","TOTAL CPC","0","0","TOTAL MOT","-1","N/A",,"false","-1","N/A",,"false",,"false",,"false","17093",,"17093","0","true","false",
"C","A","20160101","2016","52","2016","120","CMR","Cameroon","M","Import","524","NPL","Nepal","0","W00","World","H4","HS","true","TOTAL","All Commodities","0","false","C00","TOTAL CPC","0","0","TOTAL MOT","-1","N/A",,"false","-1","N/A",,"false",,"false",,"false","11800",,"11800","0","true","false",
"C","A","20160101","2016","52","2016","120","CMR","Cameroon","M","Import","527","O19","Oceania, nes","0","W00","World","H4","HS","true","TOTAL","All Commodities","0","false","C00","TOTAL CPC","0","0","TOTAL MOT","-1","N/A",,"false","-1","N/A",,"false",,"false",,"false","2529",,"2529","0","true","false",
"C","A","20160101","2016","52","2016","120","CMR","Cameroon","M","Import","528","NLD","Netherlands","0","W00","World","H4","HS","true","TOTAL","All Commodities","0","false","C00","TOTAL CPC","0","0","TOTAL MOT","-1","N/A",,"false","-1","N/A",,"false",,"false",,"false","91609157",,"91609157","0","true","false",
"C","A","20160101","2016","52","2016","120","CMR","Cameroon","M","Import","531","CUW","Curaçao","0","W00","World","H4","HS","true","TOTAL","All Commodities","0","false","C00","TOTAL CPC","0","0","TOTAL MOT","-1","N/A",,"false","-1","N/A",,"false",,"false",,"false","44292",,"44292","0","true","false",
"C","A","20160101","2016","52","2016","120","CMR","Cameroon","M","Import","540","NCL","New Caledonia","0","W00","World","H4","HS","true","TOTAL","All Commodities","0","false","C00","TOTAL CPC","0","0","TOTAL MOT","-1","N/A",,"false","-1","N/A",,"false",,"false",,"false","11800",,"11800","0","true","false",
"C","A","20160101","2016","52","2016","120","CMR","Cameroon","M","Import","554","NZL","New Zealand","0","W00","World","H4","HS","true","TOTAL","All Commodities","0","false","C00","TOTAL CPC","0","0","TOTAL MOT","-1","N/A",,"false","-1","N/A",,"false",,"false",,"false","16962199",,"16962199","0","true","false",
"C","A","20160101","2016","52","2016","120","CMR","Cameroon","M","Import","558","NIC","Nicaragua","0","W00","World","H4","HS","true","TOTAL","All Commodities","0","false","C00","TOTAL CPC","0","0","TOTAL MOT","-1","N/A",,"false","-1","N/A",,"false",,"false",,"false","14328",,"14328","0","true","false",
"C","A","20160101","2016","52","2016","120","CMR","Cameroon","M","Import","562","NER","Niger","0","W00","World","H4","HS","true","TOTAL","All Commodities","0","false","C00","TOTAL CPC","0","0","TOTAL MOT","-1","N/A",,"false","-1","N/A",,"false",,"false",,"false","37254",,"37254","0","true","false",
"C","A","20160101","2016","52","2016","120","CMR","Cameroon","M","Import","566","NGA","Nigeria","0","W00","World","H4","HS","true","TOTAL","All Commodities","0","false","C00","TOTAL CPC","0","0","TOTAL MOT","-1","N/A",,"false","-1","N/A",,"false",,"false",,"false","222973791",,"222973791","0","true","false",
"C","A","20160101","2016","52","2016","120","CMR","Cameroon","M","Import","570","NIU","Niue","0","W00","World","H4","HS","true","TOTAL","All Commodities","0","false","C00","TOTAL CPC","0","0","TOTAL MOT","-1","N/A",,"false","-1","N/A",,"false",,"false",,"false","11800",,"11800","0","true","false",
"C","A","20160101","2016","52","2016","120","CMR","Cameroon","M","Import","579","NOR","Norway","0","W00","World","H4","HS","true","TOTAL","All Commodities","0","false","C00","TOTAL CPC","0","0","TOTAL MOT","-1","N/A",,"false","-1","N/A",,"false",,"false",,"false","8193861",,"8193861","0","true","false",
"C","A","20160101","2016","52","2016","120","CMR","Cameroon","M","Import","581","UMI","United States Minor Outlying Islands","0","W00","World","H4","HS","true","TOTAL","All Commodities","0","false","C00","TOTAL CPC","0","0","TOTAL MOT","-1","N/A",,"false","-1","N/A",,"false",,"false",,"false","37379",,"37379","0","true","false",
"C","A","20160101","2016","52","2016","120","CMR","Cameroon","M","Import","586","PAK","Pakistan","0","W00","World","H4","HS","true","TOTAL","All Commodities","0","false","C00","TOTAL CPC","0","0","TOTAL MOT","-1","N/A",,"false","-1","N/A",,"false",,"false",,"false","8047850",,"8047850","0","true","false",
"C","A","20160101","2016","52","2016","120","CMR","Cameroon","M","Import","591","PAN","Panama","0","W00","World","H4","HS","true","TOTAL","All Commodities","0","false","C00","TOTAL CPC","0","0","TOTAL MOT","-1","N/A",,"false","-1","N/A",,"false",,"false",,"false","11875",,"11875","0","true","false",
"C","A","20160101","2016","52","2016","120","CMR","Cameroon","M","Import","604","PER","Peru","0","W00","World","H4","HS","true","TOTAL","All Commodities","0","false","C00","TOTAL CPC","0","0","TOTAL MOT","-1","N/A",,"false","-1","N/A",,"false",,"false",,"false","2903964",,"2903964","0","true","false",
"C","A","20160101","2016","52","2016","120","CMR","Cameroon","M","Import","608","PHL","Philippines","0","W00","World","H4","HS","true","TOTAL","All Commodities","0","false","C00","TOTAL CPC","0","0","TOTAL MOT","-1","N/A",,"false","-1","N/A",,"false",,"false",,"false","2976970",,"2976970","0","true","false",
"C","A","20160101","2016","52","2016","120","CMR","Cameroon","M","Import","612","PCN","Pitcairn","0","W00","World","H4","HS","true","TOTAL","All Commodities","0","false","C00","TOTAL CPC","0","0","TOTAL MOT","-1","N/A",,"false","-1","N/A",,"false",,"false",,"false","11800",,"11800","0","true","false",
"C","A","20160101","2016","52","2016","120","CMR","Cameroon","M","Import","616","POL","Poland","0","W00","World","H4","HS","true","TOTAL","All Commodities","0","false","C00","TOTAL CPC","0","0","TOTAL MOT","-1","N/A",,"false","-1","N/A",,"false",,"false",,"false","38779358",,"38779358","0","true","false",
"C","A","20160101","2016","52","2016","120","CMR","Cameroon","M","Import","620","PRT","Portugal","0","W00","World","H4","HS","true","TOTAL","All Commodities","0","false","C00","TOTAL CPC","0","0","TOTAL MOT","-1","N/A",,"false","-1","N/A",,"false",,"false",,"false","27047567",,"27047567","0","true","false",
"C","A","20160101","2016","52","2016","120","CMR","Cameroon","M","Import","624","GNB","Guinea-Bissau","0","W00","World","H4","HS","true","TOTAL","All Commodities","0","false","C00","TOTAL CPC","0","0","TOTAL MOT","-1","N/A",,"false","-1","N/A",,"false",,"false",,"false","1211777",,"1211777","0","true","false",
"C","A","20160101","2016","52","2016","120","CMR","Cameroon","M","Import","626","TLS","Timor-Leste","0","W00","World","H4","HS","true","TOTAL","All Commodities","0","false","C00","TOTAL CPC","0","0","TOTAL MOT","-1","N/A",,"false","-1","N/A",,"false",,"false",,"false","337",,"337","0","true","false",
"C","A","20160101","2016","52","2016","120","CMR","Cameroon","M","Import","634","QAT","Qatar","0","W00","World","H4","HS","true","TOTAL","All Commodities","0","false","C00","TOTAL CPC","0","0","TOTAL MOT","-1","N/A",,"false","-1","N/A",,"false",,"false",,"false","3086554",,"3086554","0","true","false",
"C","A","20160101","2016","52","2016","120","CMR","Cameroon","M","Import","642","ROU","Romania","0","W00","World","H4","HS","true","TOTAL","All Commodities","0","false","C00","TOTAL CPC","0","0","TOTAL MOT","-1","N/A",,"false","-1","N/A",,"false",,"false",,"false","7626621",,"7626621","0","true","false",
"C","A","20160101","2016","52","2016","120","CMR","Cameroon","M","Import","643","RUS","Russian Federation","0","W00","World","H4","HS","true","TOTAL","All Commodities","0","false","C00","TOTAL CPC","0","0","TOTAL MOT","-1","N/A",,"false","-1","N/A",,"false",,"false",,"false","75895976",,"75895976","0","true","false",
"C","A","20160101","2016","52","2016","120","CMR","Cameroon","M","Import","646","RWA","Rwanda","0","W00","World","H4","HS","true","TOTAL","All Commodities","0","false","C00","TOTAL CPC","0","0","TOTAL MOT","-1","N/A",,"false","-1","N/A",,"false",,"false",,"false","3837",,"3837","0","true","false",
"C","A","20160101","2016","52","2016","120","CMR","Cameroon","M","Import","652","BLM","Saint Barthélemy","0","W00","World","H4","HS","true","TOTAL","All Commodities","0","false","C00","TOTAL CPC","0","0","TOTAL MOT","-1","N/A",,"false","-1","N/A",,"false",,"false",,"false","2526055",,"2526055","0","true","false",
"C","A","20160101","2016","52","2016","120","CMR","Cameroon","M","Import","654","SHN","Saint Helena","0","W00","World","H4","HS","true","TOTAL","All Commodities","0","false","C00","TOTAL CPC","0","0","TOTAL MOT","-1","N/A",,"false","-1","N/A",,"false",,"false",,"false","11800",,"11800","0","true","false",
"C","A","20160101","2016","52","2016","120","CMR","Cameroon","M","Import","662","LCA","Saint Lucia","0","W00","World","H4","HS","true","TOTAL","All Commodities","0","false","C00","TOTAL CPC","0","0","TOTAL MOT","-1","N/A",,"false","-1","N/A",,"false",,"false",,"false","11800",,"11800","0","true","false",
"C","A","20160101","2016","52","2016","120","CMR","Cameroon","M","Import","666","SPM","Saint Pierre and Miquelon","0","W00","World","H4","HS","true","TOTAL","All Commodities","0","false","C00","TOTAL CPC","0","0","TOTAL MOT","-1","N/A",,"false","-1","N/A",,"false",,"false",,"false","11800",,"11800","0","true","false",
"C","A","20160101","2016","52","2016","120","CMR","Cameroon","M","Import","678","STP","Sao Tome and Principe","0","W00","World","H4","HS","true","TOTAL","All Commodities","0","false","C00","TOTAL CPC","0","0","TOTAL MOT","-1","N/A",,"false","-1","N/A",,"false",,"false",,"false","1779",,"1779","0","true","false",
"C","A","20160101","2016","52","2016","120","CMR","Cameroon","M","Import","682","SAU","Saudi Arabia","0","W00","World","H4","HS","true","TOTAL","All Commodities","0","false","C00","TOTAL CPC","0","0","TOTAL MOT","-1","N/A",,"false","-1","N/A",,"false",,"false",,"false","9186302",,"9186302","0","true","false",
"C","A","20160101","2016","52","2016","120","CMR","Cameroon","M","Import","686","SEN","Senegal","0","W00","World","H4","HS","true","TOTAL","All Commodities","0","false","C00","TOTAL CPC","0","0","TOTAL MOT","-1","N/A",,"false","-1","N/A",,"false",,"false",,"false","61480953",,"61480953","0","true","false",
"C","A","20160101","2016","52","2016","120","CMR","Cameroon","M","Import","688","SRB","Serbia","0","W00","World","H4","HS","true","TOTAL","All Commodities","0","false","C00","TOTAL CPC","0","0","TOTAL MOT","-1","N/A",,"false","-1","N/A",,"false",,"false",,"false","390098",,"390098","0","true","false",
"C","A","20160101","2016","52","2016","120","CMR","Cameroon","M","Import","690","SYC","Seychelles","0","W00","World","H4","HS","true","TOTAL","All Commodities","0","false","C00","TOTAL CPC","0","0","TOTAL MOT","-1","N/A",,"false","-1","N/A",,"false",,"false",,"false","15392",,"15392","0","true","false",
"C","A","20160101","2016","52","2016","120","CMR","Cameroon","M","Import","694","SLE","Sierra Leone","0","W00","World","H4","HS","true","TOTAL","All Commodities","0","false","C00","TOTAL CPC","0","0","TOTAL MOT","-1","N/A",,"false","-1","N/A",,"false",,"false",,"false","28202",,"28202","0","true","false",
"C","A","20160101","2016","52","2016","120","CMR","Cameroon","M","Import","699","IND","India","0","W00","World","H4","HS","true","TOTAL","All Commodities","0","false","C00","TOTAL CPC","0","0","TOTAL MOT","-1","N/A",,"false","-1","N/A",,"false",,"false",,"false","158651759",,"158651759","0","true","false",
"C","A","20160101","2016","52","2016","120","CMR","Cameroon","M","Import","702","SGP","Singapore","0","W00","World","H4","HS","true","TOTAL","All Commodities","0","false","C00","TOTAL CPC","0","0","TOTAL MOT","-1","N/A",,"false","-1","N/A",,"false",,"false",,"false","5937347",,"5937347","0","true","false",
"C","A","20160101","2016","52","2016","120","CMR","Cameroon","M","Import","703","SVK","Slovakia","0","W00","World","H4","HS","true","TOTAL","All Commodities","0","false","C00","TOTAL CPC","0","0","TOTAL MOT","-1","N/A",,"false","-1","N/A",,"false",,"false",,"false","2028547",,"2028547","0","true","false",
"C","A","20160101","2016","52","2016","120","CMR","Cameroon","M","Import","704","VNM","Viet Nam","0","W00","World","H4","HS","true","TOTAL","All Commodities","0","false","C00","TOTAL CPC","0","0","TOTAL MOT","-1","N/A",,"false","-1","N/A",,"false",,"false",,"false","19780843",,"19780843","0","true","false",
"C","A","20160101","2016","52","2016","120","CMR","Cameroon","M","Import","705","SVN","Slovenia","0","W00","World","H4","HS","true","TOTAL","All Commodities","0","false","C00","TOTAL CPC","0","0","TOTAL MOT","-1","N/A",,"false","-1","N/A",,"false",,"false",,"false","1478263",,"1478263","0","true","false",
"C","A","20160101","2016","52","2016","120","CMR","Cameroon","M","Import","710","ZAF","South Africa","0","W00","World","H4","HS","true","TOTAL","All Commodities","0","false","C00","TOTAL CPC","0","0","TOTAL MOT","-1","N/A",,"false","-1","N/A",,"false",,"false",,"false","74117885",,"74117885","0","true","false",
"C","A","20160101","2016","52","2016","120","CMR","Cameroon","M","Import","716","ZWE","Zimbabwe","0","W00","World","H4","HS","true","TOTAL","All Commodities","0","false","C00","TOTAL CPC","0","0","TOTAL MOT","-1","N/A",,"false","-1","N/A",,"false",,"false",,"false","2331",,"2331","0","true","false",
"C","A","20160101","2016","52","2016","120","CMR","Cameroon","M","Import","724","ESP","Spain","0","W00","World","H4","HS","true","TOTAL","All Commodities","0","false","C00","TOTAL CPC","0","0","TOTAL MOT","-1","N/A",,"false","-1","N/A",,"false",,"false",,"false","192324651",,"192324651","0","true","false",
"C","A","20160101","2016","52","2016","120","CMR","Cameroon","M","Import","729","SDN","Sudan","0","W00","World","H4","HS","true","TOTAL","All Commodities","0","false","C00","TOTAL CPC","0","0","TOTAL MOT","-1","N/A",,"false","-1","N/A",,"false",,"false",,"false","268",,"268","0","true","false",
"C","A","20160101","2016","52","2016","120","CMR","Cameroon","M","Import","740","SUR","Suriname","0","W00","World","H4","HS","true","TOTAL","All Commodities","0","false","C00","TOTAL CPC","0","0","TOTAL MOT","-1","N/A",,"false","-1","N/A",,"false",,"false",,"false","16171",,"16171","0","true","false",
"C","A","20160101","2016","52","2016","120","CMR","Cameroon","M","Import","748","SWZ","Eswatini","0","W00","World","H4","HS","true","TOTAL","All Commodities","0","false","C00","TOTAL CPC","0","0","TOTAL MOT","-1","N/A",,"false","-1","N/A",,"false",,"false",,"false","102956",,"102956","0","true","false",
"C","A","20160101","2016","52","2016","120","CMR","Cameroon","M","Import","752","SWE","Sweden","0","W00","World","H4","HS","true","TOTAL","All Commodities","0","false","C00","TOTAL CPC","0","0","TOTAL MOT","-1","N/A",,"false","-1","N/A",,"false",,"false",,"false","18266319",,"18266319","0","true","false",
"C","A","20160101","2016","52","2016","120","CMR","Cameroon","M","Import","757","CHE","Switzerland","0","W00","World","H4","HS","true","TOTAL","All Commodities","0","false","C00","TOTAL CPC","0","0","TOTAL MOT","-1","N/A",,"false","-1","N/A",,"false",,"false",,"false","24685058",,"24685058","0","true","false",
"C","A","20160101","2016","52","2016","120","CMR","Cameroon","M","Import","760","SYR","Syria","0","W00","World","H4","HS","true","TOTAL","All Commodities","0","false","C00","TOTAL CPC","0","0","TOTAL MOT","-1","N/A",,"false","-1","N/A",,"false",,"false",,"false","23430",,"23430","0","true","false",
"C","A","20160101","2016","52","2016","120","CMR","Cameroon","M","Import","764","THA","Thailand","0","W00","World","H4","HS","true","TOTAL","All Commodities","0","false","C00","TOTAL CPC","0","0","TOTAL MOT","-1","N/A",,"false","-1","N/A",,"false",,"false",,"false","222479928",,"222479928","0","true","false",
"C","A","20160101","2016","52","2016","120","CMR","Cameroon","M","Import","768","TGO","Togo","0","W00","World","H4","HS","true","TOTAL","All Commodities","0","false","C00","TOTAL CPC","0","0","TOTAL MOT","-1","N/A",,"false","-1","N/A",,"false",,"false",,"false","130076286",,"130076286","0","true","false",
"C","A","20160101","2016","52","2016","120","CMR","Cameroon","M","Import","772","TKL","Tokelau","0","W00","World","H4","HS","true","TOTAL","All Commodities","0","false","C00","TOTAL CPC","0","0","TOTAL MOT","-1","N/A",,"false","-1","N/A",,"false",,"false",,"false","1724",,"1724","0","true","false",
"C","A","20160101","2016","52","2016","120","CMR","Cameroon","M","Import","780","TTO","Trinidad and Tobago","0","W00","World","H4","HS","true","TOTAL","All Commodities","0","false","C00","TOTAL CPC","0","0","TOTAL MOT","-1","N/A",,"false","-1","N/A",,"false",,"false",,"false","86149",,"86149","0","true","false",
"C","A","20160101","2016","52","2016","120","CMR","Cameroon","M","Import","784","ARE","United Arab Emirates","0","W00","World","H4","HS","true","TOTAL","All Commodities","0","false","C00","TOTAL CPC","0","0","TOTAL MOT","-1","N/A",,"false","-1","N/A",,"false",,"false",,"false","46064912",,"46064912","0","true","false",
"C","A","20160101","2016","52","2016","120","CMR","Cameroon","M","Import","788","TUN","Tunisia","0","W00","World","H4","HS","true","TOTAL","All Commodities","0","false","C00","TOTAL CPC","0","0","TOTAL MOT","-1","N/A",,"false","-1","N/A",,"false",,"false",,"false","16853438",,"16853438","0","true","false",
"C","A","20160101","2016","52","2016","120","CMR","Cameroon","M","Import","792","TUR","Türkiye","0","W00","World","H4","HS","true","TOTAL","All Commodities","0","false","C00","TOTAL CPC","0","0","TOTAL MOT","-1","N/A",,"false","-1","N/A",,"false",,"false",,"false","83458548",,"83458548","0","true","false",
"C","A","20160101","2016","52","2016","120","CMR","Cameroon","M","Import","795","TKM","Turkmenistan","0","W00","World","H4","HS","true","TOTAL","All Commodities","0","false","C00","TOTAL CPC","0","0","TOTAL MOT","-1","N/A",,"false","-1","N/A",,"false",,"false",,"false","1469",,"1469","0","true","false",
"C","A","20160101","2016","52","2016","120","CMR","Cameroon","M","Import","800","UGA","Uganda","0","W00","World","H4","HS","true","TOTAL","All Commodities","0","false","C00","TOTAL CPC","0","0","TOTAL MOT","-1","N/A",,"false","-1","N/A",,"false",,"false",,"false","77006",,"77006","0","true","false",
"C","A","20160101","2016","52","2016","120","CMR","Cameroon","M","Import","807","MKD","North Macedonia","0","W00","World","H4","HS","true","TOTAL","All Commodities","0","false","C00","TOTAL CPC","0","0","TOTAL MOT","-1","N/A",,"false","-1","N/A",,"false",,"false",,"false","2927438",,"2927438","0","true","false",
"C","A","20160101","2016","52","2016","120","CMR","Cameroon","M","Import","818","EGY","Egypt","0","W00","World","H4","HS","true","TOTAL","All Commodities","0","false","C00","TOTAL CPC","0","0","TOTAL MOT","-1","N/A",,"false","-1","N/A",,"false",,"false",,"false","29337545",,"29337545","0","true","false",
"C","A","20160101","2016","52","2016","120","CMR","Cameroon","M","Import","826","GBR","United Kingdom","0","W00","World","H4","HS","true","TOTAL","All Commodities","0","false","C00","TOTAL CPC","0","0","TOTAL MOT","-1","N/A",,"false","-1","N/A",,"false",,"false",,"false","69081576",,"69081576","0","true","false",
"C","A","20160101","2016","52","2016","120","CMR","Cameroon","M","Import","834","TZA","United Rep. of Tanzania","0","W00","World","H4","HS","true","TOTAL","All Commodities","0","false","C00","TOTAL CPC","0","0","TOTAL MOT","-1","N/A",,"false","-1","N/A",,"false",,"false",,"false","51513",,"51513","0","true","false",
"C","A","20160101","2016","52","2016","120","CMR","Cameroon","M","Import","842","USA","USA","0","W00","World","H4","HS","true","TOTAL","All Commodities","0","false","C00","TOTAL CPC","0","0","TOTAL MOT","-1","N/A",,"false","-1","N/A",,"false",,"false",,"false","175387503",,"175387503","0","true","false",
"C","A","20160101","2016","52","2016","120","CMR","Cameroon","M","Import","854","BFA","Burkina Faso","0","W00","World","H4","HS","true","TOTAL","All Commodities","0","false","C00","TOTAL CPC","0","0","TOTAL MOT","-1","N/A",,"false","-1","N/A",,"false",,"false",,"false","162732",,"162732","0","true","false",
"C","A","20160101","2016","52","2016","120","CMR","Cameroon","M","Import","858","URY","Uruguay","0","W00","World","H4","HS","true","TOTAL","All Commodities","0","false","C00","TOTAL CPC","0","0","TOTAL MOT","-1","N/A",,"false","-1","N/A",,"false",,"false",,"false","3344461",,"3344461","0","true","false",
"C","A","20160101","2016","52","2016","120","CMR","Cameroon","M","Import","860","UZB","Uzbekistan","0","W00","World","H4","HS","true","TOTAL","All Commodities","0","false","C00","TOTAL CPC","0","0","TOTAL MOT","-1","N/A",,"false","-1","N/A",,"false",,"false",,"false","441",,"441","0","true","false",
"C","A","20160101","2016","52","2016","120","CMR","Cameroon","M","Import","862","VEN","Venezuela","0","W00","World","H4","HS","true","TOTAL","All Commodities","0","false","C00","TOTAL CPC","0","0","TOTAL MOT","-1","N/A",,"false","-1","N/A",,"false",,"false",,"false","10507",,"10507","0","true","false",
"C","A","20160101","2016","52","2016","120","CMR","Cameroon","M","Import","882","WSM","Samoa","0","W00","World","H4","HS","true","TOTAL","All Commodities","0","false","C00","TOTAL CPC","0","0","TOTAL MOT","-1","N/A",,"false","-1","N/A",,"false",,"false",,"false","2199",,"2199","0","true","false",
"C","A","20160101","2016","52","2016","120","CMR","Cameroon","M","Import","894","ZMB","Zambia","0","W00","World","H4","HS","true","TOTAL","All Commodities","0","false","C00","TOTAL CPC","0","0","TOTAL MOT","-1","N/A",,"false","-1","N/A",,"false",,"false",,"false","488042",,"488042","0","true","false",
"C","A","20160101","2016","52","2016","120","CMR","Cameroon","M","Import","899","_X ","Areas, nes","0","W00","World","H4","HS","true","TOTAL","All Commodities","0","false","C00","TOTAL CPC","0","0","TOTAL MOT","-1","N/A",,"false","-1","N/A",,"false",,"false",,"false","2544517",,"2544517","0","true","false",
"C","A","20160101","2016","52","2016","120","CMR","Cameroon","X","Export","0","W00","World","0","W00","World","H4","HS","true","TOTAL","All Commodities","0","false","C00","TOTAL CPC","0","0","TOTAL MOT","-1","N/A",,"false","-1","N/A",,"false",,"false",,"false",,"2130449501","2130449501","0","true","false",
"C","A","20160101","2016","52","2016","120","CMR","Cameroon","X","Export","8","ALB","Albania","0","W00","World","H4","HS","true","TOTAL","All Commodities","0","false","C00","TOTAL CPC","0","0","TOTAL MOT","-1","N/A",,"false","-1","N/A",,"false",,"false",,"false",,"142768","142768","0","true","false",
"C","A","20160101","2016","52","2016","120","CMR","Cameroon","X","Export","12","DZA","Algeria","0","W00","World","H4","HS","true","TOTAL","All Commodities","0","false","C00","TOTAL CPC","0","0","TOTAL MOT","-1","N/A",,"false","-1","N/A",,"false",,"false",,"false",,"4444883","4444883","0","true","false",
"C","A","20160101","2016","52","2016","120","CMR","Cameroon","X","Export","24","AGO","Angola","0","W00","World","H4","HS","true","TOTAL","All Commodities","0","false","C00","TOTAL CPC","0","0","TOTAL MOT","-1","N/A",,"false","-1","N/A",,"false",,"false",,"false",,"757825","757825","0","true","false",
"C","A","20160101","2016","52","2016","120","CMR","Cameroon","X","Export","28","ATG","Antigua and Barbuda","0","W00","World","H4","HS","true","TOTAL","All Commodities","0","false","C00","TOTAL CPC","0","0","TOTAL MOT","-1","N/A",,"false","-1","N/A",,"false",,"false",,"false",,"456610","456610","0","true","false",
"C","A","20160101","2016","52","2016","120","CMR","Cameroon","X","Export","31","AZE","Azerbaijan","0","W00","World","H4","HS","true","TOTAL","All Commodities","0","false","C00","TOTAL CPC","0","0","TOTAL MOT","-1","N/A",,"false","-1","N/A",,"false",,"false",,"false",,"164775","164775","0","true","false",
"C","A","20160101","2016","52","2016","120","CMR","Cameroon","X","Export","32","ARG","Argentina","0","W00","World","H4","HS","true","TOTAL","All Commodities","0","false","C00","TOTAL CPC","0","0","TOTAL MOT","-1","N/A",,"false","-1","N/A",,"false",,"false",,"false",,"292153","292153","0","true","false",
"C","A","20160101","2016","52","2016","120","CMR","Cameroon","X","Export","36","AUS","Australia","0","W00","World","H4","HS","true","TOTAL","All Commodities","0","false","C00","TOTAL CPC","0","0","TOTAL MOT","-1","N/A",,"false","-1","N/A",,"false",,"false",,"false",,"60164","60164","0","true","false",
"C","A","20160101","2016","52","2016","120","CMR","Cameroon","X","Export","40","AUT","Austria","0","W00","World","H4","HS","true","TOTAL","All Commodities","0","false","C00","TOTAL CPC","0","0","TOTAL MOT","-1","N/A",,"false","-1","N/A",,"false",,"false",,"false",,"6827","6827","0","true","false",
"C","A","20160101","2016","52","2016","120","CMR","Cameroon","X","Export","50","BGD","Bangladesh","0","W00","World","H4","HS","true","TOTAL","All Commodities","0","false","C00","TOTAL CPC","0","0","TOTAL MOT","-1","N/A",,"false","-1","N/A",,"false",,"false",,"false",,"49287900","49287900","0","true","false",
"C","A","20160101","2016","52","2016","120","CMR","Cameroon","X","Export","56","BEL","Belgium","0","W00","World","H4","HS","true","TOTAL","All Commodities","0","false","C00","TOTAL CPC","0","0","TOTAL MOT","-1","N/A",,"false","-1","N/A",,"false",,"false",,"false",,"198609214","198609214","0","true","false",
"C","A","20160101","2016","52","2016","120","CMR","Cameroon","X","Export","76","BRA","Brazil","0","W00","World","H4","HS","true","TOTAL","All Commodities","0","false","C00","TOTAL CPC","0","0","TOTAL MOT","-1","N/A",,"false","-1","N/A",,"false",,"false",,"false",,"654616","654616","0","true","false",
"C","A","20160101","2016","52","2016","120","CMR","Cameroon","X","Export","96","BRN","Brunei Darussalam","0","W00","World","H4","HS","true","TOTAL","All Commodities","0","false","C00","TOTAL CPC","0","0","TOTAL MOT","-1","N/A",,"false","-1","N/A",,"false",,"false",,"false",,"5019","5019","0","true","false",
"C","A","20160101","2016","52","2016","120","CMR","Cameroon","X","Export","100","BGR","Bulgaria","0","W00","World","H4","HS","true","TOTAL","All Commodities","0","false","C00","TOTAL CPC","0","0","TOTAL MOT","-1","N/A",,"false","-1","N/A",,"false",,"false",,"false",,"254832","254832","0","true","false",
"C","A","20160101","2016","52","2016","120","CMR","Cameroon","X","Export","124","CAN","Canada","0","W00","World","H4","HS","true","TOTAL","All Commodities","0","false","C00","TOTAL CPC","0","0","TOTAL MOT","-1","N/A",,"false","-1","N/A",,"false",,"false",,"false",,"2248061","2248061","0","true","false",
"C","A","20160101","2016","52","2016","120","CMR","Cameroon","X","Export","132","CPV","Cabo Verde","0","W00","World","H4","HS","true","TOTAL","All Commodities","0","false","C00","TOTAL CPC","0","0","TOTAL MOT","-1","N/A",,"false","-1","N/A",,"false",,"false",,"false",,"299980","299980","0","true","false",
"C","A","20160101","2016","52","2016","120","CMR","Cameroon","X","Export","140","CAF","Central African Rep.","0","W00","World","H4","HS","true","TOTAL","All Commodities","0","false","C00","TOTAL CPC","0","0","TOTAL MOT","-1","N/A",,"false","-1","N/A",,"false",,"false",,"false",,"37642024","37642024","0","true","false",
"C","A","20160101","2016","52","2016","120","CMR","Cameroon","X","Export","144","LKA","Sri Lanka","0","W00","World","H4","HS","true","TOTAL","All Commodities","0","false","C00","TOTAL CPC","0","0","TOTAL MOT","-1","N/A",,"false","-1","N/A",,"false",,"false",,"false",,"68508","68508","0","true","false",
"C","A","20160101","2016","52","2016","120","CMR","Cameroon","X","Export","148","TCD","Chad","0","W00","World","H4","HS","true","TOTAL","All Commodities","0","false","C00","TOTAL CPC","0","0","TOTAL MOT","-1","N/A",,"false","-1","N/A",,"false",,"false",,"false",,"91836312","91836312","0","true","false",
"C","A","20160101","2016","52","2016","120","CMR","Cameroon","X","Export","156","CHN","China","0","W00","World","H4","HS","true","TOTAL","All Commodities","0","false","C00","TOTAL CPC","0","0","TOTAL MOT","-1","N/A",,"false","-1","N/A",,"false",,"false",,"false",,"150646359","150646359","0","true","false",
"C","A","20160101","2016","52","2016","120","CMR","Cameroon","X","Export","170","COL","Colombia","0","W00","World","H4","HS","true","TOTAL","All Commodities","0","false","C00","TOTAL CPC","0","0","TOTAL MOT","-1","N/A",,"false","-1","N/A",,"false",,"false",,"false",,"33372","33372","0","true","false",
"C","A","20160101","2016","52","2016","120","CMR","Cameroon","X","Export","174","COM","Comoros","0","W00","World","H4","HS","true","TOTAL","All Commodities","0","false","C00","TOTAL CPC","0","0","TOTAL MOT","-1","N/A",,"false","-1","N/A",,"false",,"false",,"false",,"74473","74473","0","true","false",
"C","A","20160101","2016","52","2016","120","CMR","Cameroon","X","Export","178","COG","Congo","0","W00","World","H4","HS","true","TOTAL","All Commodities","0","false","C00","TOTAL CPC","0","0","TOTAL MOT","-1","N/A",,"false","-1","N/A",,"false",,"false",,"false",,"36759538","36759538","0","true","false",
"C","A","20160101","2016","52","2016","120","CMR","Cameroon","X","Export","180","COD","Dem. Rep. of the Congo","0","W00","World","H4","HS","true","TOTAL","All Commodities","0","false","C00","TOTAL CPC","0","0","TOTAL MOT","-1","N/A",,"false","-1","N/A",,"false",,"false",,"false",,"5928142","5928142","0","true","false",
"C","A","20160101","2016","52","2016","120","CMR","Cameroon","X","Export","191","HRV","Croatia","0","W00","World","H4","HS","true","TOTAL","All Commodities","0","false","C00","TOTAL CPC","0","0","TOTAL MOT","-1","N/A",,"false","-1","N/A",,"false",,"false",,"false",,"534598","534598","0","true","false",
"C","A","20160101","2016","52","2016","120","CMR","Cameroon","X","Export","196","CYP","Cyprus","0","W00","World","H4","HS","true","TOTAL","All Commodities","0","false","C00","TOTAL CPC","0","0","TOTAL MOT","-1","N/A",,"false","-1","N/A",,"false",,"false",,"false",,"130043","130043","0","true","false",
"C","A","20160101","2016","52","2016","120","CMR","Cameroon","X","Export","203","CZE","Czechia","0","W00","World","H4","HS","true","TOTAL","All Commodities","0","false","C00","TOTAL CPC","0","0","TOTAL MOT","-1","N/A",,"false","-1","N/A",,"false",,"false",,"false",,"11572","11572","0","true","false",
"C","A","20160101","2016","52","2016","120","CMR","Cameroon","X","Export","204","BEN","Benin","0","W00","World","H4","HS","true","TOTAL","All Commodities","0","false","C00","TOTAL CPC","0","0","TOTAL MOT","-1","N/A",,"false","-1","N/A",,"false",,"false",,"false",,"1517251","1517251","0","true","false",
"C","A","20160101","2016","52","2016","120","CMR","Cameroon","X","Export","208","DNK","Denmark","0","W00","World","H4","HS","true","TOTAL","All Commodities","0","false","C00","TOTAL CPC","0","0","TOTAL MOT","-1","N/A",,"false","-1","N/A",,"false",,"false",,"false",,"249313","249313","0","true","false",
"C","A","20160101","2016","52","2016","120","CMR","Cameroon","X","Export","212","DMA","Dominica","0","W00","World","H4","HS","true","TOTAL","All Commodities","0","false","C00","TOTAL CPC","0","0","TOTAL MOT","-1","N/A",,"false","-1","N/A",,"false",,"false",,"false",,"91287","91287","0","true","false",
"C","A","20160101","2016","52","2016","120","CMR","Cameroon","X","Export","214","DOM","Dominican Rep.","0","W00","World","H4","HS","true","TOTAL","All Commodities","0","false","C00","TOTAL CPC","0","0","TOTAL MOT","-1","N/A",,"false","-1","N/A",,"false",,"false",,"false",,"2056768","2056768","0","true","false",
"C","A","20160101","2016","52","2016","120","CMR","Cameroon","X","Export","226","GNQ","Equatorial Guinea","0","W00","World","H4","HS","true","TOTAL","All Commodities","0","false","C00","TOTAL CPC","0","0","TOTAL MOT","-1","N/A",,"false","-1","N/A",,"false",,"false",,"false",,"14966589","14966589","0","true","false",
"C","A","20160101","2016","52","2016","120","CMR","Cameroon","X","Export","231","ETH","Ethiopia","0","W00","World","H4","HS","true","TOTAL","All Commodities","0","false","C00","TOTAL CPC","0","0","TOTAL MOT","-1","N/A",,"false","-1","N/A",,"false",,"false",,"false",,"11302","11302","0","true","false",
"C","A","20160101","2016","52","2016","120","CMR","Cameroon","X","Export","233","EST","Estonia","0","W00","World","H4","HS","true","TOTAL","All Commodities","0","false","C00","TOTAL CPC","0","0","TOTAL MOT","-1","N/A",,"false","-1","N/A",,"false",,"false",,"false",,"82120","82120","0","true","false",
"C","A","20160101","2016","52","2016","120","CMR","Cameroon","X","Export","246","FIN","Finland","0","W00","World","H4","HS","true","TOTAL","All Commodities","0","false","C00","TOTAL CPC","0","0","TOTAL MOT","-1","N/A",,"false","-1","N/A",,"false",,"false",,"false",,"1330417","1330417","0","true","false",
"C","A","20160101","2016","52","2016","120","CMR","Cameroon","X","Export","251","FRA","France","0","W00","World","H4","HS","true","TOTAL","All Commodities","0","false","C00","TOTAL CPC","0","0","TOTAL MOT","-1","N/A",,"false","-1","N/A",,"false",,"false",,"false",,"164135004","164135004","0","true","false",
"C","A","20160101","2016","52","2016","120","CMR","Cameroon","X","Export","260","ATF","Fr. South Antarctic Terr.","0","W00","World","H4","HS","true","TOTAL","All Commodities","0","false","C00","TOTAL CPC","0","0","TOTAL MOT","-1","N/A",,"false","-1","N/A",,"false",,"false",,"false",,"3211","3211","0","true","false",
"C","A","20160101","2016","52","2016","120","CMR","Cameroon","X","Export","262","DJI","Djibouti","0","W00","World","H4","HS","true","TOTAL","All Commodities","0","false","C00","TOTAL CPC","0","0","TOTAL MOT","-1","N/A",,"false","-1","N/A",,"false",,"false",,"false",,"143","143","0","true","false",
"C","A","20160101","2016","52","2016","120","CMR","Cameroon","X","Export","266","GAB","Gabon","0","W00","World","H4","HS","true","TOTAL","All Commodities","0","false","C00","TOTAL CPC","0","0","TOTAL MOT","-1","N/A",,"false","-1","N/A",,"false",,"false",,"false",,"41261031","41261031","0","true","false",
"C","A","20160101","2016","52","2016","120","CMR","Cameroon","X","Export","276","DEU","Germany","0","W00","World","H4","HS","true","TOTAL","All Commodities","0","false","C00","TOTAL CPC","0","0","TOTAL MOT","-1","N/A",,"false","-1","N/A",,"false",,"false",,"false",,"43067482","43067482","0","true","false",
"C","A","20160101","2016","52","2016","120","CMR","Cameroon","X","Export","288","GHA","Ghana","0","W00","World","H4","HS","true","TOTAL","All Commodities","0","false","C00","TOTAL CPC","0","0","TOTAL MOT","-1","N/A",,"false","-1","N/A",,"false",,"false",,"false",,"3471330","3471330","0","true","false",
"C","A","20160101","2016","52","2016","120","CMR","Cameroon","X","Export","300","GRC","Greece","0","W00","World","H4","HS","true","TOTAL","All Commodities","0","false","C00","TOTAL CPC","0","0","TOTAL MOT","-1","N/A",,"false","-1","N/A",,"false",,"false",,"false",,"2787068","2787068","0","true","false",
"C","A","20160101","2016","52","2016","120","CMR","Cameroon","X","Export","344","HKG","China, Hong Kong SAR","0","W00","World","H4","HS","true","TOTAL","All Commodities","0","false","C00","TOTAL CPC","0","0","TOTAL MOT","-1","N/A",,"false","-1","N/A",,"false",,"false",,"false",,"123033","123033","0","true","false",
"C","A","20160101","2016","52","2016","120","CMR","Cameroon","X","Export","360","IDN","Indonesia","0","W00","World","H4","HS","true","TOTAL","All Commodities","0","false","C00","TOTAL CPC","0","0","TOTAL MOT","-1","N/A",,"false","-1","N/A",,"false",,"false",,"false",,"37616234","37616234","0","true","false",
"C","A","20160101","2016","52","2016","120","CMR","Cameroon","X","Export","364","IRN","Iran","0","W00","World","H4","HS","true","TOTAL","All Commodities","0","false","C00","TOTAL CPC","0","0","TOTAL MOT","-1","N/A",,"false","-1","N/A",,"false",,"false",,"false",,"48605","48605","0","true","false",
"C","A","20160101","2016","52","2016","120","CMR","Cameroon","X","Export","368","IRQ","Iraq","0","W00","World","H4","HS","true","TOTAL","All Commodities","0","false","C00","TOTAL CPC","0","0","TOTAL MOT","-1","N/A",,"false","-1","N/A",,"false",,"false",,"false",,"316209","316209","0","true","false",
"C","A","20160101","2016","52","2016","120","CMR","Cameroon","X","Export","372","IRL","Ireland","0","W00","World","H4","HS","true","TOTAL","All Commodities","0","false","C00","TOTAL CPC","0","0","TOTAL MOT","-1","N/A",,"false","-1","N/A",,"false",,"false",,"false",,"4645573","4645573","0","true","false",
"C","A","20160101","2016","52","2016","120","CMR","Cameroon","X","Export","376","ISR","Israel","0","W00","World","H4","HS","true","TOTAL","All Commodities","0","false","C00","TOTAL CPC","0","0","TOTAL MOT","-1","N/A",,"false","-1","N/A",,"false",,"false",,"false",,"403186","403186","0","true","false",
"C","A","20160101","2016","52","2016","120","CMR","Cameroon","X","Export","380","ITA","Italy","0","W00","World","H4","HS","true","TOTAL","All Commodities","0","false","C00","TOTAL CPC","0","0","TOTAL MOT","-1","N/A",,"false","-1","N/A",,"false",,"false",,"false",,"166416151","166416151","0","true","false",
"C","A","20160101","2016","52","2016","120","CMR","Cameroon","X","Export","384","CIV","Côte d'Ivoire","0","W00","World","H4","HS","true","TOTAL","All Commodities","0","false","C00","TOTAL CPC","0","0","TOTAL MOT","-1","N/A",,"false","-1","N/A",,"false",,"false",,"false",,"6715484","6715484","0","true","false",
"C","A","20160101","2016","52","2016","120","CMR","Cameroon","X","Export","388","JAM","Jamaica","0","W00","World","H4","HS","true","TOTAL","All Commodities","0","false","C00","TOTAL CPC","0","0","TOTAL MOT","-1","N/A",,"false","-1","N/A",,"false",,"false",,"false",,"19378","19378","0","true","false",
"C","A","20160101","2016","52","2016","120","CMR","Cameroon","X","Export","392","JPN","Japan","0","W00","World","H4","HS","true","TOTAL","All Commodities","0","false","C00","TOTAL CPC","0","0","TOTAL MOT","-1","N/A",,"false","-1","N/A",,"false",,"false",,"false",,"1268584","1268584","0","true","false",
"C","A","20160101","2016","52","2016","120","CMR","Cameroon","X","Export","400","JOR","Jordan","0","W00","World","H4","HS","true","TOTAL","All Commodities","0","false","C00","TOTAL CPC","0","0","TOTAL MOT","-1","N/A",,"false","-1","N/A",,"false",,"false",,"false",,"499427","499427","0","true","false",
"C","A","20160101","2016","52","2016","120","CMR","Cameroon","X","Export","404","KEN","Kenya","0","W00","World","H4","HS","true","TOTAL","All Commodities","0","false","C00","TOTAL CPC","0","0","TOTAL MOT","-1","N/A",,"false","-1","N/A",,"false",,"false",,"false",,"3506","3506","0","true","false",
"C","A","20160101","2016","52","2016","120","CMR","Cameroon","X","Export","408","PRK","Dem. People's Rep. of Korea","0","W00","World","H4","HS","true","TOTAL","All Commodities","0","false","C00","TOTAL CPC","0","0","TOTAL MOT","-1","N/A",,"false","-1","N/A",,"false",,"false",,"false",,"23511","23511","0","true","false",
"C","A","20160101","2016","52","2016","120","CMR","Cameroon","X","Export","410","KOR","Rep. of Korea","0","W00","World","H4","HS","true","TOTAL","All Commodities","0","false","C00","TOTAL CPC","0","0","TOTAL MOT","-1","N/A",,"false","-1","N/A",,"false",,"false",,"false",,"451227","451227","0","true","false",
"C","A","20160101","2016","52","2016","120","CMR","Cameroon","X","Export","414","KWT","Kuwait","0","W00","World","H4","HS","true","TOTAL","All Commodities","0","false","C00","TOTAL CPC","0","0","TOTAL MOT","-1","N/A",,"false","-1","N/A",,"false",,"false",,"false",,"335398","335398","0","true","false",
"C","A","20160101","2016","52","2016","120","CMR","Cameroon","X","Export","422","LBN","Lebanon","0","W00","World","H4","HS","true","TOTAL","All Commodities","0","false","C00","TOTAL CPC","0","0","TOTAL MOT","-1","N/A",,"false","-1","N/A",,"false",,"false",,"false",,"2529923","2529923","0","true","false",
"C","A","20160101","2016","52","2016","120","CMR","Cameroon","X","Export","428","LVA","Latvia","0","W00","World","H4","HS","true","TOTAL","All Commodities","0","false","C00","TOTAL CPC","0","0","TOTAL MOT","-1","N/A",,"false","-1","N/A",,"false",,"false",,"false",,"63658","63658","0","true","false",
"C","A","20160101","2016","52","2016","120","CMR","Cameroon","X","Export","434","LBY","Libya","0","W00","World","H4","HS","true","TOTAL","All Commodities","0","false","C00","TOTAL CPC","0","0","TOTAL MOT","-1","N/A",,"false","-1","N/A",,"false",,"false",,"false",,"280884","280884","0","true","false",
"C","A","20160101","2016","52","2016","120","CMR","Cameroon","X","Export","440","LTU","Lithuania","0","W00","World","H4","HS","true","TOTAL","All Commodities","0","false","C00","TOTAL CPC","0","0","TOTAL MOT","-1","N/A",,"false","-1","N/A",,"false",,"false",,"false",,"77427","77427","0","true","false",
"C","A","20160101","2016","52","2016","120","CMR","Cameroon","X","Export","450","MDG","Madagascar","0","W00","World","H4","HS","true","TOTAL","All Commodities","0","false","C00","TOTAL CPC","0","0","TOTAL MOT","-1","N/A",,"false","-1","N/A",,"false",,"false",,"false",,"138593","138593","0","true","false",
"C","A","20160101","2016","52","2016","120","CMR","Cameroon","X","Export","458","MYS","Malaysia","0","W00","World","H4","HS","true","TOTAL","All Commodities","0","false","C00","TOTAL CPC","0","0","TOTAL MOT","-1","N/A",,"false","-1","N/A",,"false",,"false",,"false",,"103702280","103702280","0","true","false",
"C","A","20160101","2016","52","2016","120","CMR","Cameroon","X","Export","466","MLI","Mali","0","W00","World","H4","HS","true","TOTAL","All Commodities","0","false","C00","TOTAL CPC","0","0","TOTAL MOT","-1","N/A",,"false","-1","N/A",,"false",,"false",,"false",,"605593","605593","0","true","false",
"C","A","20160101","2016","52","2016","120","CMR","Cameroon","X","Export","470","MLT","Malta","0","W00","World","H4","HS","true","TOTAL","All Commodities","0","false","C00","TOTAL CPC","0","0","TOTAL MOT","-1","N/A",,"false","-1","N/A",,"false",,"false",,"false",,"12200733","12200733","0","true","false",
"C","A","20160101","2016","52","2016","120","CMR","Cameroon","X","Export","478","MRT","Mauritania","0","W00","World","H4","HS","true","TOTAL","All Commodities","0","false","C00","TOTAL CPC","0","0","TOTAL MOT","-1","N/A",,"false","-1","N/A",,"false",,"false",,"false",,"91954","91954","0","true","false",
"C","A","20160101","2016","52","2016","120","CMR","Cameroon","X","Export","480","MUS","Mauritius","0","W00","World","H4","HS","true","TOTAL","All Commodities","0","false","C00","TOTAL CPC","0","0","TOTAL MOT","-1","N/A",,"false","-1","N/A",,"false",,"false",,"false",,"529872","529872","0","true","false",
"C","A","20160101","2016","52","2016","120","CMR","Cameroon","X","Export","484","MEX","Mexico","0","W00","World","H4","HS","true","TOTAL","All Commodities","0","false","C00","TOTAL CPC","0","0","TOTAL MOT","-1","N/A",,"false","-1","N/A",,"false",,"false",,"false",,"151157","151157","0","true","false",
"C","A","20160101","2016","52","2016","120","CMR","Cameroon","X","Export","490","S19","Other Asia, nes","0","W00","World","H4","HS","true","TOTAL","All Commodities","0","false","C00","TOTAL CPC","0","0","TOTAL MOT","-1","N/A",,"false","-1","N/A",,"false",,"false",,"false",,"1540803","1540803","0","true","false",
"C","A","20160101","2016","52","2016","120","CMR","Cameroon","X","Export","504","MAR","Morocco","0","W00","World","H4","HS","true","TOTAL","All Commodities","0","false","C00","TOTAL CPC","0","0","TOTAL MOT","-1","N/A",,"false","-1","N/A",,"false",,"false",,"false",,"1357648","1357648","0","true","false",
"C","A","20160101","2016","52","2016","120","CMR","Cameroon","X","Export","508","MOZ","Mozambique","0","W00","World","H4","HS","true","TOTAL","All Commodities","0","false","C00","TOTAL CPC","0","0","TOTAL MOT","-1","N/A",,"false","-1","N/A",,"false",,"false",,"false",,"443036","443036","0","true","false",
"C","A","20160101","2016","52","2016","120","CMR","Cameroon","X","Export","512","OMN","Oman","0","W00","World","H4","HS","true","TOTAL","All Commodities","0","false","C00","TOTAL CPC","0","0","TOTAL MOT","-1","N/A",,"false","-1","N/A",,"false",,"false",,"false",,"1623341","1623341","0","true","false",
"C","A","20160101","2016","52","2016","120","CMR","Cameroon","X","Export","516","NAM","Namibia","0","W00","World","H4","HS","true","TOTAL","All Commodities","0","false","C00","TOTAL CPC","0","0","TOTAL MOT","-1","N/A",,"false","-1","N/A",,"false",,"false",,"false",,"4587","4587","0","true","false",
"C","A","20160101","2016","52","2016","120","CMR","Cameroon","X","Export","528","NLD","Netherlands","0","W00","World","H4","HS","true","TOTAL","All Commodities","0","false","C00","TOTAL CPC","0","0","TOTAL MOT","-1","N/A",,"false","-1","N/A",,"false",,"false",,"false",,"454878201","454878201","0","true","false",
"C","A","20160101","2016","52","2016","120","CMR","Cameroon","X","Export","554","NZL","New Zealand","0","W00","World","H4","HS","true","TOTAL","All Commodities","0","false","C00","TOTAL CPC","0","0","TOTAL MOT","-1","N/A",,"false","-1","N/A",,"false",,"false",,"false",,"669679","669679","0","true","false",
"C","A","20160101","2016","52","2016","120","CMR","Cameroon","X","Export","566","NGA","Nigeria","0","W00","World","H4","HS","true","TOTAL","All Commodities","0","false","C00","TOTAL CPC","0","0","TOTAL MOT","-1","N/A",,"false","-1","N/A",,"false",,"false",,"false",,"40808387","40808387","0","true","false",
"C","A","20160101","2016","52","2016","120","CMR","Cameroon","X","Export","579","NOR","Norway","0","W00","World","H4","HS","true","TOTAL","All Commodities","0","false","C00","TOTAL CPC","0","0","TOTAL MOT","-1","N/A",,"false","-1","N/A",,"false",,"false",,"false",,"32291","32291","0","true","false",
"C","A","20160101","2016","52","2016","120","CMR","Cameroon","X","Export","586","PAK","Pakistan","0","W00","World","H4","HS","true","TOTAL","All Commodities","0","false","C00","TOTAL CPC","0","0","TOTAL MOT","-1","N/A",,"false","-1","N/A",,"false",,"false",,"false",,"1718385","1718385","0","true","false",
"C","A","20160101","2016","52","2016","120","CMR","Cameroon","X","Export","604","PER","Peru","0","W00","World","H4","HS","true","TOTAL","All Commodities","0","false","C00","TOTAL CPC","0","0","TOTAL MOT","-1","N/A",,"false","-1","N/A",,"false",,"false",,"false",,"101","101","0","true","false",
"C","A","20160101","2016","52","2016","120","CMR","Cameroon","X","Export","608","PHL","Philippines","0","W00","World","H4","HS","true","TOTAL","All Commodities","0","false","C00","TOTAL CPC","0","0","TOTAL MOT","-1","N/A",,"false","-1","N/A",,"false",,"false",,"false",,"22810","22810","0","true","false",
"C","A","20160101","2016","52","2016","120","CMR","Cameroon","X","Export","616","POL","Poland","0","W00","World","H4","HS","true","TOTAL","All Commodities","0","false","C00","TOTAL CPC","0","0","TOTAL MOT","-1","N/A",,"false","-1","N/A",,"false",,"false",,"false",,"2453932","2453932","0","true","false",
"C","A","20160101","2016","52","2016","120","CMR","Cameroon","X","Export","620","PRT","Portugal","0","W00","World","H4","HS","true","TOTAL","All Commodities","0","false","C00","TOTAL CPC","0","0","TOTAL MOT","-1","N/A",,"false","-1","N/A",,"false",,"false",,"false",,"12520493","12520493","0","true","false",
"C","A","20160101","2016","52","2016","120","CMR","Cameroon","X","Export","634","QAT","Qatar","0","W00","World","H4","HS","true","TOTAL","All Commodities","0","false","C00","TOTAL CPC","0","0","TOTAL MOT","-1","N/A",,"false","-1","N/A",,"false",,"false",,"false",,"166598","166598","0","true","false",
"C","A","20160101","2016","52","2016","120","CMR","Cameroon","X","Export","642","ROU","Romania","0","W00","World","H4","HS","true","TOTAL","All Commodities","0","false","C00","TOTAL CPC","0","0","TOTAL MOT","-1","N/A",,"false","-1","N/A",,"false",,"false",,"false",,"617955","617955","0","true","false",
"C","A","20160101","2016","52","2016","120","CMR","Cameroon","X","Export","643","RUS","Russian Federation","0","W00","World","H4","HS","true","TOTAL","All Commodities","0","false","C00","TOTAL CPC","0","0","TOTAL MOT","-1","N/A",,"false","-1","N/A",,"false",,"false",,"false",,"2325777","2325777","0","true","false",
"C","A","20160101","2016","52","2016","120","CMR","Cameroon","X","Export","646","RWA","Rwanda","0","W00","World","H4","HS","true","TOTAL","All Commodities","0","false","C00","TOTAL CPC","0","0","TOTAL MOT","-1","N/A",,"false","-1","N/A",,"false",,"false",,"false",,"78268","78268","0","true","false",
"C","A","20160101","2016","52","2016","120","CMR","Cameroon","X","Export","678","STP","Sao Tome and Principe","0","W00","World","H4","HS","true","TOTAL","All Commodities","0","false","C00","TOTAL CPC","0","0","TOTAL MOT","-1","N/A",,"false","-1","N/A",,"false",,"false",,"false",,"98024","98024","0","true","false",
"C","A","20160101","2016","52","2016","120","CMR","Cameroon","X","Export","682","SAU","Saudi Arabia","0","W00","World","H4","HS","true","TOTAL","All Commodities","0","false","C00","TOTAL CPC","0","0","TOTAL MOT","-1","N/A",,"false","-1","N/A",,"false",,"false",,"false",,"5408387","5408387","0","true","false",
"C","A","20160101","2016","52","2016","120","CMR","Cameroon","X","Export","686","SEN","Senegal","0","W00","World","H4","HS","true","TOTAL","All Commodities","0","false","C00","TOTAL CPC","0","0","TOTAL MOT","-1","N/A",,"false","-1","N/A",,"false",,"false",,"false",,"23231513","23231513","0","true","false",
"C","A","20160101","2016","52","2016","120","CMR","Cameroon","X","Export","690","SYC","Seychelles","0","W00","World","H4","HS","true","TOTAL","All Commodities","0","false","C00","TOTAL CPC","0","0","TOTAL MOT","-1","N/A",,"false","-1","N/A",,"false",,"false",,"false",,"27954","27954","0","true","false",
"C","A","20160101","2016","52","2016","120","CMR","Cameroon","X","Export","699","IND","India","0","W00","World","H4","HS","true","TOTAL","All Commodities","0","false","C00","TOTAL CPC","0","0","TOTAL MOT","-1","N/A",,"false","-1","N/A",,"false",,"false",,"false",,"24037926","24037926","0","true","false",
"C","A","20160101","2016","52","2016","120","CMR","Cameroon","X","Export","702","SGP","Singapore","0","W00","World","H4","HS","true","TOTAL","All Commodities","0","false","C00","TOTAL CPC","0","0","TOTAL MOT","-1","N/A",,"false","-1","N/A",,"false",,"false",,"false",,"1084878","1084878","0","true","false",
"C","A","20160101","2016","52","2016","120","CMR","Cameroon","X","Export","704","VNM","Viet Nam","0","W00","World","H4","HS","true","TOTAL","All Commodities","0","false","C00","TOTAL CPC","0","0","TOTAL MOT","-1","N/A",,"false","-1","N/A",,"false",,"false",,"false",,"83036289","83036289","0","true","false",
"C","A","20160101","2016","52","2016","120","CMR","Cameroon","X","Export","705","SVN","Slovenia","0","W00","World","H4","HS","true","TOTAL","All Commodities","0","false","C00","TOTAL CPC","0","0","TOTAL MOT","-1","N/A",,"false","-1","N/A",,"false",,"false",,"false",,"1060896","1060896","0","true","false",
"C","A","20160101","2016","52","2016","120","CMR","Cameroon","X","Export","710","ZAF","South Africa","0","W00","World","H4","HS","true","TOTAL","All Commodities","0","false","C00","TOTAL CPC","0","0","TOTAL MOT","-1","N/A",,"false","-1","N/A",,"false",,"false",,"false",,"1181450","1181450","0","true","false",
"C","A","20160101","2016","52","2016","120","CMR","Cameroon","X","Export","724","ESP","Spain","0","W00","World","H4","HS","true","TOTAL","All Commodities","0","false","C00","TOTAL CPC","0","0","TOTAL MOT","-1","N/A",,"false","-1","N/A",,"false",,"false",,"false",,"67451963","67451963","0","true","false",
"C","A","20160101","2016","52","2016","120","CMR","Cameroon","X","Export","748","SWZ","Eswatini","0","W00","World","H4","HS","true","TOTAL","All Commodities","0","false","C00","TOTAL CPC","0","0","TOTAL MOT","-1","N/A",,"false","-1","N/A",,"false",,"false",,"false",,"2","2","0","true","false",
"C","A","20160101","2016","52","2016","120","CMR","Cameroon","X","Export","752","SWE","Sweden","0","W00","World","H4","HS","true","TOTAL","All Commodities","0","false","C00","TOTAL CPC","0","0","TOTAL MOT","-1","N/A",,"false","-1","N/A",,"false",,"false",,"false",,"30619","30619","0","true","false",
"C","A","20160101","2016","52","2016","120","CMR","Cameroon","X","Export","757","CHE","Switzerland","0","W00","World","H4","HS","true","TOTAL","All Commodities","0","false","C00","TOTAL CPC","0","0","TOTAL MOT","-1","N/A",,"false","-1","N/A",,"false",,"false",,"false",,"92058","92058","0","true","false",
"C","A","20160101","2016","52","2016","120","CMR","Cameroon","X","Export","764","THA","Thailand","0","W00","World","H4","HS","true","TOTAL","All Commodities","0","false","C00","TOTAL CPC","0","0","TOTAL MOT","-1","N/A",,"false","-1","N/A",,"false",,"false",,"false",,"1597019","1597019","0","true","false",
"C","A","20160101","2016","52","2016","120","CMR","Cameroon","X","Export","768","TGO","Togo","0","W00","World","H4","HS","true","TOTAL","All Commodities","0","false","C00","TOTAL CPC","0","0","TOTAL MOT","-1","N/A",,"false","-1","N/A",,"false",,"false",,"false",,"41309431","41309431","0","true","false",
"C","A","20160101","2016","52","2016","120","CMR","Cameroon","X","Export","780","TTO","Trinidad and Tobago","0","W00","World","H4","HS","true","TOTAL","All Commodities","0","false","C00","TOTAL CPC","0","0","TOTAL MOT","-1","N/A",,"false","-1","N/A",,"false",,"false",,"false",,"10805","10805","0","true","false",
"C","A","20160101","2016","52","2016","120","CMR","Cameroon","X","Export","784","ARE","United Arab Emirates","0","W00","World","H4","HS","true","TOTAL","All Commodities","0","false","C00","TOTAL CPC","0","0","TOTAL MOT","-1","N/A",,"false","-1","N/A",,"false",,"false",,"false",,"6972088","6972088","0","true","false",
"C","A","20160101","2016","52","2016","120","CMR","Cameroon","X","Export","788","TUN","Tunisia","0","W00","World","H4","HS","true","TOTAL","All Commodities","0","false","C00","TOTAL CPC","0","0","TOTAL MOT","-1","N/A",,"false","-1","N/A",,"false",,"false",,"false",,"1469390","1469390","0","true","false",
"C","A","20160101","2016","52","2016","120","CMR","Cameroon","X","Export","792","TUR","Türkiye","0","W00","World","H4","HS","true","TOTAL","All Commodities","0","false","C00","TOTAL CPC","0","0","TOTAL MOT","-1","N/A",,"false","-1","N/A",,"false",,"false",,"false",,"27806483","27806483","0","true","false",
"C","A","20160101","2016","52","2016","120","CMR","Cameroon","X","Export","795","TKM","Turkmenistan","0","W00","World","H4","HS","true","TOTAL","All Commodities","0","false","C00","TOTAL CPC","0","0","TOTAL MOT","-1","N/A",,"false","-1","N/A",,"false",,"false",,"false",,"3774","3774","0","true","false",
"C","A","20160101","2016","52","2016","120","CMR","Cameroon","X","Export","800","UGA","Uganda","0","W00","World","H4","HS","true","TOTAL","All Commodities","0","false","C00","TOTAL CPC","0","0","TOTAL MOT","-1","N/A",,"false","-1","N/A",,"false",,"false",,"false",,"58792","58792","0","true","false",
"C","A","20160101","2016","52","2016","120","CMR","Cameroon","X","Export","818","EGY","Egypt","0","W00","World","H4","HS","true","TOTAL","All Commodities","0","false","C00","TOTAL CPC","0","0","TOTAL MOT","-1","N/A",,"false","-1","N/A",,"false",,"false",,"false",,"1306729","1306729","0","true","false",
"C","A","20160101","2016","52","2016","120","CMR","Cameroon","X","Export","826","GBR","United Kingdom","0","W00","World","H4","HS","true","TOTAL","All Commodities","0","false","C00","TOTAL CPC","0","0","TOTAL MOT","-1","N/A",,"false","-1","N/A",,"false",,"false",,"false",,"24096751","24096751","0","true","false",
"C","A","20160101","2016","52","2016","120","CMR","Cameroon","X","Export","834","TZA","United Rep. of Tanzania","0","W00","World","H4","HS","true","TOTAL","All Commodities","0","false","C00","TOTAL CPC","0","0","TOTAL MOT","-1","N/A",,"false","-1","N/A",,"false",,"false",,"false",,"331511","331511","0","true","false",
"C","A","20160101","2016","52","2016","120","CMR","Cameroon","X","Export","842","USA","USA","0","W00","World","H4","HS","true","TOTAL","All Commodities","0","false","C00","TOTAL CPC","0","0","TOTAL MOT","-1","N/A",,"false","-1","N/A",,"false",,"false",,"false",,"96680403","96680403","0","true","false",
"C","A","20160101","2016","52","2016","120","CMR","Cameroon","X","Export","854","BFA","Burkina Faso","0","W00","World","H4","HS","true","TOTAL","All Commodities","0","false","C00","TOTAL CPC","0","0","TOTAL MOT","-1","N/A",,"false","-1","N/A",,"false",,"false",,"false",,"5048953","5048953","0","true","false",
"C","A","20160101","2016","52","2016","120","CMR","Cameroon","X","Export","858","URY","Uruguay","0","W00","World","H4","HS","true","TOTAL","All Commodities","0","false","C00","TOTAL CPC","0","0","TOTAL MOT","-1","N/A",,"false","-1","N/A",,"false",,"false",,"false",,"12908","12908","0","true","false",
"C","A","20160101","2016","52","2016","120","CMR","Cameroon","X","Export","894","ZMB","Zambia","0","W00","World","H4","HS","true","TOTAL","All Commodities","0","false","C00","TOTAL CPC","0","0","TOTAL MOT","-1","N/A",,"false","-1","N/A",,"false",,"false",,"false",,"101754","101754","0","true","false",
"C","A","20170101","2017","52","2017","120","CMR","Cameroon","M","Import","0","W00","World","0","W00","World","H4","HS","true","TOTAL","All Commodities","0","false","C00","TOTAL CPC","0 ","0","TOTAL MOT","-1","N/A","0","false","-1","N/A","0","false",,"true",,"false","5183629302.428",,"5183629302.428","0","false","true",
"C","A","20170101","2017","52","2017","120","CMR","Cameroon","M","Import","4","AFG","Afghanistan","0","W00","World","H4","HS","true","TOTAL","All Commodities","0","false","C00","TOTAL CPC","0 ","0","TOTAL MOT","-1","N/A","0","false","-1","N/A","0","false",,"false",,"false","9111.125",,"9111.125","0","false","true",
"C","A","20170101","2017","52","2017","120","CMR","Cameroon","M","Import","8","ALB","Albania","0","W00","World","H4","HS","true","TOTAL","All Commodities","0","false","C00","TOTAL CPC","0 ","0","TOTAL MOT","-1","N/A","0","false","-1","N/A","0","false",,"false",,"false","32045.47",,"32045.47","0","false","true",
"C","A","20170101","2017","52","2017","120","CMR","Cameroon","M","Import","12","DZA","Algeria","0","W00","World","H4","HS","true","TOTAL","All Commodities","0","false","C00","TOTAL CPC","0 ","0","TOTAL MOT","-1","N/A","0","false","-1","N/A","0","false",,"false",,"false","4202829.582",,"4202829.582","0","false","true",
"C","A","20170101","2017","52","2017","120","CMR","Cameroon","M","Import","16","ASM","American Samoa","0","W00","World","H4","HS","true","TOTAL","All Commodities","0","false","C00","TOTAL CPC","0 ","0","TOTAL MOT","-1","N/A","0","false","-1","N/A","0","false",,"false",,"false","123448.013",,"123448.013","0","false","true",
"C","A","20170101","2017","52","2017","120","CMR","Cameroon","M","Import","20","AND","Andorra","0","W00","World","H4","HS","true","TOTAL","All Commodities","0","false","C00","TOTAL CPC","0 ","0","TOTAL MOT","-1","N/A","0","false","-1","N/A","0","false",,"false",,"false","47206.472",,"47206.472","0","false","true",
"C","A","20170101","2017","52","2017","120","CMR","Cameroon","M","Import","24","AGO","Angola","0","W00","World","H4","HS","true","TOTAL","All Commodities","0","false","C00","TOTAL CPC","0 ","0","TOTAL MOT","-1","N/A","0","false","-1","N/A","0","false",,"false",,"false","13699426.238",,"13699426.238","0","false","true",
"C","A","20170101","2017","52","2017","120","CMR","Cameroon","M","Import","28","ATG","Antigua and Barbuda","0","W00","World","H4","HS","true","TOTAL","All Commodities","0","false","C00","TOTAL CPC","0 ","0","TOTAL MOT","-1","N/A","0","false","-1","N/A","0","false",,"false",,"false","59178462.118",,"59178462.118","0","false","true",
"C","A","20170101","2017","52","2017","120","CMR","Cameroon","M","Import","31","AZE","Azerbaijan","0","W00","World","H4","HS","true","TOTAL","All Commodities","0","false","C00","TOTAL CPC","0 ","0","TOTAL MOT","-1","N/A","0","false","-1","N/A","0","false",,"false",,"false","171743.833",,"171743.833","0","false","true",
"C","A","20170101","2017","52","2017","120","CMR","Cameroon","M","Import","32","ARG","Argentina","0","W00","World","H4","HS","true","TOTAL","All Commodities","0","false","C00","TOTAL CPC","0 ","0","TOTAL MOT","-1","N/A","0","false","-1","N/A","0","false",,"false",,"false","52799727.918",,"52799727.918","0","false","true",
"C","A","20170101","2017","52","2017","120","CMR","Cameroon","M","Import","36","AUS","Australia","0","W00","World","H4","HS","true","TOTAL","All Commodities","0","false","C00","TOTAL CPC","0 ","0","TOTAL MOT","-1","N/A","0","false","-1","N/A","0","false",,"true",,"false","4113592.175",,"4113592.175","0","false","true",
"C","A","20170101","2017","52","2017","120","CMR","Cameroon","M","Import","40","AUT","Austria","0","W00","World","H4","HS","true","TOTAL","All Commodities","0","false","C00","TOTAL CPC","0 ","0","TOTAL MOT","-1","N/A","0","false","-1","N/A","0","false",,"false",,"false","8492537.323",,"8492537.323","0","false","true",
"C","A","20170101","2017","52","2017","120","CMR","Cameroon","M","Import","44","BHS","Bahamas","0","W00","World","H4","HS","true","TOTAL","All Commodities","0","false","C00","TOTAL CPC","0 ","0","TOTAL MOT","-1","N/A","0","false","-1","N/A","0","false",,"false",,"false","88805.853",,"88805.853","0","false","true",
"C","A","20170101","2017","52","2017","120","CMR","Cameroon","M","Import","48","BHR","Bahrain","0","W00","World","H4","HS","true","TOTAL","All Commodities","0","false","C00","TOTAL CPC","0 ","0","TOTAL MOT","-1","N/A","0","false","-1","N/A","0","false",,"false",,"false","135973.613",,"135973.613","0","false","true",
"C","A","20170101","2017","52","2017","120","CMR","Cameroon","M","Import","50","BGD","Bangladesh","0","W00","World","H4","HS","true","TOTAL","All Commodities","0","false","C00","TOTAL CPC","0 ","0","TOTAL MOT","-1","N/A","0","false","-1","N/A","0","false",,"false",,"false","4069796.457",,"4069796.457","0","false","true",
"C","A","20170101","2017","52","2017","120","CMR","Cameroon","M","Import","51","ARM","Armenia","0","W00","World","H4","HS","true","TOTAL","All Commodities","0","false","C00","TOTAL CPC","0 ","0","TOTAL MOT","-1","N/A","0","false","-1","N/A","0","false",,"false",,"false","137871.315",,"137871.315","0","false","true",
"C","A","20170101","2017","52","2017","120","CMR","Cameroon","M","Import","52","BRB","Barbados","0","W00","World","H4","HS","true","TOTAL","All Commodities","0","false","C00","TOTAL CPC","0 ","0","TOTAL MOT","-1","N/A","0","false","-1","N/A","0","false",,"false",,"false","99755.595",,"99755.595","0","false","true",
"C","A","20170101","2017","52","2017","120","CMR","Cameroon","M","Import","56","BEL","Belgium","0","W00","World","H4","HS","true","TOTAL","All Commodities","0","false","C00","TOTAL CPC","0 ","0","TOTAL MOT","-1","N/A","0","false","-1","N/A","0","false",,"true",,"false","128004528.702",,"128004528.702","0","false","true",
"C","A","20170101","2017","52","2017","120","CMR","Cameroon","M","Import","60","BMU","Bermuda","0","W00","World","H4","HS","true","TOTAL","All Commodities","0","false","C00","TOTAL CPC","0 ","0","TOTAL MOT","-1","N/A","0","false","-1","N/A","0","false",,"false",,"false","88805.853",,"88805.853","0","false","true",
"C","A","20170101","2017","52","2017","120","CMR","Cameroon","M","Import","68","BOL","Bolivia (Plurinational State of)","0","W00","World","H4","HS","true","TOTAL","All Commodities","0","false","C00","TOTAL CPC","0 ","0","TOTAL MOT","-1","N/A","0","false","-1","N/A","0","false",,"false",,"false","185046.144",,"185046.144","0","false","true",
"C","A","20170101","2017","52","2017","120","CMR","Cameroon","M","Import","70","BIH","Bosnia Herzegovina","0","W00","World","H4","HS","true","TOTAL","All Commodities","0","false","C00","TOTAL CPC","0 ","0","TOTAL MOT","-1","N/A","0","false","-1","N/A","0","false",,"false",,"false","252548.593",,"252548.593","0","false","true",
"C","A","20170101","2017","52","2017","120","CMR","Cameroon","M","Import","72","BWA","Botswana","0","W00","World","H4","HS","true","TOTAL","All Commodities","0","false","C00","TOTAL CPC","0 ","0","TOTAL MOT","-1","N/A","0","false","-1","N/A","0","false",,"false",,"false","88805.853",,"88805.853","0","false","true",
"C","A","20170101","2017","52","2017","120","CMR","Cameroon","M","Import","76","BRA","Brazil","0","W00","World","H4","HS","true","TOTAL","All Commodities","0","false","C00","TOTAL CPC","0 ","0","TOTAL MOT","-1","N/A","0","false","-1","N/A","0","false",,"true",,"false","98331994.448",,"98331994.448","0","false","true",
"C","A","20170101","2017","52","2017","120","CMR","Cameroon","M","Import","84","BLZ","Belize","0","W00","World","H4","HS","true","TOTAL","All Commodities","0","false","C00","TOTAL CPC","0 ","0","TOTAL MOT","-1","N/A","0","false","-1","N/A","0","false",,"false",,"false","133624.133",,"133624.133","0","false","true",
"C","A","20170101","2017","52","2017","120","CMR","Cameroon","M","Import","90","SLB","Solomon Isds","0","W00","World","H4","HS","true","TOTAL","All Commodities","0","false","C00","TOTAL CPC","0 ","0","TOTAL MOT","-1","N/A","0","false","-1","N/A","0","false",,"false",,"false","474.131",,"474.131","0","false","true",
"C","A","20170101","2017","52","2017","120","CMR","Cameroon","M","Import","96","BRN","Brunei Darussalam","0","W00","World","H4","HS","true","TOTAL","All Commodities","0","false","C00","TOTAL CPC","0 ","0","TOTAL MOT","-1","N/A","0","false","-1","N/A","0","false",,"false",,"false","37987.666",,"37987.666","0","false","true",
"C","A","20170101","2017","52","2017","120","CMR","Cameroon","M","Import","100","BGR","Bulgaria","0","W00","World","H4","HS","true","TOTAL","All Commodities","0","false","C00","TOTAL CPC","0 ","0","TOTAL MOT","-1","N/A","0","false","-1","N/A","0","false",,"false",,"false","5279546.361",,"5279546.361","0","false","true",
"C","A","20170101","2017","52","2017","120","CMR","Cameroon","M","Import","104","MMR","Myanmar","0","W00","World","H4","HS","true","TOTAL","All Commodities","0","false","C00","TOTAL CPC","0 ","0","TOTAL MOT","-1","N/A","0","false","-1","N/A","0","false",,"false",,"false","7958852.497",,"7958852.497","0","false","true",
"C","A","20170101","2017","52","2017","120","CMR","Cameroon","M","Import","108","BDI","Burundi","0","W00","World","H4","HS","true","TOTAL","All Commodities","0","false","C00","TOTAL CPC","0 ","0","TOTAL MOT","-1","N/A","0","false","-1","N/A","0","false",,"false",,"false","88805.853",,"88805.853","0","false","true",
"C","A","20170101","2017","52","2017","120","CMR","Cameroon","M","Import","116","KHM","Cambodia","0","W00","World","H4","HS","true","TOTAL","All Commodities","0","false","C00","TOTAL CPC","0 ","0","TOTAL MOT","-1","N/A","0","false","-1","N/A","0","false",,"false",,"false","239124.308",,"239124.308","0","false","true",
"C","A","20170101","2017","52","2017","120","CMR","Cameroon","M","Import","124","CAN","Canada","0","W00","World","H4","HS","true","TOTAL","All Commodities","0","false","C00","TOTAL CPC","0 ","0","TOTAL MOT","-1","N/A","0","false","-1","N/A","0","false",,"true",,"false","45729693.5",,"45729693.5","0","false","true",
"C","A","20170101","2017","52","2017","120","CMR","Cameroon","M","Import","132","CPV","Cabo Verde","0","W00","World","H4","HS","true","TOTAL","All Commodities","0","false","C00","TOTAL CPC","0 ","0","TOTAL MOT","-1","N/A","0","false","-1","N/A","0","false",,"false",,"false","121557.673",,"121557.673","0","false","true",
"C","A","20170101","2017","52","2017","120","CMR","Cameroon","M","Import","136","CYM","Cayman Isds","0","W00","World","H4","HS","true","TOTAL","All Commodities","0","false","C00","TOTAL CPC","0 ","0","TOTAL MOT","-1","N/A","0","false","-1","N/A","0","false",,"false",,"false","67.786",,"67.786","0","false","true",
"C","A","20170101","2017","52","2017","120","CMR","Cameroon","M","Import","140","CAF","Central African Rep.","0","W00","World","H4","HS","true","TOTAL","All Commodities","0","false","C00","TOTAL CPC","0 ","0","TOTAL MOT","-1","N/A","0","false","-1","N/A","0","false",,"false",,"false","369199.869",,"369199.869","0","false","true",
"C","A","20170101","2017","52","2017","120","CMR","Cameroon","M","Import","144","LKA","Sri Lanka","0","W00","World","H4","HS","true","TOTAL","All Commodities","0","false","C00","TOTAL CPC","0 ","0","TOTAL MOT","-1","N/A","0","false","-1","N/A","0","false",,"false",,"false","227035.802",,"227035.802","0","false","true",
"C","A","20170101","2017","52","2017","120","CMR","Cameroon","M","Import","148","TCD","Chad","0","W00","World","H4","HS","true","TOTAL","All Commodities","0","false","C00","TOTAL CPC","0 ","0","TOTAL MOT","-1","N/A","0","false","-1","N/A","0","false",,"false",,"false","4602050.728",,"4602050.728","0","false","true",
"C","A","20170101","2017","52","2017","120","CMR","Cameroon","M","Import","152","CHL","Chile","0","W00","World","H4","HS","true","TOTAL","All Commodities","0","false","C00","TOTAL CPC","0 ","0","TOTAL MOT","-1","N/A","0","false","-1","N/A","0","false",,"false",,"false","899291.91",,"899291.91","0","false","true",
"C","A","20170101","2017","52","2017","120","CMR","Cameroon","M","Import","156","CHN","China","0","W00","World","H4","HS","true","TOTAL","All Commodities","0","false","C00","TOTAL CPC","0 ","0","TOTAL MOT","-1","N/A","0","false","-1","N/A","0","false",,"true",,"false","892751066.692",,"892751066.692","0","false","true",
"C","A","20170101","2017","52","2017","120","CMR","Cameroon","M","Import","166","CCK","Cocos Isds","0","W00","World","H4","HS","true","TOTAL","All Commodities","0","false","C00","TOTAL CPC","0 ","0","TOTAL MOT","-1","N/A","0","false","-1","N/A","0","false",,"false",,"false","88805.853",,"88805.853","0","false","true",
"C","A","20170101","2017","52","2017","120","CMR","Cameroon","M","Import","170","COL","Colombia","0","W00","World","H4","HS","true","TOTAL","All Commodities","0","false","C00","TOTAL CPC","0 ","0","TOTAL MOT","-1","N/A","0","false","-1","N/A","0","false",,"false",,"false","2662884.543",,"2662884.543","0","false","true",
"C","A","20170101","2017","52","2017","120","CMR","Cameroon","M","Import","174","COM","Comoros","0","W00","World","H4","HS","true","TOTAL","All Commodities","0","false","C00","TOTAL CPC","0 ","0","TOTAL MOT","-1","N/A","0","false","-1","N/A","0","false",,"false",,"false","8618.9",,"8618.9","0","false","true",
"C","A","20170101","2017","52","2017","120","CMR","Cameroon","M","Import","178","COG","Congo","0","W00","World","H4","HS","true","TOTAL","All Commodities","0","false","C00","TOTAL CPC","0 ","0","TOTAL MOT","-1","N/A","0","false","-1","N/A","0","false",,"true",,"false","23297149.211",,"23297149.211","0","false","true",
"C","A","20170101","2017","52","2017","120","CMR","Cameroon","M","Import","180","COD","Dem. Rep. of the Congo","0","W00","World","H4","HS","true","TOTAL","All Commodities","0","false","C00","TOTAL CPC","0 ","0","TOTAL MOT","-1","N/A","0","false","-1","N/A","0","false",,"false",,"false","35461.104",,"35461.104","0","false","true",
"C","A","20170101","2017","52","2017","120","CMR","Cameroon","M","Import","184","COK","Cook Isds","0","W00","World","H4","HS","true","TOTAL","All Commodities","0","false","C00","TOTAL CPC","0 ","0","TOTAL MOT","-1","N/A","0","false","-1","N/A","0","false",,"false",,"false","88805.853",,"88805.853","0","false","true",
"C","A","20170101","2017","52","2017","120","CMR","Cameroon","M","Import","188","CRI","Costa Rica","0","W00","World","H4","HS","true","TOTAL","All Commodities","0","false","C00","TOTAL CPC","0 ","0","TOTAL MOT","-1","N/A","0","false","-1","N/A","0","false",,"false",,"false","369096.401",,"369096.401","0","false","true",
"C","A","20170101","2017","52","2017","120","CMR","Cameroon","M","Import","191","HRV","Croatia","0","W00","World","H4","HS","true","TOTAL","All Commodities","0","false","C00","TOTAL CPC","0 ","0","TOTAL MOT","-1","N/A","0","false","-1","N/A","0","false",,"false",,"false","564451.065",,"564451.065","0","false","true",
"C","A","20170101","2017","52","2017","120","CMR","Cameroon","M","Import","192","CUB","Cuba","0","W00","World","H4","HS","true","TOTAL","All Commodities","0","false","C00","TOTAL CPC","0 ","0","TOTAL MOT","-1","N/A","0","false","-1","N/A","0","false",,"false",,"false","97425.87",,"97425.87","0","false","true",
"C","A","20170101","2017","52","2017","120","CMR","Cameroon","M","Import","196","CYP","Cyprus","0","W00","World","H4","HS","true","TOTAL","All Commodities","0","false","C00","TOTAL CPC","0 ","0","TOTAL MOT","-1","N/A","0","false","-1","N/A","0","false",,"false",,"false","354604.5",,"354604.5","0","false","true",
"C","A","20170101","2017","52","2017","120","CMR","Cameroon","M","Import","203","CZE","Czechia","0","W00","World","H4","HS","true","TOTAL","All Commodities","0","false","C00","TOTAL CPC","0 ","0","TOTAL MOT","-1","N/A","0","false","-1","N/A","0","false",,"true",,"false","10294553.974",,"10294553.974","0","false","true",
"C","A","20170101","2017","52","2017","120","CMR","Cameroon","M","Import","204","BEN","Benin","0","W00","World","H4","HS","true","TOTAL","All Commodities","0","false","C00","TOTAL CPC","0 ","0","TOTAL MOT","-1","N/A","0","false","-1","N/A","0","false",,"false",,"false","1085464.156",,"1085464.156","0","false","true",
"C","A","20170101","2017","52","2017","120","CMR","Cameroon","M","Import","208","DNK","Denmark","0","W00","World","H4","HS","true","TOTAL","All Commodities","0","false","C00","TOTAL CPC","0 ","0","TOTAL MOT","-1","N/A","0","false","-1","N/A","0","false",,"true",,"false","15684279.542",,"15684279.542","0","false","true",
"C","A","20170101","2017","52","2017","120","CMR","Cameroon","M","Import","212","DMA","Dominica","0","W00","World","H4","HS","true","TOTAL","All Commodities","0","false","C00","TOTAL CPC","0 ","0","TOTAL MOT","-1","N/A","0","false","-1","N/A","0","false",,"false",,"false","104968.606",,"104968.606","0","false","true",
"C","A","20170101","2017","52","2017","120","CMR","Cameroon","M","Import","214","DOM","Dominican Rep.","0","W00","World","H4","HS","true","TOTAL","All Commodities","0","false","C00","TOTAL CPC","0 ","0","TOTAL MOT","-1","N/A","0","false","-1","N/A","0","false",,"false",,"false","106675.941",,"106675.941","0","false","true",
"C","A","20170101","2017","52","2017","120","CMR","Cameroon","M","Import","218","ECU","Ecuador","0","W00","World","H4","HS","true","TOTAL","All Commodities","0","false","C00","TOTAL CPC","0 ","0","TOTAL MOT","-1","N/A","0","false","-1","N/A","0","false",,"false",,"false","975319.697",,"975319.697","0","false","true",
"C","A","20170101","2017","52","2017","120","CMR","Cameroon","M","Import","222","SLV","El Salvador","0","W00","World","H4","HS","true","TOTAL","All Commodities","0","false","C00","TOTAL CPC","0 ","0","TOTAL MOT","-1","N/A","0","false","-1","N/A","0","false",,"false",,"false","496.811",,"496.811","0","false","true",
"C","A","20170101","2017","52","2017","120","CMR","Cameroon","M","Import","226","GNQ","Equatorial Guinea","0","W00","World","H4","HS","true","TOTAL","All Commodities","0","false","C00","TOTAL CPC","0 ","0","TOTAL MOT","-1","N/A","0","false","-1","N/A","0","false",,"false",,"false","23563441.555",,"23563441.555","0","false","true",
"C","A","20170101","2017","52","2017","120","CMR","Cameroon","M","Import","231","ETH","Ethiopia","0","W00","World","H4","HS","true","TOTAL","All Commodities","0","false","C00","TOTAL CPC","0 ","0","TOTAL MOT","-1","N/A","0","false","-1","N/A","0","false",,"false",,"false","178511.719",,"178511.719","0","false","true",
"C","A","20170101","2017","52","2017","120","CMR","Cameroon","M","Import","232","ERI","Eritrea","0","W00","World","H4","HS","true","TOTAL","All Commodities","0","false","C00","TOTAL CPC","0 ","0","TOTAL MOT","-1","N/A","0","false","-1","N/A","0","false",,"false",,"false","98758.837",,"98758.837","0","false","true",
"C","A","20170101","2017","52","2017","120","CMR","Cameroon","M","Import","233","EST","Estonia","0","W00","World","H4","HS","true","TOTAL","All Commodities","0","false","C00","TOTAL CPC","0 ","0","TOTAL MOT","-1","N/A","0","false","-1","N/A","0","false",,"false",,"false","3419546.296",,"3419546.296","0","false","true",
"C","A","20170101","2017","52","2017","120","CMR","Cameroon","M","Import","234","FRO","Faroe Isds","0","W00","World","H4","HS","true","TOTAL","All Commodities","0","false","C00","TOTAL CPC","0 ","0","TOTAL MOT","-1","N/A","0","false","-1","N/A","0","false",,"false",,"false","8618.9",,"8618.9","0","false","true",
"C","A","20170101","2017","52","2017","120","CMR","Cameroon","M","Import","238","FLK","Falkland Isds (Malvinas)","0","W00","World","H4","HS","true","TOTAL","All Commodities","0","false","C00","TOTAL CPC","0 ","0","TOTAL MOT","-1","N/A","0","false","-1","N/A","0","false",,"false",,"false","8618.9",,"8618.9","0","false","true",
"C","A","20170101","2017","52","2017","120","CMR","Cameroon","M","Import","242","FJI","Fiji","0","W00","World","H4","HS","true","TOTAL","All Commodities","0","false","C00","TOTAL CPC","0 ","0","TOTAL MOT","-1","N/A","0","false","-1","N/A","0","false",,"false",,"false","115968.651",,"115968.651","0","false","true",
"C","A","20170101","2017","52","2017","120","CMR","Cameroon","M","Import","246","FIN","Finland","0","W00","World","H4","HS","true","TOTAL","All Commodities","0","false","C00","TOTAL CPC","0 ","0","TOTAL MOT","-1","N/A","0","false","-1","N/A","0","false",,"true",,"false","22523219.469",,"22523219.469","0","false","true",
"C","A","20170101","2017","52","2017","120","CMR","Cameroon","M","Import","251","FRA","France","0","W00","World","H4","HS","true","TOTAL","All Commodities","0","false","C00","TOTAL CPC","0 ","0","TOTAL MOT","-1","N/A","0","false","-1","N/A","0","false",,"true",,"false","508092145.268",,"508092145.268","0","false","true",
"C","A","20170101","2017","52","2017","120","CMR","Cameroon","M","Import","260","ATF","Fr. South Antarctic Terr.","0","W00","World","H4","HS","true","TOTAL","All Commodities","0","false","C00","TOTAL CPC","0 ","0","TOTAL MOT","-1","N/A","0","false","-1","N/A","0","false",,"false",,"false","8931.759",,"8931.759","0","false","true",
"C","A","20170101","2017","52","2017","120","CMR","Cameroon","M","Import","262","DJI","Djibouti","0","W00","World","H4","HS","true","TOTAL","All Commodities","0","false","C00","TOTAL CPC","0 ","0","TOTAL MOT","-1","N/A","0","false","-1","N/A","0","false",,"false",,"false","88805.853",,"88805.853","0","false","true",
"C","A","20170101","2017","52","2017","120","CMR","Cameroon","M","Import","266","GAB","Gabon","0","W00","World","H4","HS","true","TOTAL","All Commodities","0","false","C00","TOTAL CPC","0 ","0","TOTAL MOT","-1","N/A","0","false","-1","N/A","0","false",,"false",,"false","5001196.688",,"5001196.688","0","false","true",
"C","A","20170101","2017","52","2017","120","CMR","Cameroon","M","Import","268","GEO","Georgia","0","W00","World","H4","HS","true","TOTAL","All Commodities","0","false","C00","TOTAL CPC","0 ","0","TOTAL MOT","-1","N/A","0","false","-1","N/A","0","false",,"false",,"false","125611.487",,"125611.487","0","false","true",
"C","A","20170101","2017","52","2017","120","CMR","Cameroon","M","Import","270","GMB","Gambia","0","W00","World","H4","HS","true","TOTAL","All Commodities","0","false","C00","TOTAL CPC","0 ","0","TOTAL MOT","-1","N/A","0","false","-1","N/A","0","false",,"false",,"false","149203.384",,"149203.384","0","false","true",
"C","A","20170101","2017","52","2017","120","CMR","Cameroon","M","Import","276","DEU","Germany","0","W00","World","H4","HS","true","TOTAL","All Commodities","0","false","C00","TOTAL CPC","0 ","0","TOTAL MOT","-1","N/A","0","false","-1","N/A","0","false",,"true",,"false","196945703.369",,"196945703.369","0","false","true",
"C","A","20170101","2017","52","2017","120","CMR","Cameroon","M","Import","288","GHA","Ghana","0","W00","World","H4","HS","true","TOTAL","All Commodities","0","false","C00","TOTAL CPC","0 ","0","TOTAL MOT","-1","N/A","0","false","-1","N/A","0","false",,"false",,"false","3914242.586",,"3914242.586","0","false","true",
"C","A","20170101","2017","52","2017","120","CMR","Cameroon","M","Import","292","GIB","Gibraltar","0","W00","World","H4","HS","true","TOTAL","All Commodities","0","false","C00","TOTAL CPC","0 ","0","TOTAL MOT","-1","N/A","0","false","-1","N/A","0","false",,"false",,"false","98379.038",,"98379.038","0","false","true",
"C","A","20170101","2017","52","2017","120","CMR","Cameroon","M","Import","296","KIR","Kiribati","0","W00","World","H4","HS","true","TOTAL","All Commodities","0","false","C00","TOTAL CPC","0 ","0","TOTAL MOT","-1","N/A","0","false","-1","N/A","0","false",,"false",,"false","8618.9",,"8618.9","0","false","true",
"C","A","20170101","2017","52","2017","120","CMR","Cameroon","M","Import","300","GRC","Greece","0","W00","World","H4","HS","true","TOTAL","All Commodities","0","false","C00","TOTAL CPC","0 ","0","TOTAL MOT","-1","N/A","0","false","-1","N/A","0","false",,"false",,"false","6189315.19",,"6189315.19","0","false","true",
"C","A","20170101","2017","52","2017","120","CMR","Cameroon","M","Import","304","GRL","Greenland","0","W00","World","H4","HS","true","TOTAL","All Commodities","0","false","C00","TOTAL CPC","0 ","0","TOTAL MOT","-1","N/A","0","false","-1","N/A","0","false",,"false",,"false","97424.753",,"97424.753","0","false","true",
"C","A","20170101","2017","52","2017","120","CMR","Cameroon","M","Import","308","GRD","Grenada","0","W00","World","H4","HS","true","TOTAL","All Commodities","0","false","C00","TOTAL CPC","0 ","0","TOTAL MOT","-1","N/A","0","false","-1","N/A","0","false",,"false",,"false","97424.753",,"97424.753","0","false","true",
"C","A","20170101","2017","52","2017","120","CMR","Cameroon","M","Import","316","GUM","Guam","0","W00","World","H4","HS","true","TOTAL","All Commodities","0","false","C00","TOTAL CPC","0 ","0","TOTAL MOT","-1","N/A","0","false","-1","N/A","0","false",,"false",,"false","97424.753",,"97424.753","0","false","true",
"C","A","20170101","2017","52","2017","120","CMR","Cameroon","M","Import","320","GTM","Guatemala","0","W00","World","H4","HS","true","TOTAL","All Commodities","0","false","C00","TOTAL CPC","0 ","0","TOTAL MOT","-1","N/A","0","false","-1","N/A","0","false",,"false",,"false","10675626.897",,"10675626.897","0","false","true",
"C","A","20170101","2017","52","2017","120","CMR","Cameroon","M","Import","324","GIN","Guinea","0","W00","World","H4","HS","true","TOTAL","All Commodities","0","false","C00","TOTAL CPC","0 ","0","TOTAL MOT","-1","N/A","0","false","-1","N/A","0","false",,"false",,"false","119062.315",,"119062.315","0","false","true",
"C","A","20170101","2017","52","2017","120","CMR","Cameroon","M","Import","328","GUY","Guyana","0","W00","World","H4","HS","true","TOTAL","All Commodities","0","false","C00","TOTAL CPC","0 ","0","TOTAL MOT","-1","N/A","0","false","-1","N/A","0","false",,"false",,"false","97424.753",,"97424.753","0","false","true",
"C","A","20170101","2017","52","2017","120","CMR","Cameroon","M","Import","332","HTI","Haiti","0","W00","World","H4","HS","true","TOTAL","All Commodities","0","false","C00","TOTAL CPC","0 ","0","TOTAL MOT","-1","N/A","0","false","-1","N/A","0","false",,"false",,"false","409035.939",,"409035.939","0","false","true",
"C","A","20170101","2017","52","2017","120","CMR","Cameroon","M","Import","340","HND","Honduras","0","W00","World","H4","HS","true","TOTAL","All Commodities","0","false","C00","TOTAL CPC","0 ","0","TOTAL MOT","-1","N/A","0","false","-1","N/A","0","false",,"false",,"false","102169.268",,"102169.268","0","false","true",
"C","A","20170101","2017","52","2017","120","CMR","Cameroon","M","Import","344","HKG","China, Hong Kong SAR","0","W00","World","H4","HS","true","TOTAL","All Commodities","0","false","C00","TOTAL CPC","0 ","0","TOTAL MOT","-1","N/A","0","false","-1","N/A","0","false",,"false",,"false","7433333.904",,"7433333.904","0","false","true",
"C","A","20170101","2017","52","2017","120","CMR","Cameroon","M","Import","348","HUN","Hungary","0","W00","World","H4","HS","true","TOTAL","All Commodities","0","false","C00","TOTAL CPC","0 ","0","TOTAL MOT","-1","N/A","0","false","-1","N/A","0","false",,"true",,"false","23973522.044",,"23973522.044","0","false","true",
"C","A","20170101","2017","52","2017","120","CMR","Cameroon","M","Import","352","ISL","Iceland","0","W00","World","H4","HS","true","TOTAL","All Commodities","0","false","C00","TOTAL CPC","0 ","0","TOTAL MOT","-1","N/A","0","false","-1","N/A","0","false",,"false",,"false","628484.493",,"628484.493","0","false","true",
"C","A","20170101","2017","52","2017","120","CMR","Cameroon","M","Import","360","IDN","Indonesia","0","W00","World","H4","HS","true","TOTAL","All Commodities","0","false","C00","TOTAL CPC","0 ","0","TOTAL MOT","-1","N/A","0","false","-1","N/A","0","false",,"false",,"false","20243530.926",,"20243530.926","0","false","true",
"C","A","20170101","2017","52","2017","120","CMR","Cameroon","M","Import","364","IRN","Iran","0","W00","World","H4","HS","true","TOTAL","All Commodities","0","false","C00","TOTAL CPC","0 ","0","TOTAL MOT","-1","N/A","0","false","-1","N/A","0","false",,"true",,"false","4700019.015",,"4700019.015","0","false","true",
"C","A","20170101","2017","52","2017","120","CMR","Cameroon","M","Import","368","IRQ","Iraq","0","W00","World","H4","HS","true","TOTAL","All Commodities","0","false","C00","TOTAL CPC","0 ","0","TOTAL MOT","-1","N/A","0","false","-1","N/A","0","false",,"false",,"false","101734.203",,"101734.203","0","false","true",
"C","A","20170101","2017","52","2017","120","CMR","Cameroon","M","Import","372","IRL","Ireland","0","W00","World","H4","HS","true","TOTAL","All Commodities","0","false","C00","TOTAL CPC","0 ","0","TOTAL MOT","-1","N/A","0","false","-1","N/A","0","false",,"false",,"false","33857233.62",,"33857233.62","0","false","true",
"C","A","20170101","2017","52","2017","120","CMR","Cameroon","M","Import","376","ISR","Israel","0","W00","World","H4","HS","true","TOTAL","All Commodities","0","false","C00","TOTAL CPC","0 ","0","TOTAL MOT","-1","N/A","0","false","-1","N/A","0","false",,"true",,"false","3666625.314",,"3666625.314","0","false","true",
"C","A","20170101","2017","52","2017","120","CMR","Cameroon","M","Import","380","ITA","Italy","0","W00","World","H4","HS","true","TOTAL","All Commodities","0","false","C00","TOTAL CPC","0 ","0","TOTAL MOT","-1","N/A","0","false","-1","N/A","0","false",,"true",,"false","135086228.138",,"135086228.138","0","false","true",
"C","A","20170101","2017","52","2017","120","CMR","Cameroon","M","Import","384","CIV","Côte d'Ivoire","0","W00","World","H4","HS","true","TOTAL","All Commodities","0","false","C00","TOTAL CPC","0 ","0","TOTAL MOT","-1","N/A","0","false","-1","N/A","0","false",,"false",,"false","41741244.556",,"41741244.556","0","false","true",
"C","A","20170101","2017","52","2017","120","CMR","Cameroon","M","Import","388","JAM","Jamaica","0","W00","World","H4","HS","true","TOTAL","All Commodities","0","false","C00","TOTAL CPC","0 ","0","TOTAL MOT","-1","N/A","0","false","-1","N/A","0","false",,"false",,"false","13329152.686",,"13329152.686","0","false","true",
"C","A","20170101","2017","52","2017","120","CMR","Cameroon","M","Import","392","JPN","Japan","0","W00","World","H4","HS","true","TOTAL","All Commodities","0","false","C00","TOTAL CPC","0 ","0","TOTAL MOT","-1","N/A","0","false","-1","N/A","0","false",,"true",,"false","122988308.039",,"122988308.039","0","false","true",
"C","A","20170101","2017","52","2017","120","CMR","Cameroon","M","Import","400","JOR","Jordan","0","W00","World","H4","HS","true","TOTAL","All Commodities","0","false","C00","TOTAL CPC","0 ","0","TOTAL MOT","-1","N/A","0","false","-1","N/A","0","false",,"false",,"false","1028255.447",,"1028255.447","0","false","true",
"C","A","20170101","2017","52","2017","120","CMR","Cameroon","M","Import","404","KEN","Kenya","0","W00","World","H4","HS","true","TOTAL","All Commodities","0","false","C00","TOTAL CPC","0 ","0","TOTAL MOT","-1","N/A","0","false","-1","N/A","0","false",,"false",,"false","121065.138",,"121065.138","0","false","true",
"C","A","20170101","2017","52","2017","120","CMR","Cameroon","M","Import","408","PRK","Dem. People's Rep. of Korea","0","W00","World","H4","HS","true","TOTAL","All Commodities","0","false","C00","TOTAL CPC","0 ","0","TOTAL MOT","-1","N/A","0","false","-1","N/A","0","false",,"false",,"false","232461.043",,"232461.043","0","false","true",
"C","A","20170101","2017","52","2017","120","CMR","Cameroon","M","Import","410","KOR","Rep. of Korea","0","W00","World","H4","HS","true","TOTAL","All Commodities","0","false","C00","TOTAL CPC","0 ","0","TOTAL MOT","-1","N/A","0","false","-1","N/A","0","false",,"true",,"false","27021027.172",,"27021027.172","0","false","true",
"C","A","20170101","2017","52","2017","120","CMR","Cameroon","M","Import","414","KWT","Kuwait","0","W00","World","H4","HS","true","TOTAL","All Commodities","0","false","C00","TOTAL CPC","0 ","0","TOTAL MOT","-1","N/A","0","false","-1","N/A","0","false",,"false",,"false","827041.967",,"827041.967","0","false","true",
"C","A","20170101","2017","52","2017","120","CMR","Cameroon","M","Import","417","KGZ","Kyrgyzstan","0","W00","World","H4","HS","true","TOTAL","All Commodities","0","false","C00","TOTAL CPC","0 ","0","TOTAL MOT","-1","N/A","0","false","-1","N/A","0","false",,"false",,"false","27162.798",,"27162.798","0","false","true",
"C","A","20170101","2017","52","2017","120","CMR","Cameroon","M","Import","418","LAO","Lao People's Dem. Rep.","0","W00","World","H4","HS","true","TOTAL","All Commodities","0","false","C00","TOTAL CPC","0 ","0","TOTAL MOT","-1","N/A","0","false","-1","N/A","0","false",,"false",,"false","6694.565",,"6694.565","0","false","true",
"C","A","20170101","2017","52","2017","120","CMR","Cameroon","M","Import","422","LBN","Lebanon","0","W00","World","H4","HS","true","TOTAL","All Commodities","0","false","C00","TOTAL CPC","0 ","0","TOTAL MOT","-1","N/A","0","false","-1","N/A","0","false",,"false",,"false","6318936.865",,"6318936.865","0","false","true",
"C","A","20170101","2017","52","2017","120","CMR","Cameroon","M","Import","426","LSO","Lesotho","0","W00","World","H4","HS","true","TOTAL","All Commodities","0","false","C00","TOTAL CPC","0 ","0","TOTAL MOT","-1","N/A","0","false","-1","N/A","0","false",,"false",,"false","19653.009",,"19653.009","0","false","true",
"C","A","20170101","2017","52","2017","120","CMR","Cameroon","M","Import","428","LVA","Latvia","0","W00","World","H4","HS","true","TOTAL","All Commodities","0","false","C00","TOTAL CPC","0 ","0","TOTAL MOT","-1","N/A","0","false","-1","N/A","0","false",,"false",,"false","8612769.525",,"8612769.525","0","false","true",
"C","A","20170101","2017","52","2017","120","CMR","Cameroon","M","Import","430","LBR","Liberia","0","W00","World","H4","HS","true","TOTAL","All Commodities","0","false","C00","TOTAL CPC","0 ","0","TOTAL MOT","-1","N/A","0","false","-1","N/A","0","false",,"false",,"false","4991494.399",,"4991494.399","0","false","true",
"C","A","20170101","2017","52","2017","120","CMR","Cameroon","M","Import","434","LBY","Libya","0","W00","World","H4","HS","true","TOTAL","All Commodities","0","false","C00","TOTAL CPC","0 ","0","TOTAL MOT","-1","N/A","0","false","-1","N/A","0","false",,"false",,"false","102433.689",,"102433.689","0","false","true",
"C","A","20170101","2017","52","2017","120","CMR","Cameroon","M","Import","440","LTU","Lithuania","0","W00","World","H4","HS","true","TOTAL","All Commodities","0","false","C00","TOTAL CPC","0 ","0","TOTAL MOT","-1","N/A","0","false","-1","N/A","0","false",,"false",,"false","3733423.06",,"3733423.06","0","false","true",
"C","A","20170101","2017","52","2017","120","CMR","Cameroon","M","Import","442","LUX","Luxembourg","0","W00","World","H4","HS","true","TOTAL","All Commodities","0","false","C00","TOTAL CPC","0 ","0","TOTAL MOT","-1","N/A","0","false","-1","N/A","0","false",,"false",,"false","6376932.967",,"6376932.967","0","false","true",
"C","A","20170101","2017","52","2017","120","CMR","Cameroon","M","Import","446","MAC","China, Macao SAR","0","W00","World","H4","HS","true","TOTAL","All Commodities","0","false","C00","TOTAL CPC","0 ","0","TOTAL MOT","-1","N/A","0","false","-1","N/A","0","false",,"false",,"false","100496.11",,"100496.11","0","false","true",
"C","A","20170101","2017","52","2017","120","CMR","Cameroon","M","Import","450","MDG","Madagascar","0","W00","World","H4","HS","true","TOTAL","All Commodities","0","false","C00","TOTAL CPC","0 ","0","TOTAL MOT","-1","N/A","0","false","-1","N/A","0","false",,"false",,"false","115707.191",,"115707.191","0","false","true",
"C","A","20170101","2017","52","2017","120","CMR","Cameroon","M","Import","454","MWI","Malawi","0","W00","World","H4","HS","true","TOTAL","All Commodities","0","false","C00","TOTAL CPC","0 ","0","TOTAL MOT","-1","N/A","0","false","-1","N/A","0","false",,"false",,"false","7082.972",,"7082.972","0","false","true",
"C","A","20170101","2017","52","2017","120","CMR","Cameroon","M","Import","458","MYS","Malaysia","0","W00","World","H4","HS","true","TOTAL","All Commodities","0","false","C00","TOTAL CPC","0 ","0","TOTAL MOT","-1","N/A","0","false","-1","N/A","0","false",,"false",,"false","67128007.406",,"67128007.406","0","false","true",
"C","A","20170101","2017","52","2017","120","CMR","Cameroon","M","Import","462","MDV","Maldives","0","W00","World","H4","HS","true","TOTAL","All Commodities","0","false","C00","TOTAL CPC","0 ","0","TOTAL MOT","-1","N/A","0","false","-1","N/A","0","false",,"false",,"false","9480.79",,"9480.79","0","false","true",
"C","A","20170101","2017","52","2017","120","CMR","Cameroon","M","Import","466","MLI","Mali","0","W00","World","H4","HS","true","TOTAL","All Commodities","0","false","C00","TOTAL CPC","0 ","0","TOTAL MOT","-1","N/A","0","false","-1","N/A","0","false",,"false",,"false","100430.591",,"100430.591","0","false","true",
"C","A","20170101","2017","52","2017","120","CMR","Cameroon","M","Import","470","MLT","Malta","0","W00","World","H4","HS","true","TOTAL","All Commodities","0","false","C00","TOTAL CPC","0 ","0","TOTAL MOT","-1","N/A","0","false","-1","N/A","0","false",,"false",,"false","1990845.496",,"1990845.496","0","false","true",
"C","A","20170101","2017","52","2017","120","CMR","Cameroon","M","Import","478","MRT","Mauritania","0","W00","World","H4","HS","true","TOTAL","All Commodities","0","false","C00","TOTAL CPC","0 ","0","TOTAL MOT","-1","N/A","0","false","-1","N/A","0","false",,"false",,"false","46675908.747",,"46675908.747","0","false","true",
"C","A","20170101","2017","52","2017","120","CMR","Cameroon","M","Import","480","MUS","Mauritius","0","W00","World","H4","HS","true","TOTAL","All Commodities","0","false","C00","TOTAL CPC","0 ","0","TOTAL MOT","-1","N/A","0","false","-1","N/A","0","false",,"false",,"false","3674533.417",,"3674533.417","0","false","true",
"C","A","20170101","2017","52","2017","120","CMR","Cameroon","M","Import","484","MEX","Mexico","0","W00","World","H4","HS","true","TOTAL","All Commodities","0","false","C00","TOTAL CPC","0 ","0","TOTAL MOT","-1","N/A","0","false","-1","N/A","0","false",,"false",,"false","7703908.405",,"7703908.405","0","false","true",
"C","A","20170101","2017","52","2017","120","CMR","Cameroon","M","Import","490","S19","Other Asia, nes","0","W00","World","H4","HS","true","TOTAL","All Commodities","0","false","C00","TOTAL CPC","0 ","0","TOTAL MOT","-1","N/A","0","false","-1","N/A","0","false",,"true",,"false","20322837.865",,"20322837.865","0","false","true",
"C","A","20170101","2017","52","2017","120","CMR","Cameroon","M","Import","496","MNG","Mongolia","0","W00","World","H4","HS","true","TOTAL","All Commodities","0","false","C00","TOTAL CPC","0 ","0","TOTAL MOT","-1","N/A","0","false","-1","N/A","0","false",,"false",,"false","97862.761",,"97862.761","0","false","true",
"C","A","20170101","2017","52","2017","120","CMR","Cameroon","M","Import","498","MDA","Rep. of Moldova","0","W00","World","H4","HS","true","TOTAL","All Commodities","0","false","C00","TOTAL CPC","0 ","0","TOTAL MOT","-1","N/A","0","false","-1","N/A","0","false",,"false",,"false","106179.225",,"106179.225","0","false","true",
"C","A","20170101","2017","52","2017","120","CMR","Cameroon","M","Import","504","MAR","Morocco","0","W00","World","H4","HS","true","TOTAL","All Commodities","0","false","C00","TOTAL CPC","0 ","0","TOTAL MOT","-1","N/A","0","false","-1","N/A","0","false",,"true",,"false","74256656.141",,"74256656.141","0","false","true",
"C","A","20170101","2017","52","2017","120","CMR","Cameroon","M","Import","508","MOZ","Mozambique","0","W00","World","H4","HS","true","TOTAL","All Commodities","0","false","C00","TOTAL CPC","0 ","0","TOTAL MOT","-1","N/A","0","false","-1","N/A","0","false",,"false",,"false","861.89",,"861.89","0","false","true",
"C","A","20170101","2017","52","2017","120","CMR","Cameroon","M","Import","512","OMN","Oman","0","W00","World","H4","HS","true","TOTAL","All Commodities","0","false","C00","TOTAL CPC","0 ","0","TOTAL MOT","-1","N/A","0","false","-1","N/A","0","false",,"false",,"false","1438817.103",,"1438817.103","0","false","true",
"C","A","20170101","2017","52","2017","120","CMR","Cameroon","M","Import","516","NAM","Namibia","0","W00","World","H4","HS","true","TOTAL","All Commodities","0","false","C00","TOTAL CPC","0 ","0","TOTAL MOT","-1","N/A","0","false","-1","N/A","0","false",,"false",,"false","6623113.463",,"6623113.463","0","false","true",
"C","A","20170101","2017","52","2017","120","CMR","Cameroon","M","Import","524","NPL","Nepal","0","W00","World","H4","HS","true","TOTAL","All Commodities","0","false","C00","TOTAL CPC","0 ","0","TOTAL MOT","-1","N/A","0","false","-1","N/A","0","false",,"false",,"false","133.703",,"133.703","0","false","true",
"C","A","20170101","2017","52","2017","120","CMR","Cameroon","M","Import","527","O19","Oceania, nes","0","W00","World","H4","HS","true","TOTAL","All Commodities","0","false","C00","TOTAL CPC","0 ","0","TOTAL MOT","-1","N/A","0","false","-1","N/A","0","false",,"false",,"false","1322.572",,"1322.572","0","false","true",
"C","A","20170101","2017","52","2017","120","CMR","Cameroon","M","Import","528","NLD","Netherlands","0","W00","World","H4","HS","true","TOTAL","All Commodities","0","false","C00","TOTAL CPC","0 ","0","TOTAL MOT","-1","N/A","0","false","-1","N/A","0","false",,"true",,"false","120179171.211",,"120179171.211","0","false","true",
"C","A","20170101","2017","52","2017","120","CMR","Cameroon","M","Import","531","CUW","Curaçao","0","W00","World","H4","HS","true","TOTAL","All Commodities","0","false","C00","TOTAL CPC","0 ","0","TOTAL MOT","-1","N/A","0","false","-1","N/A","0","false",,"false",,"false","91337.867",,"91337.867","0","false","true",
"C","A","20170101","2017","52","2017","120","CMR","Cameroon","M","Import","533","ABW","Aruba","0","W00","World","H4","HS","true","TOTAL","All Commodities","0","false","C00","TOTAL CPC","0 ","0","TOTAL MOT","-1","N/A","0","false","-1","N/A","0","false",,"false",,"false","8618.9",,"8618.9","0","false","true",
"C","A","20170101","2017","52","2017","120","CMR","Cameroon","M","Import","540","NCL","New Caledonia","0","W00","World","H4","HS","true","TOTAL","All Commodities","0","false","C00","TOTAL CPC","0 ","0","TOTAL MOT","-1","N/A","0","false","-1","N/A","0","false",,"false",,"false","313945.96",,"313945.96","0","false","true",
"C","A","20170101","2017","52","2017","120","CMR","Cameroon","M","Import","554","NZL","New Zealand","0","W00","World","H4","HS","true","TOTAL","All Commodities","0","false","C00","TOTAL CPC","0 ","0","TOTAL MOT","-1","N/A","0","false","-1","N/A","0","false",,"false",,"false","15517474.186",,"15517474.186","0","false","true",
"C","A","20170101","2017","52","2017","120","CMR","Cameroon","M","Import","558","NIC","Nicaragua","0","W00","World","H4","HS","true","TOTAL","All Commodities","0","false","C00","TOTAL CPC","0 ","0","TOTAL MOT","-1","N/A","0","false","-1","N/A","0","false",,"false",,"false","20244.881",,"20244.881","0","false","true",
"C","A","20170101","2017","52","2017","120","CMR","Cameroon","M","Import","562","NER","Niger","0","W00","World","H4","HS","true","TOTAL","All Commodities","0","false","C00","TOTAL CPC","0 ","0","TOTAL MOT","-1","N/A","0","false","-1","N/A","0","false",,"false",,"false","1481.68",,"1481.68","0","false","true",
"C","A","20170101","2017","52","2017","120","CMR","Cameroon","M","Import","566","NGA","Nigeria","0","W00","World","H4","HS","true","TOTAL","All Commodities","0","false","C00","TOTAL CPC","0 ","0","TOTAL MOT","-1","N/A","0","false","-1","N/A","0","false",,"true",,"false","254582935.557",,"254582935.557","0","false","true",
"C","A","20170101","2017","52","2017","120","CMR","Cameroon","M","Import","570","NIU","Niue","0","W00","World","H4","HS","true","TOTAL","All Commodities","0","false","C00","TOTAL CPC","0 ","0","TOTAL MOT","-1","N/A","0","false","-1","N/A","0","false",,"false",,"false","18543.898",,"18543.898","0","false","true",
"C","A","20170101","2017","52","2017","120","CMR","Cameroon","M","Import","574","NFK","Norfolk Isds","0","W00","World","H4","HS","true","TOTAL","All Commodities","0","false","C00","TOTAL CPC","0 ","0","TOTAL MOT","-1","N/A","0","false","-1","N/A","0","false",,"false",,"false","18888.654",,"18888.654","0","false","true",
"C","A","20170101","2017","52","2017","120","CMR","Cameroon","M","Import","579","NOR","Norway","0","W00","World","H4","HS","true","TOTAL","All Commodities","0","false","C00","TOTAL CPC","0 ","0","TOTAL MOT","-1","N/A","0","false","-1","N/A","0","false",,"true",,"false","10971780.98",,"10971780.98","0","false","true",
"C","A","20170101","2017","52","2017","120","CMR","Cameroon","M","Import","581","UMI","United States Minor Outlying Islands","0","W00","World","H4","HS","true","TOTAL","All Commodities","0","false","C00","TOTAL CPC","0 ","0","TOTAL MOT","-1","N/A","0","false","-1","N/A","0","false",,"false",,"false","42147.955",,"42147.955","0","false","true",
"C","A","20170101","2017","52","2017","120","CMR","Cameroon","M","Import","583","FSM","FS Micronesia","0","W00","World","H4","HS","true","TOTAL","All Commodities","0","false","C00","TOTAL CPC","0 ","0","TOTAL MOT","-1","N/A","0","false","-1","N/A","0","false",,"false",,"false","8660.183",,"8660.183","0","false","true",
"C","A","20170101","2017","52","2017","120","CMR","Cameroon","M","Import","584","MHL","Marshall Isds","0","W00","World","H4","HS","true","TOTAL","All Commodities","0","false","C00","TOTAL CPC","0 ","0","TOTAL MOT","-1","N/A","0","false","-1","N/A","0","false",,"false",,"false","8618.9",,"8618.9","0","false","true",
"C","A","20170101","2017","52","2017","120","CMR","Cameroon","M","Import","586","PAK","Pakistan","0","W00","World","H4","HS","true","TOTAL","All Commodities","0","false","C00","TOTAL CPC","0 ","0","TOTAL MOT","-1","N/A","0","false","-1","N/A","0","false",,"false",,"false","8195177.738",,"8195177.738","0","false","true",
"C","A","20170101","2017","52","2017","120","CMR","Cameroon","M","Import","591","PAN","Panama","0","W00","World","H4","HS","true","TOTAL","All Commodities","0","false","C00","TOTAL CPC","0 ","0","TOTAL MOT","-1","N/A","0","false","-1","N/A","0","false",,"false",,"false","3439929.181",,"3439929.181","0","false","true",
"C","A","20170101","2017","52","2017","120","CMR","Cameroon","M","Import","598","PNG","Papua New Guinea","0","W00","World","H4","HS","true","TOTAL","All Commodities","0","false","C00","TOTAL CPC","0 ","0","TOTAL MOT","-1","N/A","0","false","-1","N/A","0","false",,"false",,"false","1835.693",,"1835.693","0","false","true",
"C","A","20170101","2017","52","2017","120","CMR","Cameroon","M","Import","600","PRY","Paraguay","0","W00","World","H4","HS","true","TOTAL","All Commodities","0","false","C00","TOTAL CPC","0 ","0","TOTAL MOT","-1","N/A","0","false","-1","N/A","0","false",,"false",,"false","86681.801",,"86681.801","0","false","true",
"C","A","20170101","2017","52","2017","120","CMR","Cameroon","M","Import","604","PER","Peru","0","W00","World","H4","HS","true","TOTAL","All Commodities","0","false","C00","TOTAL CPC","0 ","0","TOTAL MOT","-1","N/A","0","false","-1","N/A","0","false",,"true",,"false","3539874.564",,"3539874.564","0","false","true",
"C","A","20170101","2017","52","2017","120","CMR","Cameroon","M","Import","608","PHL","Philippines","0","W00","World","H4","HS","true","TOTAL","All Commodities","0","false","C00","TOTAL CPC","0 ","0","TOTAL MOT","-1","N/A","0","false","-1","N/A","0","false",,"false",,"false","4689712.219",,"4689712.219","0","false","true",
"C","A","20170101","2017","52","2017","120","CMR","Cameroon","M","Import","612","PCN","Pitcairn","0","W00","World","H4","HS","true","TOTAL","All Commodities","0","false","C00","TOTAL CPC","0 ","0","TOTAL MOT","-1","N/A","0","false","-1","N/A","0","false",,"false",,"false","18543.898",,"18543.898","0","false","true",
"C","A","20170101","2017","52","2017","120","CMR","Cameroon","M","Import","616","POL","Poland","0","W00","World","H4","HS","true","TOTAL","All Commodities","0","false","C00","TOTAL CPC","0 ","0","TOTAL MOT","-1","N/A","0","false","-1","N/A","0","false",,"false",,"false","51611289.944",,"51611289.944","0","false","true",
"C","A","20170101","2017","52","2017","120","CMR","Cameroon","M","Import","620","PRT","Portugal","0","W00","World","H4","HS","true","TOTAL","All Commodities","0","false","C00","TOTAL CPC","0 ","0","TOTAL MOT","-1","N/A","0","false","-1","N/A","0","false",,"true",,"false","58956697.438",,"58956697.438","0","false","true",
"C","A","20170101","2017","52","2017","120","CMR","Cameroon","M","Import","624","GNB","Guinea-Bissau","0","W00","World","H4","HS","true","TOTAL","All Commodities","0","false","C00","TOTAL CPC","0 ","0","TOTAL MOT","-1","N/A","0","false","-1","N/A","0","false",,"false",,"false","1549483.71",,"1549483.71","0","false","true",
"C","A","20170101","2017","52","2017","120","CMR","Cameroon","M","Import","634","QAT","Qatar","0","W00","World","H4","HS","true","TOTAL","All Commodities","0","false","C00","TOTAL CPC","0 ","0","TOTAL MOT","-1","N/A","0","false","-1","N/A","0","false",,"false",,"false","3056219.145",,"3056219.145","0","false","true",
"C","A","20170101","2017","52","2017","120","CMR","Cameroon","M","Import","642","ROU","Romania","0","W00","World","H4","HS","true","TOTAL","All Commodities","0","false","C00","TOTAL CPC","0 ","0","TOTAL MOT","-1","N/A","0","false","-1","N/A","0","false",,"true",,"false","6610687.54",,"6610687.54","0","false","true",
"C","A","20170101","2017","52","2017","120","CMR","Cameroon","M","Import","643","RUS","Russian Federation","0","W00","World","H4","HS","true","TOTAL","All Commodities","0","false","C00","TOTAL CPC","0 ","0","TOTAL MOT","-1","N/A","0","false","-1","N/A","0","false",,"false",,"false","132986421.424",,"132986421.424","0","false","true",
"C","A","20170101","2017","52","2017","120","CMR","Cameroon","M","Import","646","RWA","Rwanda","0","W00","World","H4","HS","true","TOTAL","All Commodities","0","false","C00","TOTAL CPC","0 ","0","TOTAL MOT","-1","N/A","0","false","-1","N/A","0","false",,"false",,"false","9803.483",,"9803.483","0","false","true",
"C","A","20170101","2017","52","2017","120","CMR","Cameroon","M","Import","652","BLM","Saint Barthélemy","0","W00","World","H4","HS","true","TOTAL","All Commodities","0","false","C00","TOTAL CPC","0 ","0","TOTAL MOT","-1","N/A","0","false","-1","N/A","0","false",,"false",,"false","11422795.061",,"11422795.061","0","false","true",
"C","A","20170101","2017","52","2017","120","CMR","Cameroon","M","Import","654","SHN","Saint Helena","0","W00","World","H4","HS","true","TOTAL","All Commodities","0","false","C00","TOTAL CPC","0 ","0","TOTAL MOT","-1","N/A","0","false","-1","N/A","0","false",,"false",,"false","424.422",,"424.422","0","false","true",
"C","A","20170101","2017","52","2017","120","CMR","Cameroon","M","Import","660","AIA","Anguilla","0","W00","World","H4","HS","true","TOTAL","All Commodities","0","false","C00","TOTAL CPC","0 ","0","TOTAL MOT","-1","N/A","0","false","-1","N/A","0","false",,"false",,"false","157854.407",,"157854.407","0","false","true",
"C","A","20170101","2017","52","2017","120","CMR","Cameroon","M","Import","662","LCA","Saint Lucia","0","W00","World","H4","HS","true","TOTAL","All Commodities","0","false","C00","TOTAL CPC","0 ","0","TOTAL MOT","-1","N/A","0","false","-1","N/A","0","false",,"false",,"false","8618.9",,"8618.9","0","false","true",
"C","A","20170101","2017","52","2017","120","CMR","Cameroon","M","Import","678","STP","Sao Tome and Principe","0","W00","World","H4","HS","true","TOTAL","All Commodities","0","false","C00","TOTAL CPC","0 ","0","TOTAL MOT","-1","N/A","0","false","-1","N/A","0","false",,"false",,"false","1636.198",,"1636.198","0","false","true",
"C","A","20170101","2017","52","2017","120","CMR","Cameroon","M","Import","682","SAU","Saudi Arabia","0","W00","World","H4","HS","true","TOTAL","All Commodities","0","false","C00","TOTAL CPC","0 ","0","TOTAL MOT","-1","N/A","0","false","-1","N/A","0","false",,"false",,"false","11504042.318",,"11504042.318","0","false","true",
"C","A","20170101","2017","52","2017","120","CMR","Cameroon","M","Import","686","SEN","Senegal","0","W00","World","H4","HS","true","TOTAL","All Commodities","0","false","C00","TOTAL CPC","0 ","0","TOTAL MOT","-1","N/A","0","false","-1","N/A","0","false",,"false",,"false","30359235.509",,"30359235.509","0","false","true",
"C","A","20170101","2017","52","2017","120","CMR","Cameroon","M","Import","688","SRB","Serbia","0","W00","World","H4","HS","true","TOTAL","All Commodities","0","false","C00","TOTAL CPC","0 ","0","TOTAL MOT","-1","N/A","0","false","-1","N/A","0","false",,"false",,"false","1594905.884",,"1594905.884","0","false","true",
"C","A","20170101","2017","52","2017","120","CMR","Cameroon","M","Import","690","SYC","Seychelles","0","W00","World","H4","HS","true","TOTAL","All Commodities","0","false","C00","TOTAL CPC","0 ","0","TOTAL MOT","-1","N/A","0","false","-1","N/A","0","false",,"false",,"false","34533.71",,"34533.71","0","false","true",
"C","A","20170101","2017","52","2017","120","CMR","Cameroon","M","Import","694","SLE","Sierra Leone","0","W00","World","H4","HS","true","TOTAL","All Commodities","0","false","C00","TOTAL CPC","0 ","0","TOTAL MOT","-1","N/A","0","false","-1","N/A","0","false",,"false",,"false","1548128.621",,"1548128.621","0","false","true",
"C","A","20170101","2017","52","2017","120","CMR","Cameroon","M","Import","699","IND","India","0","W00","World","H4","HS","true","TOTAL","All Commodities","0","false","C00","TOTAL CPC","0 ","0","TOTAL MOT","-1","N/A","0","false","-1","N/A","0","false",,"true",,"false","187677484.147",,"187677484.147","0","false","true",
"C","A","20170101","2017","52","2017","120","CMR","Cameroon","M","Import","702","SGP","Singapore","0","W00","World","H4","HS","true","TOTAL","All Commodities","0","false","C00","TOTAL CPC","0 ","0","TOTAL MOT","-1","N/A","0","false","-1","N/A","0","false",,"true",,"false","24720693.241",,"24720693.241","0","false","true",
"C","A","20170101","2017","52","2017","120","CMR","Cameroon","M","Import","703","SVK","Slovakia","0","W00","World","H4","HS","true","TOTAL","All Commodities","0","false","C00","TOTAL CPC","0 ","0","TOTAL MOT","-1","N/A","0","false","-1","N/A","0","false",,"false",,"false","2829793.959",,"2829793.959","0","false","true",
"C","A","20170101","2017","52","2017","120","CMR","Cameroon","M","Import","704","VNM","Viet Nam","0","W00","World","H4","HS","true","TOTAL","All Commodities","0","false","C00","TOTAL CPC","0 ","0","TOTAL MOT","-1","N/A","0","false","-1","N/A","0","false",,"false",,"false","22788288.846",,"22788288.846","0","false","true",
"C","A","20170101","2017","52","2017","120","CMR","Cameroon","M","Import","705","SVN","Slovenia","0","W00","World","H4","HS","true","TOTAL","All Commodities","0","false","C00","TOTAL CPC","0 ","0","TOTAL MOT","-1","N/A","0","false","-1","N/A","0","false",,"false",,"false","1615728.853",,"1615728.853","0","false","true",
"C","A","20170101","2017","52","2017","120","CMR","Cameroon","M","Import","706","SOM","Somalia","0","W00","World","H4","HS","true","TOTAL","All Commodities","0","false","C00","TOTAL CPC","0 ","0","TOTAL MOT","-1","N/A","0","false","-1","N/A","0","false",,"false",,"false","17221.16",,"17221.16","0","false","true",
"C","A","20170101","2017","52","2017","120","CMR","Cameroon","M","Import","710","ZAF","South Africa","0","W00","World","H4","HS","true","TOTAL","All Commodities","0","false","C00","TOTAL CPC","0 ","0","TOTAL MOT","-1","N/A","0","false","-1","N/A","0","false",,"false",,"false","68174832.075",,"68174832.075","0","false","true",
"C","A","20170101","2017","52","2017","120","CMR","Cameroon","M","Import","716","ZWE","Zimbabwe","0","W00","World","H4","HS","true","TOTAL","All Commodities","0","false","C00","TOTAL CPC","0 ","0","TOTAL MOT","-1","N/A","0","false","-1","N/A","0","false",,"false",,"false","49640.884",,"49640.884","0","false","true",
"C","A","20170101","2017","52","2017","120","CMR","Cameroon","M","Import","724","ESP","Spain","0","W00","World","H4","HS","true","TOTAL","All Commodities","0","false","C00","TOTAL CPC","0 ","0","TOTAL MOT","-1","N/A","0","false","-1","N/A","0","false",,"true",,"false","215499149.46",,"215499149.46","0","false","true",
"C","A","20170101","2017","52","2017","120","CMR","Cameroon","M","Import","729","SDN","Sudan","0","W00","World","H4","HS","true","TOTAL","All Commodities","0","false","C00","TOTAL CPC","0 ","0","TOTAL MOT","-1","N/A","0","false","-1","N/A","0","false",,"false",,"false","1240805.969",,"1240805.969","0","false","true",
"C","A","20170101","2017","52","2017","120","CMR","Cameroon","M","Import","732","ESH","Western Sahara","0","W00","World","H4","HS","true","TOTAL","All Commodities","0","false","C00","TOTAL CPC","0 ","0","TOTAL MOT","-1","N/A","0","false","-1","N/A","0","false",,"false",,"false","88805.853",,"88805.853","0","false","true",
"C","A","20170101","2017","52","2017","120","CMR","Cameroon","M","Import","740","SUR","Suriname","0","W00","World","H4","HS","true","TOTAL","All Commodities","0","false","C00","TOTAL CPC","0 ","0","TOTAL MOT","-1","N/A","0","false","-1","N/A","0","false",,"false",,"false","2094.589",,"2094.589","0","false","true",
"C","A","20170101","2017","52","2017","120","CMR","Cameroon","M","Import","748","SWZ","Eswatini","0","W00","World","H4","HS","true","TOTAL","All Commodities","0","false","C00","TOTAL CPC","0 ","0","TOTAL MOT","-1","N/A","0","false","-1","N/A","0","false",,"false",,"false","156229.415",,"156229.415","0","false","true",
"C","A","20170101","2017","52","2017","120","CMR","Cameroon","M","Import","752","SWE","Sweden","0","W00","World","H4","HS","true","TOTAL","All Commodities","0","false","C00","TOTAL CPC","0 ","0","TOTAL MOT","-1","N/A","0","false","-1","N/A","0","false",,"true",,"false","17973286.33",,"17973286.33","0","false","true",
"C","A","20170101","2017","52","2017","120","CMR","Cameroon","M","Import","757","CHE","Switzerland","0","W00","World","H4","HS","true","TOTAL","All Commodities","0","false","C00","TOTAL CPC","0 ","0","TOTAL MOT","-1","N/A","0","false","-1","N/A","0","false",,"true",,"false","27273980.125",,"27273980.125","0","false","true",
"C","A","20170101","2017","52","2017","120","CMR","Cameroon","M","Import","760","SYR","Syria","0","W00","World","H4","HS","true","TOTAL","All Commodities","0","false","C00","TOTAL CPC","0 ","0","TOTAL MOT","-1","N/A","0","false","-1","N/A","0","false",,"false",,"false","43641.211",,"43641.211","0","false","true",
"C","A","20170101","2017","52","2017","120","CMR","Cameroon","M","Import","764","THA","Thailand","0","W00","World","H4","HS","true","TOTAL","All Commodities","0","false","C00","TOTAL CPC","0 ","0","TOTAL MOT","-1","N/A","0","false","-1","N/A","0","false",,"true",,"false","297629362.806",,"297629362.806","0","false","true",
"C","A","20170101","2017","52","2017","120","CMR","Cameroon","M","Import","768","TGO","Togo","0","W00","World","H4","HS","true","TOTAL","All Commodities","0","false","C00","TOTAL CPC","0 ","0","TOTAL MOT","-1","N/A","0","false","-1","N/A","0","false",,"false",,"false","264689552.246",,"264689552.246","0","false","true",
"C","A","20170101","2017","52","2017","120","CMR","Cameroon","M","Import","772","TKL","Tokelau","0","W00","World","H4","HS","true","TOTAL","All Commodities","0","false","C00","TOTAL CPC","0 ","0","TOTAL MOT","-1","N/A","0","false","-1","N/A","0","false",,"false",,"false","16108.722",,"16108.722","0","false","true",
"C","A","20170101","2017","52","2017","120","CMR","Cameroon","M","Import","780","TTO","Trinidad and Tobago","0","W00","World","H4","HS","true","TOTAL","All Commodities","0","false","C00","TOTAL CPC","0 ","0","TOTAL MOT","-1","N/A","0","false","-1","N/A","0","false",,"false",,"false","12279.099",,"12279.099","0","false","true",
"C","A","20170101","2017","52","2017","120","CMR","Cameroon","M","Import","784","ARE","United Arab Emirates","0","W00","World","H4","HS","true","TOTAL","All Commodities","0","false","C00","TOTAL CPC","0 ","0","TOTAL MOT","-1","N/A","0","false","-1","N/A","0","false",,"true",,"false","60717812.498",,"60717812.498","0","false","true",
"C","A","20170101","2017","52","2017","120","CMR","Cameroon","M","Import","788","TUN","Tunisia","0","W00","World","H4","HS","true","TOTAL","All Commodities","0","false","C00","TOTAL CPC","0 ","0","TOTAL MOT","-1","N/A","0","false","-1","N/A","0","false",,"false",,"false","19260318.121",,"19260318.121","0","false","true",
"C","A","20170101","2017","52","2017","120","CMR","Cameroon","M","Import","792","TUR","Türkiye","0","W00","World","H4","HS","true","TOTAL","All Commodities","0","false","C00","TOTAL CPC","0 ","0","TOTAL MOT","-1","N/A","0","false","-1","N/A","0","false",,"true",,"false","84223914.183",,"84223914.183","0","false","true",
"C","A","20170101","2017","52","2017","120","CMR","Cameroon","M","Import","795","TKM","Turkmenistan","0","W00","World","H4","HS","true","TOTAL","All Commodities","0","false","C00","TOTAL CPC","0 ","0","TOTAL MOT","-1","N/A","0","false","-1","N/A","0","false",,"false",,"false","606229.731",,"606229.731","0","false","true",
"C","A","20170101","2017","52","2017","120","CMR","Cameroon","M","Import","800","UGA","Uganda","0","W00","World","H4","HS","true","TOTAL","All Commodities","0","false","C00","TOTAL CPC","0 ","0","TOTAL MOT","-1","N/A","0","false","-1","N/A","0","false",,"false",,"false","90961.873",,"90961.873","0","false","true",
"C","A","20170101","2017","52","2017","120","CMR","Cameroon","M","Import","807","MKD","North Macedonia","0","W00","World","H4","HS","true","TOTAL","All Commodities","0","false","C00","TOTAL CPC","0 ","0","TOTAL MOT","-1","N/A","0","false","-1","N/A","0","false",,"false",,"false","110122.56",,"110122.56","0","false","true",
"C","A","20170101","2017","52","2017","120","CMR","Cameroon","M","Import","818","EGY","Egypt","0","W00","World","H4","HS","true","TOTAL","All Commodities","0","false","C00","TOTAL CPC","0 ","0","TOTAL MOT","-1","N/A","0","false","-1","N/A","0","false",,"false",,"false","33992051.506",,"33992051.506","0","false","true",
"C","A","20170101","2017","52","2017","120","CMR","Cameroon","M","Import","826","GBR","United Kingdom","0","W00","World","H4","HS","true","TOTAL","All Commodities","0","false","C00","TOTAL CPC","0 ","0","TOTAL MOT","-1","N/A","0","false","-1","N/A","0","false",,"true",,"false","60460748.091",,"60460748.091","0","false","true",
"C","A","20170101","2017","52","2017","120","CMR","Cameroon","M","Import","834","TZA","United Rep. of Tanzania","0","W00","World","H4","HS","true","TOTAL","All Commodities","0","false","C00","TOTAL CPC","0 ","0","TOTAL MOT","-1","N/A","0","false","-1","N/A","0","false",,"false",,"false","228924.041",,"228924.041","0","false","true",
"C","A","20170101","2017","52","2017","120","CMR","Cameroon","M","Import","842","USA","USA","0","W00","World","H4","HS","true","TOTAL","All Commodities","0","false","C00","TOTAL CPC","0 ","0","TOTAL MOT","-1","N/A","0","false","-1","N/A","0","false",,"true",,"false","180611231.762",,"180611231.762","0","false","true",
"C","A","20170101","2017","52","2017","120","CMR","Cameroon","M","Import","854","BFA","Burkina Faso","0","W00","World","H4","HS","true","TOTAL","All Commodities","0","false","C00","TOTAL CPC","0 ","0","TOTAL MOT","-1","N/A","0","false","-1","N/A","0","false",,"false",,"false","446368.956",,"446368.956","0","false","true",
"C","A","20170101","2017","52","2017","120","CMR","Cameroon","M","Import","858","URY","Uruguay","0","W00","World","H4","HS","true","TOTAL","All Commodities","0","false","C00","TOTAL CPC","0 ","0","TOTAL MOT","-1","N/A","0","false","-1","N/A","0","false",,"false",,"false","5423804.093",,"5423804.093","0","false","true",
"C","A","20170101","2017","52","2017","120","CMR","Cameroon","M","Import","862","VEN","Venezuela","0","W00","World","H4","HS","true","TOTAL","All Commodities","0","false","C00","TOTAL CPC","0 ","0","TOTAL MOT","-1","N/A","0","false","-1","N/A","0","false",,"false",,"false","76.062",,"76.062","0","false","true",
"C","A","20170101","2017","52","2017","120","CMR","Cameroon","M","Import","887","YEM","Yemen","0","W00","World","H4","HS","true","TOTAL","All Commodities","0","false","C00","TOTAL CPC","0 ","0","TOTAL MOT","-1","N/A","0","false","-1","N/A","0","false",,"false",,"false","4800.514",,"4800.514","0","false","true",
"C","A","20170101","2017","52","2017","120","CMR","Cameroon","M","Import","894","ZMB","Zambia","0","W00","World","H4","HS","true","TOTAL","All Commodities","0","false","C00","TOTAL CPC","0 ","0","TOTAL MOT","-1","N/A","0","false","-1","N/A","0","false",,"false",,"false","248782.744",,"248782.744","0","false","true",
"C","A","20170101","2017","52","2017","120","CMR","Cameroon","M","Import","899","_X ","Areas, nes","0","W00","World","H4","HS","true","TOTAL","All Commodities","0","false","C00","TOTAL CPC","0 ","0","TOTAL MOT","-1","N/A","0","false","-1","N/A","0","false",,"false",,"false","3166903.744",,"3166903.744","0","false","true",
"C","A","20170101","2017","52","2017","120","CMR","Cameroon","X","Export","0","W00","World","0","W00","World","H4","HS","true","TOTAL","All Commodities","0","false","C00","TOTAL CPC","0 ","0","TOTAL MOT","-1","N/A","0","false","-1","N/A","0","false",,"true",,"false",,"3264185171.662","3264185171.662","0","false","true",
"C","A","20170101","2017","52","2017","120","CMR","Cameroon","X","Export","8","ALB","Albania","0","W00","World","H4","HS","true","TOTAL","All Commodities","0","false","C00","TOTAL CPC","0 ","0","TOTAL MOT","-1","N/A","0","false","-1","N/A","0","false",,"false",,"false",,"72498.973","72498.973","0","false","true",
"C","A","20170101","2017","52","2017","120","CMR","Cameroon","X","Export","12","DZA","Algeria","0","W00","World","H4","HS","true","TOTAL","All Commodities","0","false","C00","TOTAL CPC","0 ","0","TOTAL MOT","-1","N/A","0","false","-1","N/A","0","false",,"false",,"false",,"7916814.992","7916814.992","0","false","true",
"C","A","20170101","2017","52","2017","120","CMR","Cameroon","X","Export","20","AND","Andorra","0","W00","World","H4","HS","true","TOTAL","All Commodities","0","false","C00","TOTAL CPC","0 ","0","TOTAL MOT","-1","N/A","0","false","-1","N/A","0","false",,"false",,"false",,"1611.108","1611.108","0","false","true",
"C","A","20170101","2017","52","2017","120","CMR","Cameroon","X","Export","24","AGO","Angola","0","W00","World","H4","HS","true","TOTAL","All Commodities","0","false","C00","TOTAL CPC","0 ","0","TOTAL MOT","-1","N/A","0","false","-1","N/A","0","false",,"false",,"false",,"2161435.818","2161435.818","0","false","true",
"C","A","20170101","2017","52","2017","120","CMR","Cameroon","X","Export","28","ATG","Antigua and Barbuda","0","W00","World","H4","HS","true","TOTAL","All Commodities","0","false","C00","TOTAL CPC","0 ","0","TOTAL MOT","-1","N/A","0","false","-1","N/A","0","false",,"false",,"false",,"8618.947","8618.947","0","false","true",
"C","A","20170101","2017","52","2017","120","CMR","Cameroon","X","Export","31","AZE","Azerbaijan","0","W00","World","H4","HS","true","TOTAL","All Commodities","0","false","C00","TOTAL CPC","0 ","0","TOTAL MOT","-1","N/A","0","false","-1","N/A","0","false",,"false",,"false",,"34287.418","34287.418","0","false","true",
"C","A","20170101","2017","52","2017","120","CMR","Cameroon","X","Export","32","ARG","Argentina","0","W00","World","H4","HS","true","TOTAL","All Commodities","0","false","C00","TOTAL CPC","0 ","0","TOTAL MOT","-1","N/A","0","false","-1","N/A","0","false",,"false",,"false",,"169183.621","169183.621","0","false","true",
"C","A","20170101","2017","52","2017","120","CMR","Cameroon","X","Export","36","AUS","Australia","0","W00","World","H4","HS","true","TOTAL","All Commodities","0","false","C00","TOTAL CPC","0 ","0","TOTAL MOT","-1","N/A","0","false","-1","N/A","0","false",,"false",,"false",,"244792.975","244792.975","0","false","true",
"C","A","20170101","2017","52","2017","120","CMR","Cameroon","X","Export","40","AUT","Austria","0","W00","World","H4","HS","true","TOTAL","All Commodities","0","false","C00","TOTAL CPC","0 ","0","TOTAL MOT","-1","N/A","0","false","-1","N/A","0","false",,"false",,"false",,"314.263","314.263","0","false","true",
"C","A","20170101","2017","52","2017","120","CMR","Cameroon","X","Export","50","BGD","Bangladesh","0","W00","World","H4","HS","true","TOTAL","All Commodities","0","false","C00","TOTAL CPC","0 ","0","TOTAL MOT","-1","N/A","0","false","-1","N/A","0","false",,"false",,"false",,"80080826.762","80080826.762","0","false","true",
"C","A","20170101","2017","52","2017","120","CMR","Cameroon","X","Export","51","ARM","Armenia","0","W00","World","H4","HS","true","TOTAL","All Commodities","0","false","C00","TOTAL CPC","0 ","0","TOTAL MOT","-1","N/A","0","false","-1","N/A","0","false",,"false",,"false",,"706.606","706.606","0","false","true",
"C","A","20170101","2017","52","2017","120","CMR","Cameroon","X","Export","56","BEL","Belgium","0","W00","World","H4","HS","true","TOTAL","All Commodities","0","false","C00","TOTAL CPC","0 ","0","TOTAL MOT","-1","N/A","0","false","-1","N/A","0","false",,"false",,"false",,"175272972.166","175272972.166","0","false","true",
"C","A","20170101","2017","52","2017","120","CMR","Cameroon","X","Export","68","BOL","Bolivia (Plurinational State of)","0","W00","World","H4","HS","true","TOTAL","All Commodities","0","false","C00","TOTAL CPC","0 ","0","TOTAL MOT","-1","N/A","0","false","-1","N/A","0","false",,"false",,"false",,"20154.117","20154.117","0","false","true",
"C","A","20170101","2017","52","2017","120","CMR","Cameroon","X","Export","76","BRA","Brazil","0","W00","World","H4","HS","true","TOTAL","All Commodities","0","false","C00","TOTAL CPC","0 ","0","TOTAL MOT","-1","N/A","0","false","-1","N/A","0","false",,"false",,"false",,"1013798.204","1013798.204","0","false","true",
"C","A","20170101","2017","52","2017","120","CMR","Cameroon","X","Export","96","BRN","Brunei Darussalam","0","W00","World","H4","HS","true","TOTAL","All Commodities","0","false","C00","TOTAL CPC","0 ","0","TOTAL MOT","-1","N/A","0","false","-1","N/A","0","false",,"false",,"false",,"1916.888","1916.888","0","false","true",
"C","A","20170101","2017","52","2017","120","CMR","Cameroon","X","Export","100","BGR","Bulgaria","0","W00","World","H4","HS","true","TOTAL","All Commodities","0","false","C00","TOTAL CPC","0 ","0","TOTAL MOT","-1","N/A","0","false","-1","N/A","0","false",,"false",,"false",,"332132.33","332132.33","0","false","true",
"C","A","20170101","2017","52","2017","120","CMR","Cameroon","X","Export","116","KHM","Cambodia","0","W00","World","H4","HS","true","TOTAL","All Commodities","0","false","C00","TOTAL CPC","0 ","0","TOTAL MOT","-1","N/A","0","false","-1","N/A","0","false",,"false",,"false",,"4318.645","4318.645","0","false","true",
"C","A","20170101","2017","52","2017","120","CMR","Cameroon","X","Export","124","CAN","Canada","0","W00","World","H4","HS","true","TOTAL","All Commodities","0","false","C00","TOTAL CPC","0 ","0","TOTAL MOT","-1","N/A","0","false","-1","N/A","0","false",,"true",,"false",,"2119755.84","2119755.84","0","false","true",
"C","A","20170101","2017","52","2017","120","CMR","Cameroon","X","Export","132","CPV","Cabo Verde","0","W00","World","H4","HS","true","TOTAL","All Commodities","0","false","C00","TOTAL CPC","0 ","0","TOTAL MOT","-1","N/A","0","false","-1","N/A","0","false",,"false",,"false",,"197436.078","197436.078","0","false","true",
"C","A","20170101","2017","52","2017","120","CMR","Cameroon","X","Export","140","CAF","Central African Rep.","0","W00","World","H4","HS","true","TOTAL","All Commodities","0","false","C00","TOTAL CPC","0 ","0","TOTAL MOT","-1","N/A","0","false","-1","N/A","0","false",,"false",,"false",,"43665826.678","43665826.678","0","false","true",
"C","A","20170101","2017","52","2017","120","CMR","Cameroon","X","Export","144","LKA","Sri Lanka","0","W00","World","H4","HS","true","TOTAL","All Commodities","0","false","C00","TOTAL CPC","0 ","0","TOTAL MOT","-1","N/A","0","false","-1","N/A","0","false",,"false",,"false",,"274398.336","274398.336","0","false","true",
"C","A","20170101","2017","52","2017","120","CMR","Cameroon","X","Export","148","TCD","Chad","0","W00","World","H4","HS","true","TOTAL","All Commodities","0","false","C00","TOTAL CPC","0 ","0","TOTAL MOT","-1","N/A","0","false","-1","N/A","0","false",,"false",,"false",,"68296775.485","68296775.485","0","false","true",
"C","A","20170101","2017","52","2017","120","CMR","Cameroon","X","Export","152","CHL","Chile","0","W00","World","H4","HS","true","TOTAL","All Commodities","0","false","C00","TOTAL CPC","0 ","0","TOTAL MOT","-1","N/A","0","false","-1","N/A","0","false",,"false",,"false",,"47486.643","47486.643","0","false","true",
"C","A","20170101","2017","52","2017","120","CMR","Cameroon","X","Export","156","CHN","China","0","W00","World","H4","HS","true","TOTAL","All Commodities","0","false","C00","TOTAL CPC","0 ","0","TOTAL MOT","-1","N/A","0","false","-1","N/A","0","false",,"false",,"false",,"394518801.713","394518801.713","0","false","true",
"C","A","20170101","2017","52","2017","120","CMR","Cameroon","X","Export","170","COL","Colombia","0","W00","World","H4","HS","true","TOTAL","All Commodities","0","false","C00","TOTAL CPC","0 ","0","TOTAL MOT","-1","N/A","0","false","-1","N/A","0","false",,"false",,"false",,"93833.742","93833.742","0","false","true",
"C","A","20170101","2017","52","2017","120","CMR","Cameroon","X","Export","174","COM","Comoros","0","W00","World","H4","HS","true","TOTAL","All Commodities","0","false","C00","TOTAL CPC","0 ","0","TOTAL MOT","-1","N/A","0","false","-1","N/A","0","false",,"false",,"false",,"32960.739","32960.739","0","false","true",
"C","A","20170101","2017","52","2017","120","CMR","Cameroon","X","Export","178","COG","Congo","0","W00","World","H4","HS","true","TOTAL","All Commodities","0","false","C00","TOTAL CPC","0 ","0","TOTAL MOT","-1","N/A","0","false","-1","N/A","0","false",,"true",,"false",,"35357692.689","35357692.689","0","false","true",
"C","A","20170101","2017","52","2017","120","CMR","Cameroon","X","Export","180","COD","Dem. Rep. of the Congo","0","W00","World","H4","HS","true","TOTAL","All Commodities","0","false","C00","TOTAL CPC","0 ","0","TOTAL MOT","-1","N/A","0","false","-1","N/A","0","false",,"false",,"false",,"17699212.235","17699212.235","0","false","true",
"C","A","20170101","2017","52","2017","120","CMR","Cameroon","X","Export","191","HRV","Croatia","0","W00","World","H4","HS","true","TOTAL","All Commodities","0","false","C00","TOTAL CPC","0 ","0","TOTAL MOT","-1","N/A","0","false","-1","N/A","0","false",,"false",,"false",,"394882.199","394882.199","0","false","true",
"C","A","20170101","2017","52","2017","120","CMR","Cameroon","X","Export","192","CUB","Cuba","0","W00","World","H4","HS","true","TOTAL","All Commodities","0","false","C00","TOTAL CPC","0 ","0","TOTAL MOT","-1","N/A","0","false","-1","N/A","0","false",,"false",,"false",,"17252.8","17252.8","0","false","true",
"C","A","20170101","2017","52","2017","120","CMR","Cameroon","X","Export","196","CYP","Cyprus","0","W00","World","H4","HS","true","TOTAL","All Commodities","0","false","C00","TOTAL CPC","0 ","0","TOTAL MOT","-1","N/A","0","false","-1","N/A","0","false",,"false",,"false",,"337953.2","337953.2","0","false","true",
"C","A","20170101","2017","52","2017","120","CMR","Cameroon","X","Export","203","CZE","Czechia","0","W00","World","H4","HS","true","TOTAL","All Commodities","0","false","C00","TOTAL CPC","0 ","0","TOTAL MOT","-1","N/A","0","false","-1","N/A","0","false",,"false",,"false",,"282.929","282.929","0","false","true",
"C","A","20170101","2017","52","2017","120","CMR","Cameroon","X","Export","204","BEN","Benin","0","W00","World","H4","HS","true","TOTAL","All Commodities","0","false","C00","TOTAL CPC","0 ","0","TOTAL MOT","-1","N/A","0","false","-1","N/A","0","false",,"false",,"false",,"515089.649","515089.649","0","false","true",
"C","A","20170101","2017","52","2017","120","CMR","Cameroon","X","Export","208","DNK","Denmark","0","W00","World","H4","HS","true","TOTAL","All Commodities","0","false","C00","TOTAL CPC","0 ","0","TOTAL MOT","-1","N/A","0","false","-1","N/A","0","false",,"false",,"false",,"758518.193","758518.193","0","false","true",
"C","A","20170101","2017","52","2017","120","CMR","Cameroon","X","Export","214","DOM","Dominican Rep.","0","W00","World","H4","HS","true","TOTAL","All Commodities","0","false","C00","TOTAL CPC","0 ","0","TOTAL MOT","-1","N/A","0","false","-1","N/A","0","false",,"false",,"false",,"662745.904","662745.904","0","false","true",
"C","A","20170101","2017","52","2017","120","CMR","Cameroon","X","Export","226","GNQ","Equatorial Guinea","0","W00","World","H4","HS","true","TOTAL","All Commodities","0","false","C00","TOTAL CPC","0 ","0","TOTAL MOT","-1","N/A","0","false","-1","N/A","0","false",,"true",,"false",,"24530036.901","24530036.901","0","false","true",
"C","A","20170101","2017","52","2017","120","CMR","Cameroon","X","Export","231","ETH","Ethiopia","0","W00","World","H4","HS","true","TOTAL","All Commodities","0","false","C00","TOTAL CPC","0 ","0","TOTAL MOT","-1","N/A","0","false","-1","N/A","0","false",,"true",,"false",,"1884.92","1884.92","0","false","true",
"C","A","20170101","2017","52","2017","120","CMR","Cameroon","X","Export","232","ERI","Eritrea","0","W00","World","H4","HS","true","TOTAL","All Commodities","0","false","C00","TOTAL CPC","0 ","0","TOTAL MOT","-1","N/A","0","false","-1","N/A","0","false",,"false",,"false",,"55516.379","55516.379","0","false","true",
"C","A","20170101","2017","52","2017","120","CMR","Cameroon","X","Export","246","FIN","Finland","0","W00","World","H4","HS","true","TOTAL","All Commodities","0","false","C00","TOTAL CPC","0 ","0","TOTAL MOT","-1","N/A","0","false","-1","N/A","0","false",,"false",,"false",,"1136729.949","1136729.949","0","false","true",
"C","A","20170101","2017","52","2017","120","CMR","Cameroon","X","Export","251","FRA","France","0","W00","World","H4","HS","true","TOTAL","All Commodities","0","false","C00","TOTAL CPC","0 ","0","TOTAL MOT","-1","N/A","0","false","-1","N/A","0","false",,"true",,"false",,"343156132.588","343156132.588","0","false","true",
"C","A","20170101","2017","52","2017","120","CMR","Cameroon","X","Export","266","GAB","Gabon","0","W00","World","H4","HS","true","TOTAL","All Commodities","0","false","C00","TOTAL CPC","0 ","0","TOTAL MOT","-1","N/A","0","false","-1","N/A","0","false",,"false",,"false",,"54507306.194","54507306.194","0","false","true",
"C","A","20170101","2017","52","2017","120","CMR","Cameroon","X","Export","268","GEO","Georgia","0","W00","World","H4","HS","true","TOTAL","All Commodities","0","false","C00","TOTAL CPC","0 ","0","TOTAL MOT","-1","N/A","0","false","-1","N/A","0","false",,"false",,"false",,"44928.437","44928.437","0","false","true",
"C","A","20170101","2017","52","2017","120","CMR","Cameroon","X","Export","276","DEU","Germany","0","W00","World","H4","HS","true","TOTAL","All Commodities","0","false","C00","TOTAL CPC","0 ","0","TOTAL MOT","-1","N/A","0","false","-1","N/A","0","false",,"false",,"false",,"37795150.068","37795150.068","0","false","true",
"C","A","20170101","2017","52","2017","120","CMR","Cameroon","X","Export","288","GHA","Ghana","0","W00","World","H4","HS","true","TOTAL","All Commodities","0","false","C00","TOTAL CPC","0 ","0","TOTAL MOT","-1","N/A","0","false","-1","N/A","0","false",,"false",,"false",,"4059953.424","4059953.424","0","false","true",
"C","A","20170101","2017","52","2017","120","CMR","Cameroon","X","Export","300","GRC","Greece","0","W00","World","H4","HS","true","TOTAL","All Commodities","0","false","C00","TOTAL CPC","0 ","0","TOTAL MOT","-1","N/A","0","false","-1","N/A","0","false",,"true",,"false",,"2247874.827","2247874.827","0","false","true",
"C","A","20170101","2017","52","2017","120","CMR","Cameroon","X","Export","324","GIN","Guinea","0","W00","World","H4","HS","true","TOTAL","All Commodities","0","false","C00","TOTAL CPC","0 ","0","TOTAL MOT","-1","N/A","0","false","-1","N/A","0","false",,"false",,"false",,"674373.328","674373.328","0","false","true",
"C","A","20170101","2017","52","2017","120","CMR","Cameroon","X","Export","332","HTI","Haiti","0","W00","World","H4","HS","true","TOTAL","All Commodities","0","false","C00","TOTAL CPC","0 ","0","TOTAL MOT","-1","N/A","0","false","-1","N/A","0","false",,"false",,"false",,"914276.64","914276.64","0","false","true",
"C","A","20170101","2017","52","2017","120","CMR","Cameroon","X","Export","344","HKG","China, Hong Kong SAR","0","W00","World","H4","HS","true","TOTAL","All Commodities","0","false","C00","TOTAL CPC","0 ","0","TOTAL MOT","-1","N/A","0","false","-1","N/A","0","false",,"false",,"false",,"99147.254","99147.254","0","false","true",
"C","A","20170101","2017","52","2017","120","CMR","Cameroon","X","Export","348","HUN","Hungary","0","W00","World","H4","HS","true","TOTAL","All Commodities","0","false","C00","TOTAL CPC","0 ","0","TOTAL MOT","-1","N/A","0","false","-1","N/A","0","false",,"false",,"false",,"51.758","51.758","0","false","true",
"C","A","20170101","2017","52","2017","120","CMR","Cameroon","X","Export","360","IDN","Indonesia","0","W00","World","H4","HS","true","TOTAL","All Commodities","0","false","C00","TOTAL CPC","0 ","0","TOTAL MOT","-1","N/A","0","false","-1","N/A","0","false",,"false",,"false",,"50070391.12","50070391.12","0","false","true",
"C","A","20170101","2017","52","2017","120","CMR","Cameroon","X","Export","364","IRN","Iran","0","W00","World","H4","HS","true","TOTAL","All Commodities","0","false","C00","TOTAL CPC","0 ","0","TOTAL MOT","-1","N/A","0","false","-1","N/A","0","false",,"false",,"false",,"1753676.842","1753676.842","0","false","true",
"C","A","20170101","2017","52","2017","120","CMR","Cameroon","X","Export","368","IRQ","Iraq","0","W00","World","H4","HS","true","TOTAL","All Commodities","0","false","C00","TOTAL CPC","0 ","0","TOTAL MOT","-1","N/A","0","false","-1","N/A","0","false",,"false",,"false",,"286963.762","286963.762","0","false","true",
"C","A","20170101","2017","52","2017","120","CMR","Cameroon","X","Export","372","IRL","Ireland","0","W00","World","H4","HS","true","TOTAL","All Commodities","0","false","C00","TOTAL CPC","0 ","0","TOTAL MOT","-1","N/A","0","false","-1","N/A","0","false",,"false",,"false",,"8331875.64","8331875.64","0","false","true",
"C","A","20170101","2017","52","2017","120","CMR","Cameroon","X","Export","376","ISR","Israel","0","W00","World","H4","HS","true","TOTAL","All Commodities","0","false","C00","TOTAL CPC","0 ","0","TOTAL MOT","-1","N/A","0","false","-1","N/A","0","false",,"false",,"false",,"138228.938","138228.938","0","false","true",
"C","A","20170101","2017","52","2017","120","CMR","Cameroon","X","Export","380","ITA","Italy","0","W00","World","H4","HS","true","TOTAL","All Commodities","0","false","C00","TOTAL CPC","0 ","0","TOTAL MOT","-1","N/A","0","false","-1","N/A","0","false",,"false",,"false",,"453181165.966","453181165.966","0","false","true",
"C","A","20170101","2017","52","2017","120","CMR","Cameroon","X","Export","384","CIV","Côte d'Ivoire","0","W00","World","H4","HS","true","TOTAL","All Commodities","0","false","C00","TOTAL CPC","0 ","0","TOTAL MOT","-1","N/A","0","false","-1","N/A","0","false",,"false",,"false",,"5854198.658","5854198.658","0","false","true",
"C","A","20170101","2017","52","2017","120","CMR","Cameroon","X","Export","392","JPN","Japan","0","W00","World","H4","HS","true","TOTAL","All Commodities","0","false","C00","TOTAL CPC","0 ","0","TOTAL MOT","-1","N/A","0","false","-1","N/A","0","false",,"false",,"false",,"1035977.981","1035977.981","0","false","true",
"C","A","20170101","2017","52","2017","120","CMR","Cameroon","X","Export","400","JOR","Jordan","0","W00","World","H4","HS","true","TOTAL","All Commodities","0","false","C00","TOTAL CPC","0 ","0","TOTAL MOT","-1","N/A","0","false","-1","N/A","0","false",,"false",,"false",,"326150.43","326150.43","0","false","true",
"C","A","20170101","2017","52","2017","120","CMR","Cameroon","X","Export","404","KEN","Kenya","0","W00","World","H4","HS","true","TOTAL","All Commodities","0","false","C00","TOTAL CPC","0 ","0","TOTAL MOT","-1","N/A","0","false","-1","N/A","0","false",,"false",,"false",,"798.799","798.799","0","false","true",
"C","A","20170101","2017","52","2017","120","CMR","Cameroon","X","Export","410","KOR","Rep. of Korea","0","W00","World","H4","HS","true","TOTAL","All Commodities","0","false","C00","TOTAL CPC","0 ","0","TOTAL MOT","-1","N/A","0","false","-1","N/A","0","false",,"false",,"false",,"2113098.404","2113098.404","0","false","true",
"C","A","20170101","2017","52","2017","120","CMR","Cameroon","X","Export","414","KWT","Kuwait","0","W00","World","H4","HS","true","TOTAL","All Commodities","0","false","C00","TOTAL CPC","0 ","0","TOTAL MOT","-1","N/A","0","false","-1","N/A","0","false",,"false",,"false",,"1999478.226","1999478.226","0","false","true",
"C","A","20170101","2017","52","2017","120","CMR","Cameroon","X","Export","422","LBN","Lebanon","0","W00","World","H4","HS","true","TOTAL","All Commodities","0","false","C00","TOTAL CPC","0 ","0","TOTAL MOT","-1","N/A","0","false","-1","N/A","0","false",,"false",,"false",,"1912255.179","1912255.179","0","false","true",
"C","A","20170101","2017","52","2017","120","CMR","Cameroon","X","Export","428","LVA","Latvia","0","W00","World","H4","HS","true","TOTAL","All Commodities","0","false","C00","TOTAL CPC","0 ","0","TOTAL MOT","-1","N/A","0","false","-1","N/A","0","false",,"false",,"false",,"169634.636","169634.636","0","false","true",
"C","A","20170101","2017","52","2017","120","CMR","Cameroon","X","Export","430","LBR","Liberia","0","W00","World","H4","HS","true","TOTAL","All Commodities","0","false","C00","TOTAL CPC","0 ","0","TOTAL MOT","-1","N/A","0","false","-1","N/A","0","false",,"false",,"false",,"34505.6","34505.6","0","false","true",
"C","A","20170101","2017","52","2017","120","CMR","Cameroon","X","Export","434","LBY","Libya","0","W00","World","H4","HS","true","TOTAL","All Commodities","0","false","C00","TOTAL CPC","0 ","0","TOTAL MOT","-1","N/A","0","false","-1","N/A","0","false",,"false",,"false",,"90538.307","90538.307","0","false","true",
"C","A","20170101","2017","52","2017","120","CMR","Cameroon","X","Export","440","LTU","Lithuania","0","W00","World","H4","HS","true","TOTAL","All Commodities","0","false","C00","TOTAL CPC","0 ","0","TOTAL MOT","-1","N/A","0","false","-1","N/A","0","false",,"false",,"false",,"8281.344","8281.344","0","false","true",
"C","A","20170101","2017","52","2017","120","CMR","Cameroon","X","Export","442","LUX","Luxembourg","0","W00","World","H4","HS","true","TOTAL","All Commodities","0","false","C00","TOTAL CPC","0 ","0","TOTAL MOT","-1","N/A","0","false","-1","N/A","0","false",,"false",,"false",,"158.726","158.726","0","false","true",
"C","A","20170101","2017","52","2017","120","CMR","Cameroon","X","Export","450","MDG","Madagascar","0","W00","World","H4","HS","true","TOTAL","All Commodities","0","false","C00","TOTAL CPC","0 ","0","TOTAL MOT","-1","N/A","0","false","-1","N/A","0","false",,"false",,"false",,"105144.969","105144.969","0","false","true",
"C","A","20170101","2017","52","2017","120","CMR","Cameroon","X","Export","458","MYS","Malaysia","0","W00","World","H4","HS","true","TOTAL","All Commodities","0","false","C00","TOTAL CPC","0 ","0","TOTAL MOT","-1","N/A","0","false","-1","N/A","0","false",,"false",,"false",,"77715951.883","77715951.883","0","false","true",
"C","A","20170101","2017","52","2017","120","CMR","Cameroon","X","Export","466","MLI","Mali","0","W00","World","H4","HS","true","TOTAL","All Commodities","0","false","C00","TOTAL CPC","0 ","0","TOTAL MOT","-1","N/A","0","false","-1","N/A","0","false",,"false",,"false",,"827604.235","827604.235","0","false","true",
"C","A","20170101","2017","52","2017","120","CMR","Cameroon","X","Export","470","MLT","Malta","0","W00","World","H4","HS","true","TOTAL","All Commodities","0","false","C00","TOTAL CPC","0 ","0","TOTAL MOT","-1","N/A","0","false","-1","N/A","0","false",,"false",,"false",,"16637111.029","16637111.029","0","false","true",
"C","A","20170101","2017","52","2017","120","CMR","Cameroon","X","Export","478","MRT","Mauritania","0","W00","World","H4","HS","true","TOTAL","All Commodities","0","false","C00","TOTAL CPC","0 ","0","TOTAL MOT","-1","N/A","0","false","-1","N/A","0","false",,"false",,"false",,"67261.06","67261.06","0","false","true",
"C","A","20170101","2017","52","2017","120","CMR","Cameroon","X","Export","480","MUS","Mauritius","0","W00","World","H4","HS","true","TOTAL","All Commodities","0","false","C00","TOTAL CPC","0 ","0","TOTAL MOT","-1","N/A","0","false","-1","N/A","0","false",,"false",,"false",,"1091680.519","1091680.519","0","false","true",
"C","A","20170101","2017","52","2017","120","CMR","Cameroon","X","Export","484","MEX","Mexico","0","W00","World","H4","HS","true","TOTAL","All Commodities","0","false","C00","TOTAL CPC","0 ","0","TOTAL MOT","-1","N/A","0","false","-1","N/A","0","false",,"false",,"false",,"39061.297","39061.297","0","false","true",
"C","A","20170101","2017","52","2017","120","CMR","Cameroon","X","Export","490","S19","Other Asia, nes","0","W00","World","H4","HS","true","TOTAL","All Commodities","0","false","C00","TOTAL CPC","0 ","0","TOTAL MOT","-1","N/A","0","false","-1","N/A","0","false",,"false",,"false",,"962093.027","962093.027","0","false","true",
"C","A","20170101","2017","52","2017","120","CMR","Cameroon","X","Export","504","MAR","Morocco","0","W00","World","H4","HS","true","TOTAL","All Commodities","0","false","C00","TOTAL CPC","0 ","0","TOTAL MOT","-1","N/A","0","false","-1","N/A","0","false",,"false",,"false",,"1124250.549","1124250.549","0","false","true",
"C","A","20170101","2017","52","2017","120","CMR","Cameroon","X","Export","508","MOZ","Mozambique","0","W00","World","H4","HS","true","TOTAL","All Commodities","0","false","C00","TOTAL CPC","0 ","0","TOTAL MOT","-1","N/A","0","false","-1","N/A","0","false",,"false",,"false",,"27726.676","27726.676","0","false","true",
"C","A","20170101","2017","52","2017","120","CMR","Cameroon","X","Export","512","OMN","Oman","0","W00","World","H4","HS","true","TOTAL","All Commodities","0","false","C00","TOTAL CPC","0 ","0","TOTAL MOT","-1","N/A","0","false","-1","N/A","0","false",,"false",,"false",,"81068.081","81068.081","0","false","true",
"C","A","20170101","2017","52","2017","120","CMR","Cameroon","X","Export","516","NAM","Namibia","0","W00","World","H4","HS","true","TOTAL","All Commodities","0","false","C00","TOTAL CPC","0 ","0","TOTAL MOT","-1","N/A","0","false","-1","N/A","0","false",,"false",,"false",,"3277149.519","3277149.519","0","false","true",
"C","A","20170101","2017","52","2017","120","CMR","Cameroon","X","Export","528","NLD","Netherlands","0","W00","World","H4","HS","true","TOTAL","All Commodities","0","false","C00","TOTAL CPC","0 ","0","TOTAL MOT","-1","N/A","0","false","-1","N/A","0","false",,"false",,"false",,"312626440.074","312626440.074","0","false","true",
"C","A","20170101","2017","52","2017","120","CMR","Cameroon","X","Export","548","VUT","Vanuatu","0","W00","World","H4","HS","true","TOTAL","All Commodities","0","false","C00","TOTAL CPC","0 ","0","TOTAL MOT","-1","N/A","0","false","-1","N/A","0","false",,"false",,"false",,"347116.062","347116.062","0","false","true",
"C","A","20170101","2017","52","2017","120","CMR","Cameroon","X","Export","554","NZL","New Zealand","0","W00","World","H4","HS","true","TOTAL","All Commodities","0","false","C00","TOTAL CPC","0 ","0","TOTAL MOT","-1","N/A","0","false","-1","N/A","0","false",,"false",,"false",,"707542.335","707542.335","0","false","true",
"C","A","20170101","2017","52","2017","120","CMR","Cameroon","X","Export","558","NIC","Nicaragua","0","W00","World","H4","HS","true","TOTAL","All Commodities","0","false","C00","TOTAL CPC","0 ","0","TOTAL MOT","-1","N/A","0","false","-1","N/A","0","false",,"false",,"false",,"455818.351","455818.351","0","false","true",
"C","A","20170101","2017","52","2017","120","CMR","Cameroon","X","Export","562","NER","Niger","0","W00","World","H4","HS","true","TOTAL","All Commodities","0","false","C00","TOTAL CPC","0 ","0","TOTAL MOT","-1","N/A","0","false","-1","N/A","0","false",,"false",,"false",,"300463.088","300463.088","0","false","true",
"C","A","20170101","2017","52","2017","120","CMR","Cameroon","X","Export","566","NGA","Nigeria","0","W00","World","H4","HS","true","TOTAL","All Commodities","0","false","C00","TOTAL CPC","0 ","0","TOTAL MOT","-1","N/A","0","false","-1","N/A","0","false",,"false",,"false",,"37849546.999","37849546.999","0","false","true",
"C","A","20170101","2017","52","2017","120","CMR","Cameroon","X","Export","579","NOR","Norway","0","W00","World","H4","HS","true","TOTAL","All Commodities","0","false","C00","TOTAL CPC","0 ","0","TOTAL MOT","-1","N/A","0","false","-1","N/A","0","false",,"false",,"false",,"70752.622","70752.622","0","false","true",
"C","A","20170101","2017","52","2017","120","CMR","Cameroon","X","Export","584","MHL","Marshall Isds","0","W00","World","H4","HS","true","TOTAL","All Commodities","0","false","C00","TOTAL CPC","0 ","0","TOTAL MOT","-1","N/A","0","false","-1","N/A","0","false",,"true",,"false",,"809826.595","809826.595","0","false","true",
"C","A","20170101","2017","52","2017","120","CMR","Cameroon","X","Export","586","PAK","Pakistan","0","W00","World","H4","HS","true","TOTAL","All Commodities","0","false","C00","TOTAL CPC","0 ","0","TOTAL MOT","-1","N/A","0","false","-1","N/A","0","false",,"false",,"false",,"1545332.775","1545332.775","0","false","true",
"C","A","20170101","2017","52","2017","120","CMR","Cameroon","X","Export","598","PNG","Papua New Guinea","0","W00","World","H4","HS","true","TOTAL","All Commodities","0","false","C00","TOTAL CPC","0 ","0","TOTAL MOT","-1","N/A","0","false","-1","N/A","0","false",,"false",,"false",,"22391.978","22391.978","0","false","true",
"C","A","20170101","2017","52","2017","120","CMR","Cameroon","X","Export","604","PER","Peru","0","W00","World","H4","HS","true","TOTAL","All Commodities","0","false","C00","TOTAL CPC","0 ","0","TOTAL MOT","-1","N/A","0","false","-1","N/A","0","false",,"false",,"false",,"431923.153","431923.153","0","false","true",
"C","A","20170101","2017","52","2017","120","CMR","Cameroon","X","Export","608","PHL","Philippines","0","W00","World","H4","HS","true","TOTAL","All Commodities","0","false","C00","TOTAL CPC","0 ","0","TOTAL MOT","-1","N/A","0","false","-1","N/A","0","false",,"false",,"false",,"198989.532","198989.532","0","false","true",
"C","A","20170101","2017","52","2017","120","CMR","Cameroon","X","Export","616","POL","Poland","0","W00","World","H4","HS","true","TOTAL","All Commodities","0","false","C00","TOTAL CPC","0 ","0","TOTAL MOT","-1","N/A","0","false","-1","N/A","0","false",,"false",,"false",,"2815272.466","2815272.466","0","false","true",
"C","A","20170101","2017","52","2017","120","CMR","Cameroon","X","Export","620","PRT","Portugal","0","W00","World","H4","HS","true","TOTAL","All Commodities","0","false","C00","TOTAL CPC","0 ","0","TOTAL MOT","-1","N/A","0","false","-1","N/A","0","false",,"false",,"false",,"112790481.191","112790481.191","0","false","true",
"C","A","20170101","2017","52","2017","120","CMR","Cameroon","X","Export","634","QAT","Qatar","0","W00","World","H4","HS","true","TOTAL","All Commodities","0","false","C00","TOTAL CPC","0 ","0","TOTAL MOT","-1","N/A","0","false","-1","N/A","0","false",,"false",,"false",,"216775.594","216775.594","0","false","true",
"C","A","20170101","2017","52","2017","120","CMR","Cameroon","X","Export","642","ROU","Romania","0","W00","World","H4","HS","true","TOTAL","All Commodities","0","false","C00","TOTAL CPC","0 ","0","TOTAL MOT","-1","N/A","0","false","-1","N/A","0","false",,"false",,"false",,"883187.412","883187.412","0","false","true",
"C","A","20170101","2017","52","2017","120","CMR","Cameroon","X","Export","643","RUS","Russian Federation","0","W00","World","H4","HS","true","TOTAL","All Commodities","0","false","C00","TOTAL CPC","0 ","0","TOTAL MOT","-1","N/A","0","false","-1","N/A","0","false",,"false",,"false",,"2097300.142","2097300.142","0","false","true",
"C","A","20170101","2017","52","2017","120","CMR","Cameroon","X","Export","678","STP","Sao Tome and Principe","0","W00","World","H4","HS","true","TOTAL","All Commodities","0","false","C00","TOTAL CPC","0 ","0","TOTAL MOT","-1","N/A","0","false","-1","N/A","0","false",,"false",,"false",,"66009.218","66009.218","0","false","true",
"C","A","20170101","2017","52","2017","120","CMR","Cameroon","X","Export","682","SAU","Saudi Arabia","0","W00","World","H4","HS","true","TOTAL","All Commodities","0","false","C00","TOTAL CPC","0 ","0","TOTAL MOT","-1","N/A","0","false","-1","N/A","0","false",,"false",,"false",,"2432156.723","2432156.723","0","false","true",
"C","A","20170101","2017","52","2017","120","CMR","Cameroon","X","Export","686","SEN","Senegal","0","W00","World","H4","HS","true","TOTAL","All Commodities","0","false","C00","TOTAL CPC","0 ","0","TOTAL MOT","-1","N/A","0","false","-1","N/A","0","false",,"true",,"false",,"32938292.777","32938292.777","0","false","true",
"C","A","20170101","2017","52","2017","120","CMR","Cameroon","X","Export","690","SYC","Seychelles","0","W00","World","H4","HS","true","TOTAL","All Commodities","0","false","C00","TOTAL CPC","0 ","0","TOTAL MOT","-1","N/A","0","false","-1","N/A","0","false",,"false",,"false",,"23614.884","23614.884","0","false","true",
"C","A","20170101","2017","52","2017","120","CMR","Cameroon","X","Export","694","SLE","Sierra Leone","0","W00","World","H4","HS","true","TOTAL","All Commodities","0","false","C00","TOTAL CPC","0 ","0","TOTAL MOT","-1","N/A","0","false","-1","N/A","0","false",,"false",,"false",,"185230.747","185230.747","0","false","true",
"C","A","20170101","2017","52","2017","120","CMR","Cameroon","X","Export","699","IND","India","0","W00","World","H4","HS","true","TOTAL","All Commodities","0","false","C00","TOTAL CPC","0 ","0","TOTAL MOT","-1","N/A","0","false","-1","N/A","0","false",,"false",,"false",,"224702329.188","224702329.188","0","false","true",
"C","A","20170101","2017","52","2017","120","CMR","Cameroon","X","Export","702","SGP","Singapore","0","W00","World","H4","HS","true","TOTAL","All Commodities","0","false","C00","TOTAL CPC","0 ","0","TOTAL MOT","-1","N/A","0","false","-1","N/A","0","false",,"false",,"false",,"2797358.628","2797358.628","0","false","true",
"C","A","20170101","2017","52","2017","120","CMR","Cameroon","X","Export","704","VNM","Viet Nam","0","W00","World","H4","HS","true","TOTAL","All Commodities","0","false","C00","TOTAL CPC","0 ","0","TOTAL MOT","-1","N/A","0","false","-1","N/A","0","false",,"false",,"false",,"99994421.216","99994421.216","0","false","true",
"C","A","20170101","2017","52","2017","120","CMR","Cameroon","X","Export","705","SVN","Slovenia","0","W00","World","H4","HS","true","TOTAL","All Commodities","0","false","C00","TOTAL CPC","0 ","0","TOTAL MOT","-1","N/A","0","false","-1","N/A","0","false",,"false",,"false",,"1041359.074","1041359.074","0","false","true",
"C","A","20170101","2017","52","2017","120","CMR","Cameroon","X","Export","710","ZAF","South Africa","0","W00","World","H4","HS","true","TOTAL","All Commodities","0","false","C00","TOTAL CPC","0 ","0","TOTAL MOT","-1","N/A","0","false","-1","N/A","0","false",,"false",,"false",,"5885646.016","5885646.016","0","false","true",
"C","A","20170101","2017","52","2017","120","CMR","Cameroon","X","Export","724","ESP","Spain","0","W00","World","H4","HS","true","TOTAL","All Commodities","0","false","C00","TOTAL CPC","0 ","0","TOTAL MOT","-1","N/A","0","false","-1","N/A","0","false",,"false",,"false",,"295046354.205","295046354.205","0","false","true",
"C","A","20170101","2017","52","2017","120","CMR","Cameroon","X","Export","752","SWE","Sweden","0","W00","World","H4","HS","true","TOTAL","All Commodities","0","false","C00","TOTAL CPC","0 ","0","TOTAL MOT","-1","N/A","0","false","-1","N/A","0","false",,"false",,"false",,"322572.55","322572.55","0","false","true",
"C","A","20170101","2017","52","2017","120","CMR","Cameroon","X","Export","757","CHE","Switzerland","0","W00","World","H4","HS","true","TOTAL","All Commodities","0","false","C00","TOTAL CPC","0 ","0","TOTAL MOT","-1","N/A","0","false","-1","N/A","0","false",,"false",,"false",,"256678.456","256678.456","0","false","true",
"C","A","20170101","2017","52","2017","120","CMR","Cameroon","X","Export","764","THA","Thailand","0","W00","World","H4","HS","true","TOTAL","All Commodities","0","false","C00","TOTAL CPC","0 ","0","TOTAL MOT","-1","N/A","0","false","-1","N/A","0","false",,"false",,"false",,"1198845.455","1198845.455","0","false","true",
"C","A","20170101","2017","52","2017","120","CMR","Cameroon","X","Export","768","TGO","Togo","0","W00","World","H4","HS","true","TOTAL","All Commodities","0","false","C00","TOTAL CPC","0 ","0","TOTAL MOT","-1","N/A","0","false","-1","N/A","0","false",,"false",,"false",,"31300268.461","31300268.461","0","false","true",
"C","A","20170101","2017","52","2017","120","CMR","Cameroon","X","Export","784","ARE","United Arab Emirates","0","W00","World","H4","HS","true","TOTAL","All Commodities","0","false","C00","TOTAL CPC","0 ","0","TOTAL MOT","-1","N/A","0","false","-1","N/A","0","false",,"true",,"false",,"9957089.041","9957089.041","0","false","true",
"C","A","20170101","2017","52","2017","120","CMR","Cameroon","X","Export","788","TUN","Tunisia","0","W00","World","H4","HS","true","TOTAL","All Commodities","0","false","C00","TOTAL CPC","0 ","0","TOTAL MOT","-1","N/A","0","false","-1","N/A","0","false",,"false",,"false",,"727795.988","727795.988","0","false","true",
"C","A","20170101","2017","52","2017","120","CMR","Cameroon","X","Export","792","TUR","Türkiye","0","W00","World","H4","HS","true","TOTAL","All Commodities","0","false","C00","TOTAL CPC","0 ","0","TOTAL MOT","-1","N/A","0","false","-1","N/A","0","false",,"false",,"false",,"45164403.996","45164403.996","0","false","true",
"C","A","20170101","2017","52","2017","120","CMR","Cameroon","X","Export","818","EGY","Egypt","0","W00","World","H4","HS","true","TOTAL","All Commodities","0","false","C00","TOTAL CPC","0 ","0","TOTAL MOT","-1","N/A","0","false","-1","N/A","0","false",,"false",,"false",,"1418659.037","1418659.037","0","false","true",
"C","A","20170101","2017","52","2017","120","CMR","Cameroon","X","Export","826","GBR","United Kingdom","0","W00","World","H4","HS","true","TOTAL","All Commodities","0","false","C00","TOTAL CPC","0 ","0","TOTAL MOT","-1","N/A","0","false","-1","N/A","0","false",,"true",,"false",,"24853732.237","24853732.237","0","false","true",
"C","A","20170101","2017","52","2017","120","CMR","Cameroon","X","Export","834","TZA","United Rep. of Tanzania","0","W00","World","H4","HS","true","TOTAL","All Commodities","0","false","C00","TOTAL CPC","0 ","0","TOTAL MOT","-1","N/A","0","false","-1","N/A","0","false",,"false",,"false",,"702272.348","702272.348","0","false","true",
"C","A","20170101","2017","52","2017","120","CMR","Cameroon","X","Export","842","USA","USA","0","W00","World","H4","HS","true","TOTAL","All Commodities","0","false","C00","TOTAL CPC","0 ","0","TOTAL MOT","-1","N/A","0","false","-1","N/A","0","false",,"false",,"false",,"72789576.921","72789576.921","0","false","true",
"C","A","20170101","2017","52","2017","120","CMR","Cameroon","X","Export","854","BFA","Burkina Faso","0","W00","World","H4","HS","true","TOTAL","All Commodities","0","false","C00","TOTAL CPC","0 ","0","TOTAL MOT","-1","N/A","0","false","-1","N/A","0","false",,"false",,"false",,"4933941.818","4933941.818","0","false","true",
"C","A","20170101","2017","52","2017","120","CMR","Cameroon","X","Export","862","VEN","Venezuela","0","W00","World","H4","HS","true","TOTAL","All Commodities","0","false","C00","TOTAL CPC","0 ","0","TOTAL MOT","-1","N/A","0","false","-1","N/A","0","false",,"false",,"false",,"288.905","288.905","0","false","true",
"C","A","20170101","2017","52","2017","120","CMR","Cameroon","X","Export","894","ZMB","Zambia","0","W00","World","H4","HS","true","TOTAL","All Commodities","0","false","C00","TOTAL CPC","0 ","0","TOTAL MOT","-1","N/A","0","false","-1","N/A","0","false",,"false",,"false",,"448503.663","448503.663","0","false","true",
"C","A","20170101","2017","52","2017","120","CMR","Cameroon","X","Export","899","_X ","Areas, nes","0","W00","World","H4","HS","true","TOTAL","All Commodities","0","false","C00","TOTAL CPC","0 ","0","TOTAL MOT","-1","N/A","0","false","-1","N/A","0","false",,"false",,"false",,"14476.788","14476.788","0","false","true",
"C","A","20180101","2018","52","2018","120","CMR","Cameroon","M","Import","0","W00","World","0","W00","World","H4","HS","true","TOTAL","All Commodities","0","false","C00","TOTAL CPC","0","0","TOTAL MOT","-1","N/A","0","false","-1","N/A","0","false","0","true","0","false","6133556703.244","0","6133556703.244","4","false","true",
"C","A","20180101","2018","52","2018","120","CMR","Cameroon","M","Import","4","AFG","Afghanistan","0","W00","World","H4","HS","true","TOTAL","All Commodities","0","false","C00","TOTAL CPC","0","0","TOTAL MOT","-1","N/A","0","false","-1","N/A","0","false","0","false","0","false","29913.51","0","29913.51","0","false","true",
"C","A","20180101","2018","52","2018","120","CMR","Cameroon","M","Import","8","ALB","Albania","0","W00","World","H4","HS","true","TOTAL","All Commodities","0","false","C00","TOTAL CPC","0","0","TOTAL MOT","-1","N/A","0","false","-1","N/A","0","false","0","false","0","false","94930.077","0","94930.077","0","false","true",
"C","A","20180101","2018","52","2018","120","CMR","Cameroon","M","Import","10","ATA","Antarctica","0","W00","World","H4","HS","true","TOTAL","All Commodities","0","false","C00","TOTAL CPC","0","0","TOTAL MOT","-1","N/A","0","false","-1","N/A","0","false","0","false","0","false","86573.479","0","86573.479","0","false","true",
"C","A","20180101","2018","52","2018","120","CMR","Cameroon","M","Import","12","DZA","Algeria","0","W00","World","H4","HS","true","TOTAL","All Commodities","0","false","C00","TOTAL CPC","0","0","TOTAL MOT","-1","N/A","0","false","-1","N/A","0","false","0","true","0","false","5512258.103","0","5512258.103","4","false","true",
"C","A","20180101","2018","52","2018","120","CMR","Cameroon","M","Import","16","ASM","American Samoa","0","W00","World","H4","HS","true","TOTAL","All Commodities","0","false","C00","TOTAL CPC","0","0","TOTAL MOT","-1","N/A","0","false","-1","N/A","0","false","0","false","0","false","826.356","0","826.356","0","false","true",
"C","A","20180101","2018","52","2018","120","CMR","Cameroon","M","Import","20","AND","Andorra","0","W00","World","H4","HS","true","TOTAL","All Commodities","0","false","C00","TOTAL CPC","0","0","TOTAL MOT","-1","N/A","0","false","-1","N/A","0","false","0","false","0","false","261.208","0","261.208","0","false","true",
"C","A","20180101","2018","52","2018","120","CMR","Cameroon","M","Import","24","AGO","Angola","0","W00","World","H4","HS","true","TOTAL","All Commodities","0","false","C00","TOTAL CPC","0","0","TOTAL MOT","-1","N/A","0","false","-1","N/A","0","false","0","false","0","false","41463451.613","0","41463451.613","0","false","true",
"C","A","20180101","2018","52","2018","120","CMR","Cameroon","M","Import","28","ATG","Antigua and Barbuda","0","W00","World","H4","HS","true","TOTAL","All Commodities","0","false","C00","TOTAL CPC","0","0","TOTAL MOT","-1","N/A","0","false","-1","N/A","0","false","0","false","0","false","1369.37","0","1369.37","0","false","true",
"C","A","20180101","2018","52","2018","120","CMR","Cameroon","M","Import","31","AZE","Azerbaijan","0","W00","World","H4","HS","true","TOTAL","All Commodities","0","false","C00","TOTAL CPC","0","0","TOTAL MOT","-1","N/A","0","false","-1","N/A","0","false","0","false","0","false","2487.53","0","2487.53","0","false","true",
"C","A","20180101","2018","52","2018","120","CMR","Cameroon","M","Import","32","ARG","Argentina","0","W00","World","H4","HS","true","TOTAL","All Commodities","0","false","C00","TOTAL CPC","0","0","TOTAL MOT","-1","N/A","0","false","-1","N/A","0","false","0","false","0","false","51021391.114","0","51021391.114","0","false","true",
"C","A","20180101","2018","52","2018","120","CMR","Cameroon","M","Import","36","AUS","Australia","0","W00","World","H4","HS","true","TOTAL","All Commodities","0","false","C00","TOTAL CPC","0","0","TOTAL MOT","-1","N/A","0","false","-1","N/A","0","false","0","false","0","false","3048641.696","0","3048641.696","0","false","true",
"C","A","20180101","2018","52","2018","120","CMR","Cameroon","M","Import","40","AUT","Austria","0","W00","World","H4","HS","true","TOTAL","All Commodities","0","false","C00","TOTAL CPC","0","0","TOTAL MOT","-1","N/A","0","false","-1","N/A","0","false","0","false","0","false","12510257.115","0","12510257.115","0","false","true",
"C","A","20180101","2018","52","2018","120","CMR","Cameroon","M","Import","48","BHR","Bahrain","0","W00","World","H4","HS","true","TOTAL","All Commodities","0","false","C00","TOTAL CPC","0","0","TOTAL MOT","-1","N/A","0","false","-1","N/A","0","false","0","false","0","false","12.621","0","12.621","0","false","true",
"C","A","20180101","2018","52","2018","120","CMR","Cameroon","M","Import","50","BGD","Bangladesh","0","W00","World","H4","HS","true","TOTAL","All Commodities","0","false","C00","TOTAL CPC","0","0","TOTAL MOT","-1","N/A","0","false","-1","N/A","0","false","0","false","0","false","2966595.238","0","2966595.238","0","false","true",
"C","A","20180101","2018","52","2018","120","CMR","Cameroon","M","Import","51","ARM","Armenia","0","W00","World","H4","HS","true","TOTAL","All Commodities","0","false","C00","TOTAL CPC","0","0","TOTAL MOT","-1","N/A","0","false","-1","N/A","0","false","0","false","0","false","2046.868","0","2046.868","0","false","true",
"C","A","20180101","2018","52","2018","120","CMR","Cameroon","M","Import","52","BRB","Barbados","0","W00","World","H4","HS","true","TOTAL","All Commodities","0","false","C00","TOTAL CPC","0","0","TOTAL MOT","-1","N/A","0","false","-1","N/A","0","false","0","false","0","false","1232.803","0","1232.803","0","false","true",
"C","A","20180101","2018","52","2018","120","CMR","Cameroon","M","Import","56","BEL","Belgium","0","W00","World","H4","HS","true","TOTAL","All Commodities","0","false","C00","TOTAL CPC","0","0","TOTAL MOT","-1","N/A","0","false","-1","N/A","0","false","0","true","0","false","191670190.404","0","191670190.404","4","false","true",
"C","A","20180101","2018","52","2018","120","CMR","Cameroon","M","Import","60","BMU","Bermuda","0","W00","World","H4","HS","true","TOTAL","All Commodities","0","false","C00","TOTAL CPC","0","0","TOTAL MOT","-1","N/A","0","false","-1","N/A","0","false","0","false","0","false","25139.23","0","25139.23","0","false","true",
"C","A","20180101","2018","52","2018","120","CMR","Cameroon","M","Import","68","BOL","Bolivia (Plurinational State of)","0","W00","World","H4","HS","true","TOTAL","All Commodities","0","false","C00","TOTAL CPC","0","0","TOTAL MOT","-1","N/A","0","false","-1","N/A","0","false","0","false","0","false","1983.628","0","1983.628","0","false","true",
"C","A","20180101","2018","52","2018","120","CMR","Cameroon","M","Import","70","BIH","Bosnia Herzegovina","0","W00","World","H4","HS","true","TOTAL","All Commodities","0","false","C00","TOTAL CPC","0","0","TOTAL MOT","-1","N/A","0","false","-1","N/A","0","false","0","false","0","false","547941.311","0","547941.311","0","false","true",
"C","A","20180101","2018","52","2018","120","CMR","Cameroon","M","Import","72","BWA","Botswana","0","W00","World","H4","HS","true","TOTAL","All Commodities","0","false","C00","TOTAL CPC","0","0","TOTAL MOT","-1","N/A","0","false","-1","N/A","0","false","0","false","0","false","14839.427","0","14839.427","0","false","true",
"C","A","20180101","2018","52","2018","120","CMR","Cameroon","M","Import","76","BRA","Brazil","0","W00","World","H4","HS","true","TOTAL","All Commodities","0","false","C00","TOTAL CPC","0","0","TOTAL MOT","-1","N/A","0","false","-1","N/A","0","false","0","false","0","false","102423633.62","0","102423633.62","0","false","true",
"C","A","20180101","2018","52","2018","120","CMR","Cameroon","M","Import","84","BLZ","Belize","0","W00","World","H4","HS","true","TOTAL","All Commodities","0","false","C00","TOTAL CPC","0","0","TOTAL MOT","-1","N/A","0","false","-1","N/A","0","false","0","false","0","false","23416.25","0","23416.25","0","false","true",
"C","A","20180101","2018","52","2018","120","CMR","Cameroon","M","Import","90","SLB","Solomon Isds","0","W00","World","H4","HS","true","TOTAL","All Commodities","0","false","C00","TOTAL CPC","0","0","TOTAL MOT","-1","N/A","0","false","-1","N/A","0","false","0","false","0","false","948.884","0","948.884","0","false","true",
"C","A","20180101","2018","52","2018","120","CMR","Cameroon","M","Import","92","VGB","Br. Virgin Isds","0","W00","World","H4","HS","true","TOTAL","All Commodities","0","false","C00","TOTAL CPC","0","0","TOTAL MOT","-1","N/A","0","false","-1","N/A","0","false","0","false","0","false","24667.994","0","24667.994","0","false","true",
"C","A","20180101","2018","52","2018","120","CMR","Cameroon","M","Import","96","BRN","Brunei Darussalam","0","W00","World","H4","HS","true","TOTAL","All Commodities","0","false","C00","TOTAL CPC","0","0","TOTAL MOT","-1","N/A","0","false","-1","N/A","0","false","0","false","0","false","16742.32","0","16742.32","0","false","true",
"C","A","20180101","2018","52","2018","120","CMR","Cameroon","M","Import","100","BGR","Bulgaria","0","W00","World","H4","HS","true","TOTAL","All Commodities","0","false","C00","TOTAL CPC","0","0","TOTAL MOT","-1","N/A","0","false","-1","N/A","0","false","0","false","0","false","8154613.393","0","8154613.393","0","false","true",
"C","A","20180101","2018","52","2018","120","CMR","Cameroon","M","Import","104","MMR","Myanmar","0","W00","World","H4","HS","true","TOTAL","All Commodities","0","false","C00","TOTAL CPC","0","0","TOTAL MOT","-1","N/A","0","false","-1","N/A","0","false","0","false","0","false","18350067.039","0","18350067.039","0","false","true",
"C","A","20180101","2018","52","2018","120","CMR","Cameroon","M","Import","112","BLR","Belarus","0","W00","World","H4","HS","true","TOTAL","All Commodities","0","false","C00","TOTAL CPC","0","0","TOTAL MOT","-1","N/A","0","false","-1","N/A","0","false","0","false","0","false","10485803.787","0","10485803.787","0","false","true",
"C","A","20180101","2018","52","2018","120","CMR","Cameroon","M","Import","116","KHM","Cambodia","0","W00","World","H4","HS","true","TOTAL","All Commodities","0","false","C00","TOTAL CPC","0","0","TOTAL MOT","-1","N/A","0","false","-1","N/A","0","false","0","false","0","false","207167.773","0","207167.773","0","false","true",
"C","A","20180101","2018","52","2018","120","CMR","Cameroon","M","Import","124","CAN","Canada","0","W00","World","H4","HS","true","TOTAL","All Commodities","0","false","C00","TOTAL CPC","0","0","TOTAL MOT","-1","N/A","0","false","-1","N/A","0","false","0","true","0","false","51007600.872","0","51007600.872","4","false","true",
"C","A","20180101","2018","52","2018","120","CMR","Cameroon","M","Import","140","CAF","Central African Rep.","0","W00","World","H4","HS","true","TOTAL","All Commodities","0","false","C00","TOTAL CPC","0","0","TOTAL MOT","-1","N/A","0","false","-1","N/A","0","false","0","false","0","false","83597.009","0","83597.009","0","false","true",
"C","A","20180101","2018","52","2018","120","CMR","Cameroon","M","Import","144","LKA","Sri Lanka","0","W00","World","H4","HS","true","TOTAL","All Commodities","0","false","C00","TOTAL CPC","0","0","TOTAL MOT","-1","N/A","0","false","-1","N/A","0","false","0","false","0","false","326789.895","0","326789.895","0","false","true",
"C","A","20180101","2018","52","2018","120","CMR","Cameroon","M","Import","148","TCD","Chad","0","W00","World","H4","HS","true","TOTAL","All Commodities","0","false","C00","TOTAL CPC","0","0","TOTAL MOT","-1","N/A","0","false","-1","N/A","0","false","0","false","0","false","6351111.931","0","6351111.931","0","false","true",
"C","A","20180101","2018","52","2018","120","CMR","Cameroon","M","Import","152","CHL","Chile","0","W00","World","H4","HS","true","TOTAL","All Commodities","0","false","C00","TOTAL CPC","0","0","TOTAL MOT","-1","N/A","0","false","-1","N/A","0","false","0","false","0","false","2166388.735","0","2166388.735","0","false","true",
"C","A","20180101","2018","52","2018","120","CMR","Cameroon","M","Import","156","CHN","China","0","W00","World","H4","HS","true","TOTAL","All Commodities","0","false","C00","TOTAL CPC","0","0","TOTAL MOT","-1","N/A","0","false","-1","N/A","0","false","0","true","0","false","1132492010.661","0","1132492010.661","4","false","true",
"C","A","20180101","2018","52","2018","120","CMR","Cameroon","M","Import","166","CCK","Cocos Isds","0","W00","World","H4","HS","true","TOTAL","All Commodities","0","false","C00","TOTAL CPC","0","0","TOTAL MOT","-1","N/A","0","false","-1","N/A","0","false","0","false","0","false","14800.142","0","14800.142","0","false","true",
"C","A","20180101","2018","52","2018","120","CMR","Cameroon","M","Import","170","COL","Colombia","0","W00","World","H4","HS","true","TOTAL","All Commodities","0","false","C00","TOTAL CPC","0","0","TOTAL MOT","-1","N/A","0","false","-1","N/A","0","false","0","false","0","false","1954000.71","0","1954000.71","0","false","true",
"C","A","20180101","2018","52","2018","120","CMR","Cameroon","M","Import","174","COM","Comoros","0","W00","World","H4","HS","true","TOTAL","All Commodities","0","false","C00","TOTAL CPC","0","0","TOTAL MOT","-1","N/A","0","false","-1","N/A","0","false","0","false","0","false","61242.5","0","61242.5","0","false","true",
"C","A","20180101","2018","52","2018","120","CMR","Cameroon","M","Import","178","COG","Congo","0","W00","World","H4","HS","true","TOTAL","All Commodities","0","false","C00","TOTAL CPC","0","0","TOTAL MOT","-1","N/A","0","false","-1","N/A","0","false","0","false","0","false","30717374.914","0","30717374.914","0","false","true",
"C","A","20180101","2018","52","2018","120","CMR","Cameroon","M","Import","180","COD","Dem. Rep. of the Congo","0","W00","World","H4","HS","true","TOTAL","All Commodities","0","false","C00","TOTAL CPC","0","0","TOTAL MOT","-1","N/A","0","false","-1","N/A","0","false","0","false","0","false","19841.192","0","19841.192","0","false","true",
"C","A","20180101","2018","52","2018","120","CMR","Cameroon","M","Import","184","COK","Cook Isds","0","W00","World","H4","HS","true","TOTAL","All Commodities","0","false","C00","TOTAL CPC","0","0","TOTAL MOT","-1","N/A","0","false","-1","N/A","0","false","0","false","0","false","25217.5","0","25217.5","0","false","true",
"C","A","20180101","2018","52","2018","120","CMR","Cameroon","M","Import","188","CRI","Costa Rica","0","W00","World","H4","HS","true","TOTAL","All Commodities","0","false","C00","TOTAL CPC","0","0","TOTAL MOT","-1","N/A","0","false","-1","N/A","0","false","0","false","0","false","212332.139","0","212332.139","0","false","true",
"C","A","20180101","2018","52","2018","120","CMR","Cameroon","M","Import","191","HRV","Croatia","0","W00","World","H4","HS","true","TOTAL","All Commodities","0","false","C00","TOTAL CPC","0","0","TOTAL MOT","-1","N/A","0","false","-1","N/A","0","false","0","false","0","false","861934.546","0","861934.546","0","false","true",
"C","A","20180101","2018","52","2018","120","CMR","Cameroon","M","Import","192","CUB","Cuba","0","W00","World","H4","HS","true","TOTAL","All Commodities","0","false","C00","TOTAL CPC","0","0","TOTAL MOT","-1","N/A","0","false","-1","N/A","0","false","0","false","0","false","324892.866","0","324892.866","0","false","true",
"C","A","20180101","2018","52","2018","120","CMR","Cameroon","M","Import","196","CYP","Cyprus","0","W00","World","H4","HS","true","TOTAL","All Commodities","0","false","C00","TOTAL CPC","0","0","TOTAL MOT","-1","N/A","0","false","-1","N/A","0","false","0","false","0","false","219478.978","0","219478.978","0","false","true",
"C","A","20180101","2018","52","2018","120","CMR","Cameroon","M","Import","203","CZE","Czechia","0","W00","World","H4","HS","true","TOTAL","All Commodities","0","false","C00","TOTAL CPC","0","0","TOTAL MOT","-1","N/A","0","false","-1","N/A","0","false","0","false","0","false","5754472.45","0","5754472.45","0","false","true",
"C","A","20180101","2018","52","2018","120","CMR","Cameroon","M","Import","204","BEN","Benin","0","W00","World","H4","HS","true","TOTAL","All Commodities","0","false","C00","TOTAL CPC","0","0","TOTAL MOT","-1","N/A","0","false","-1","N/A","0","false","0","false","0","false","3315749.016","0","3315749.016","0","false","true",
"C","A","20180101","2018","52","2018","120","CMR","Cameroon","M","Import","208","DNK","Denmark","0","W00","World","H4","HS","true","TOTAL","All Commodities","0","false","C00","TOTAL CPC","0","0","TOTAL MOT","-1","N/A","0","false","-1","N/A","0","false","0","true","0","false","6687585.339","0","6687585.339","4","false","true",
"C","A","20180101","2018","52","2018","120","CMR","Cameroon","M","Import","214","DOM","Dominican Rep.","0","W00","World","H4","HS","true","TOTAL","All Commodities","0","false","C00","TOTAL CPC","0","0","TOTAL MOT","-1","N/A","0","false","-1","N/A","0","false","0","false","0","false","11473.456","0","11473.456","0","false","true",
"C","A","20180101","2018","52","2018","120","CMR","Cameroon","M","Import","218","ECU","Ecuador","0","W00","World","H4","HS","true","TOTAL","All Commodities","0","false","C00","TOTAL CPC","0","0","TOTAL MOT","-1","N/A","0","false","-1","N/A","0","false","0","false","0","false","55656.247","0","55656.247","0","false","true",
"C","A","20180101","2018","52","2018","120","CMR","Cameroon","M","Import","222","SLV","El Salvador","0","W00","World","H4","HS","true","TOTAL","All Commodities","0","false","C00","TOTAL CPC","0","0","TOTAL MOT","-1","N/A","0","false","-1","N/A","0","false","0","false","0","false","5198.123","0","5198.123","0","false","true",
"C","A","20180101","2018","52","2018","120","CMR","Cameroon","M","Import","226","GNQ","Equatorial Guinea","0","W00","World","H4","HS","true","TOTAL","All Commodities","0","false","C00","TOTAL CPC","0","0","TOTAL MOT","-1","N/A","0","false","-1","N/A","0","false","0","true","0","false","28220817.865","0","28220817.865","4","false","true",
"C","A","20180101","2018","52","2018","120","CMR","Cameroon","M","Import","231","ETH","Ethiopia","0","W00","World","H4","HS","true","TOTAL","All Commodities","0","false","C00","TOTAL CPC","0","0","TOTAL MOT","-1","N/A","0","false","-1","N/A","0","false","0","false","0","false","30842.312","0","30842.312","0","false","true",
"C","A","20180101","2018","52","2018","120","CMR","Cameroon","M","Import","232","ERI","Eritrea","0","W00","World","H4","HS","true","TOTAL","All Commodities","0","false","C00","TOTAL CPC","0","0","TOTAL MOT","-1","N/A","0","false","-1","N/A","0","false","0","false","0","false","5.404","0","5.404","0","false","true",
"C","A","20180101","2018","52","2018","120","CMR","Cameroon","M","Import","233","EST","Estonia","0","W00","World","H4","HS","true","TOTAL","All Commodities","0","false","C00","TOTAL CPC","0","0","TOTAL MOT","-1","N/A","0","false","-1","N/A","0","false","0","false","0","false","1218767.46","0","1218767.46","0","false","true",
"C","A","20180101","2018","52","2018","120","CMR","Cameroon","M","Import","234","FRO","Faroe Isds","0","W00","World","H4","HS","true","TOTAL","All Commodities","0","false","C00","TOTAL CPC","0","0","TOTAL MOT","-1","N/A","0","false","-1","N/A","0","false","0","false","0","false","5994566.845","0","5994566.845","0","false","true",
"C","A","20180101","2018","52","2018","120","CMR","Cameroon","M","Import","246","FIN","Finland","0","W00","World","H4","HS","true","TOTAL","All Commodities","0","false","C00","TOTAL CPC","0","0","TOTAL MOT","-1","N/A","0","false","-1","N/A","0","false","0","false","0","false","11852550.634","0","11852550.634","0","false","true",
"C","A","20180101","2018","52","2018","120","CMR","Cameroon","M","Import","251","FRA","France","0","W00","World","H4","HS","true","TOTAL","All Commodities","0","false","C00","TOTAL CPC","0","0","TOTAL MOT","-1","N/A","0","false","-1","N/A","0","false","0","true","0","false","506894430.485","0","506894430.485","4","false","true",
"C","A","20180101","2018","52","2018","120","CMR","Cameroon","M","Import","258","PYF","French Polynesia","0","W00","World","H4","HS","true","TOTAL","All Commodities","0","false","C00","TOTAL CPC","0","0","TOTAL MOT","-1","N/A","0","false","-1","N/A","0","false","0","false","0","false","2015698.566","0","2015698.566","0","false","true",
"C","A","20180101","2018","52","2018","120","CMR","Cameroon","M","Import","266","GAB","Gabon","0","W00","World","H4","HS","true","TOTAL","All Commodities","0","false","C00","TOTAL CPC","0","0","TOTAL MOT","-1","N/A","0","false","-1","N/A","0","false","0","false","0","false","9561647.791","0","9561647.791","0","false","true",
"C","A","20180101","2018","52","2018","120","CMR","Cameroon","M","Import","268","GEO","Georgia","0","W00","World","H4","HS","true","TOTAL","All Commodities","0","false","C00","TOTAL CPC","0","0","TOTAL MOT","-1","N/A","0","false","-1","N/A","0","false","0","false","0","false","86587.883","0","86587.883","0","false","true",
"C","A","20180101","2018","52","2018","120","CMR","Cameroon","M","Import","270","GMB","Gambia","0","W00","World","H4","HS","true","TOTAL","All Commodities","0","false","C00","TOTAL CPC","0","0","TOTAL MOT","-1","N/A","0","false","-1","N/A","0","false","0","false","0","false","21781.164","0","21781.164","0","false","true",
"C","A","20180101","2018","52","2018","120","CMR","Cameroon","M","Import","276","DEU","Germany","0","W00","World","H4","HS","true","TOTAL","All Commodities","0","false","C00","TOTAL CPC","0","0","TOTAL MOT","-1","N/A","0","false","-1","N/A","0","false","0","true","0","false","183658996.478","0","183658996.478","4","false","true",
"C","A","20180101","2018","52","2018","120","CMR","Cameroon","M","Import","288","GHA","Ghana","0","W00","World","H4","HS","true","TOTAL","All Commodities","0","false","C00","TOTAL CPC","0","0","TOTAL MOT","-1","N/A","0","false","-1","N/A","0","false","0","false","0","false","3442084.681","0","3442084.681","0","false","true",
"C","A","20180101","2018","52","2018","120","CMR","Cameroon","M","Import","300","GRC","Greece","0","W00","World","H4","HS","true","TOTAL","All Commodities","0","false","C00","TOTAL CPC","0","0","TOTAL MOT","-1","N/A","0","false","-1","N/A","0","false","0","false","0","false","6063357.737","0","6063357.737","0","false","true",
"C","A","20180101","2018","52","2018","120","CMR","Cameroon","M","Import","320","GTM","Guatemala","0","W00","World","H4","HS","true","TOTAL","All Commodities","0","false","C00","TOTAL CPC","0","0","TOTAL MOT","-1","N/A","0","false","-1","N/A","0","false","0","false","0","false","1436228.685","0","1436228.685","0","false","true",
"C","A","20180101","2018","52","2018","120","CMR","Cameroon","M","Import","324","GIN","Guinea","0","W00","World","H4","HS","true","TOTAL","All Commodities","0","false","C00","TOTAL CPC","0","0","TOTAL MOT","-1","N/A","0","false","-1","N/A","0","false","0","false","0","false","359.614","0","359.614","0","false","true",
"C","A","20180101","2018","52","2018","120","CMR","Cameroon","M","Import","328","GUY","Guyana","0","W00","World","H4","HS","true","TOTAL","All Commodities","0","false","C00","TOTAL CPC","0","0","TOTAL MOT","-1","N/A","0","false","-1","N/A","0","false","0","false","0","false","200.128","0","200.128","0","false","true",
"C","A","20180101","2018","52","2018","120","CMR","Cameroon","M","Import","340","HND","Honduras","0","W00","World","H4","HS","true","TOTAL","All Commodities","0","false","C00","TOTAL CPC","0","0","TOTAL MOT","-1","N/A","0","false","-1","N/A","0","false","0","false","0","false","9345.202","0","9345.202","0","false","true",
"C","A","20180101","2018","52","2018","120","CMR","Cameroon","M","Import","344","HKG","China, Hong Kong SAR","0","W00","World","H4","HS","true","TOTAL","All Commodities","0","false","C00","TOTAL CPC","0","0","TOTAL MOT","-1","N/A","0","false","-1","N/A","0","false","0","false","0","false","15987180.976","0","15987180.976","0","false","true",
"C","A","20180101","2018","52","2018","120","CMR","Cameroon","M","Import","348","HUN","Hungary","0","W00","World","H4","HS","true","TOTAL","All Commodities","0","false","C00","TOTAL CPC","0","0","TOTAL MOT","-1","N/A","0","false","-1","N/A","0","false","0","false","0","false","13393161.713","0","13393161.713","0","false","true",
"C","A","20180101","2018","52","2018","120","CMR","Cameroon","M","Import","352","ISL","Iceland","0","W00","World","H4","HS","true","TOTAL","All Commodities","0","false","C00","TOTAL CPC","0","0","TOTAL MOT","-1","N/A","0","false","-1","N/A","0","false","0","false","0","false","1180348.851","0","1180348.851","0","false","true",
"C","A","20180101","2018","52","2018","120","CMR","Cameroon","M","Import","360","IDN","Indonesia","0","W00","World","H4","HS","true","TOTAL","All Commodities","0","false","C00","TOTAL CPC","0","0","TOTAL MOT","-1","N/A","0","false","-1","N/A","0","false","0","false","0","false","17542862.667","0","17542862.667","0","false","true",
"C","A","20180101","2018","52","2018","120","CMR","Cameroon","M","Import","364","IRN","Iran","0","W00","World","H4","HS","true","TOTAL","All Commodities","0","false","C00","TOTAL CPC","0","0","TOTAL MOT","-1","N/A","0","false","-1","N/A","0","false","0","false","0","false","6924512.778","0","6924512.778","0","false","true",
"C","A","20180101","2018","52","2018","120","CMR","Cameroon","M","Import","368","IRQ","Iraq","0","W00","World","H4","HS","true","TOTAL","All Commodities","0","false","C00","TOTAL CPC","0","0","TOTAL MOT","-1","N/A","0","false","-1","N/A","0","false","0","false","0","false","42855.34","0","42855.34","0","false","true",
"C","A","20180101","2018","52","2018","120","CMR","Cameroon","M","Import","372","IRL","Ireland","0","W00","World","H4","HS","true","TOTAL","All Commodities","0","false","C00","TOTAL CPC","0","0","TOTAL MOT","-1","N/A","0","false","-1","N/A","0","false","0","false","0","false","39969797.275","0","39969797.275","0","false","true",
"C","A","20180101","2018","52","2018","120","CMR","Cameroon","M","Import","376","ISR","Israel","0","W00","World","H4","HS","true","TOTAL","All Commodities","0","false","C00","TOTAL CPC","0","0","TOTAL MOT","-1","N/A","0","false","-1","N/A","0","false","0","true","0","false","2938619.531","0","2938619.531","4","false","true",
"C","A","20180101","2018","52","2018","120","CMR","Cameroon","M","Import","380","ITA","Italy","0","W00","World","H4","HS","true","TOTAL","All Commodities","0","false","C00","TOTAL CPC","0","0","TOTAL MOT","-1","N/A","0","false","-1","N/A","0","false","0","true","0","false","157385561.416","0","157385561.416","4","false","true",
"C","A","20180101","2018","52","2018","120","CMR","Cameroon","M","Import","384","CIV","Côte d'Ivoire","0","W00","World","H4","HS","true","TOTAL","All Commodities","0","false","C00","TOTAL CPC","0","0","TOTAL MOT","-1","N/A","0","false","-1","N/A","0","false","0","true","0","false","84513558.671","0","84513558.671","4","false","true",
"C","A","20180101","2018","52","2018","120","CMR","Cameroon","M","Import","388","JAM","Jamaica","0","W00","World","H4","HS","true","TOTAL","All Commodities","0","false","C00","TOTAL CPC","0","0","TOTAL MOT","-1","N/A","0","false","-1","N/A","0","false","0","false","0","false","27316497.54","0","27316497.54","0","false","true",
"C","A","20180101","2018","52","2018","120","CMR","Cameroon","M","Import","392","JPN","Japan","0","W00","World","H4","HS","true","TOTAL","All Commodities","0","false","C00","TOTAL CPC","0","0","TOTAL MOT","-1","N/A","0","false","-1","N/A","0","false","0","false","0","false","116963829.396","0","116963829.396","0","false","true",
"C","A","20180101","2018","52","2018","120","CMR","Cameroon","M","Import","400","JOR","Jordan","0","W00","World","H4","HS","true","TOTAL","All Commodities","0","false","C00","TOTAL CPC","0","0","TOTAL MOT","-1","N/A","0","false","-1","N/A","0","false","0","false","0","false","1586573.435","0","1586573.435","0","false","true",
"C","A","20180101","2018","52","2018","120","CMR","Cameroon","M","Import","404","KEN","Kenya","0","W00","World","H4","HS","true","TOTAL","All Commodities","0","false","C00","TOTAL CPC","0","0","TOTAL MOT","-1","N/A","0","false","-1","N/A","0","false","0","false","0","false","359383.368","0","359383.368","0","false","true",
"C","A","20180101","2018","52","2018","120","CMR","Cameroon","M","Import","408","PRK","Dem. People's Rep. of Korea","0","W00","World","H4","HS","true","TOTAL","All Commodities","0","false","C00","TOTAL CPC","0","0","TOTAL MOT","-1","N/A","0","false","-1","N/A","0","false","0","false","0","false","252633.82","0","252633.82","0","false","true",
"C","A","20180101","2018","52","2018","120","CMR","Cameroon","M","Import","410","KOR","Rep. of Korea","0","W00","World","H4","HS","true","TOTAL","All Commodities","0","false","C00","TOTAL CPC","0","0","TOTAL MOT","-1","N/A","0","false","-1","N/A","0","false","0","true","0","false","101163282.823","0","101163282.823","4","false","true",
"C","A","20180101","2018","52","2018","120","CMR","Cameroon","M","Import","414","KWT","Kuwait","0","W00","World","H4","HS","true","TOTAL","All Commodities","0","false","C00","TOTAL CPC","0","0","TOTAL MOT","-1","N/A","0","false","-1","N/A","0","false","0","false","0","false","1451265.192","0","1451265.192","0","false","true",
"C","A","20180101","2018","52","2018","120","CMR","Cameroon","M","Import","417","KGZ","Kyrgyzstan","0","W00","World","H4","HS","true","TOTAL","All Commodities","0","false","C00","TOTAL CPC","0","0","TOTAL MOT","-1","N/A","0","false","-1","N/A","0","false","0","false","0","false","11748.79","0","11748.79","0","false","true",
"C","A","20180101","2018","52","2018","120","CMR","Cameroon","M","Import","422","LBN","Lebanon","0","W00","World","H4","HS","true","TOTAL","All Commodities","0","false","C00","TOTAL CPC","0","0","TOTAL MOT","-1","N/A","0","false","-1","N/A","0","false","0","false","0","false","9265131.648","0","9265131.648","0","false","true",
"C","A","20180101","2018","52","2018","120","CMR","Cameroon","M","Import","428","LVA","Latvia","0","W00","World","H4","HS","true","TOTAL","All Commodities","0","false","C00","TOTAL CPC","0","0","TOTAL MOT","-1","N/A","0","false","-1","N/A","0","false","0","false","0","false","7425228.914","0","7425228.914","0","false","true",
"C","A","20180101","2018","52","2018","120","CMR","Cameroon","M","Import","430","LBR","Liberia","0","W00","World","H4","HS","true","TOTAL","All Commodities","0","false","C00","TOTAL CPC","0","0","TOTAL MOT","-1","N/A","0","false","-1","N/A","0","false","0","false","0","false","7108023.562","0","7108023.562","0","false","true",
"C","A","20180101","2018","52","2018","120","CMR","Cameroon","M","Import","434","LBY","Libya","0","W00","World","H4","HS","true","TOTAL","All Commodities","0","false","C00","TOTAL CPC","0","0","TOTAL MOT","-1","N/A","0","false","-1","N/A","0","false","0","false","0","false","1690643.498","0","1690643.498","0","false","true",
"C","A","20180101","2018","52","2018","120","CMR","Cameroon","M","Import","440","LTU","Lithuania","0","W00","World","H4","HS","true","TOTAL","All Commodities","0","false","C00","TOTAL CPC","0","0","TOTAL MOT","-1","N/A","0","false","-1","N/A","0","false","0","false","0","false","4127051.5","0","4127051.5","0","false","true",
"C","A","20180101","2018","52","2018","120","CMR","Cameroon","M","Import","442","LUX","Luxembourg","0","W00","World","H4","HS","true","TOTAL","All Commodities","0","false","C00","TOTAL CPC","0","0","TOTAL MOT","-1","N/A","0","false","-1","N/A","0","false","0","false","0","false","1257199.321","0","1257199.321","0","false","true",
"C","A","20180101","2018","52","2018","120","CMR","Cameroon","M","Import","446","MAC","China, Macao SAR","0","W00","World","H4","HS","true","TOTAL","All Commodities","0","false","C00","TOTAL CPC","0","0","TOTAL MOT","-1","N/A","0","false","-1","N/A","0","false","0","false","0","false","2401.924","0","2401.924","0","false","true",
"C","A","20180101","2018","52","2018","120","CMR","Cameroon","M","Import","450","MDG","Madagascar","0","W00","World","H4","HS","true","TOTAL","All Commodities","0","false","C00","TOTAL CPC","0","0","TOTAL MOT","-1","N/A","0","false","-1","N/A","0","false","0","false","0","false","19386.023","0","19386.023","0","false","true",
"C","A","20180101","2018","52","2018","120","CMR","Cameroon","M","Import","454","MWI","Malawi","0","W00","World","H4","HS","true","TOTAL","All Commodities","0","false","C00","TOTAL CPC","0","0","TOTAL MOT","-1","N/A","0","false","-1","N/A","0","false","0","false","0","false","702.823","0","702.823","0","false","true",
"C","A","20180101","2018","52","2018","120","CMR","Cameroon","M","Import","458","MYS","Malaysia","0","W00","World","H4","HS","true","TOTAL","All Commodities","0","false","C00","TOTAL CPC","0","0","TOTAL MOT","-1","N/A","0","false","-1","N/A","0","false","0","false","0","false","64940649.908","0","64940649.908","0","false","true",
"C","A","20180101","2018","52","2018","120","CMR","Cameroon","M","Import","466","MLI","Mali","0","W00","World","H4","HS","true","TOTAL","All Commodities","0","false","C00","TOTAL CPC","0","0","TOTAL MOT","-1","N/A","0","false","-1","N/A","0","false","0","false","0","false","1710.31","0","1710.31","0","false","true",
"C","A","20180101","2018","52","2018","120","CMR","Cameroon","M","Import","470","MLT","Malta","0","W00","World","H4","HS","true","TOTAL","All Commodities","0","false","C00","TOTAL CPC","0","0","TOTAL MOT","-1","N/A","0","false","-1","N/A","0","false","0","false","0","false","1921978.437","0","1921978.437","0","false","true",
"C","A","20180101","2018","52","2018","120","CMR","Cameroon","M","Import","478","MRT","Mauritania","0","W00","World","H4","HS","true","TOTAL","All Commodities","0","false","C00","TOTAL CPC","0","0","TOTAL MOT","-1","N/A","0","false","-1","N/A","0","false","0","false","0","false","79851004.218","0","79851004.218","0","false","true",
"C","A","20180101","2018","52","2018","120","CMR","Cameroon","M","Import","480","MUS","Mauritius","0","W00","World","H4","HS","true","TOTAL","All Commodities","0","false","C00","TOTAL CPC","0","0","TOTAL MOT","-1","N/A","0","false","-1","N/A","0","false","0","false","0","false","774168.793","0","774168.793","0","false","true",
"C","A","20180101","2018","52","2018","120","CMR","Cameroon","M","Import","484","MEX","Mexico","0","W00","World","H4","HS","true","TOTAL","All Commodities","0","false","C00","TOTAL CPC","0","0","TOTAL MOT","-1","N/A","0","false","-1","N/A","0","false","0","false","0","false","17543151.022","0","17543151.022","0","false","true",
"C","A","20180101","2018","52","2018","120","CMR","Cameroon","M","Import","490","S19","Other Asia, nes","0","W00","World","H4","HS","true","TOTAL","All Commodities","0","false","C00","TOTAL CPC","0","0","TOTAL MOT","-1","N/A","0","false","-1","N/A","0","false","0","true","0","false","19021296.99","0","19021296.99","4","false","true",
"C","A","20180101","2018","52","2018","120","CMR","Cameroon","M","Import","498","MDA","Rep. of Moldova","0","W00","World","H4","HS","true","TOTAL","All Commodities","0","false","C00","TOTAL CPC","0","0","TOTAL MOT","-1","N/A","0","false","-1","N/A","0","false","0","false","0","false","31946.795","0","31946.795","0","false","true",
"C","A","20180101","2018","52","2018","120","CMR","Cameroon","M","Import","500","MSR","Montserrat","0","W00","World","H4","HS","true","TOTAL","All Commodities","0","false","C00","TOTAL CPC","0","0","TOTAL MOT","-1","N/A","0","false","-1","N/A","0","false","0","false","0","false","1395.398","0","1395.398","0","false","true",
"C","A","20180101","2018","52","2018","120","CMR","Cameroon","M","Import","504","MAR","Morocco","0","W00","World","H4","HS","true","TOTAL","All Commodities","0","false","C00","TOTAL CPC","0","0","TOTAL MOT","-1","N/A","0","false","-1","N/A","0","false","0","false","0","false","80858820.2","0","80858820.2","0","false","true",
"C","A","20180101","2018","52","2018","120","CMR","Cameroon","M","Import","508","MOZ","Mozambique","0","W00","World","H4","HS","true","TOTAL","All Commodities","0","false","C00","TOTAL CPC","0","0","TOTAL MOT","-1","N/A","0","false","-1","N/A","0","false","0","false","0","false","649293.262","0","649293.262","0","false","true",
"C","A","20180101","2018","52","2018","120","CMR","Cameroon","M","Import","512","OMN","Oman","0","W00","World","H4","HS","true","TOTAL","All Commodities","0","false","C00","TOTAL CPC","0","0","TOTAL MOT","-1","N/A","0","false","-1","N/A","0","false","0","false","0","false","2221183.581","0","2221183.581","0","false","true",
"C","A","20180101","2018","52","2018","120","CMR","Cameroon","M","Import","516","NAM","Namibia","0","W00","World","H4","HS","true","TOTAL","All Commodities","0","false","C00","TOTAL CPC","0","0","TOTAL MOT","-1","N/A","0","false","-1","N/A","0","false","0","false","0","false","20032202.225","0","20032202.225","0","false","true",
"C","A","20180101","2018","52","2018","120","CMR","Cameroon","M","Import","520","NRU","Naoero","0","W00","World","H4","HS","true","TOTAL","All Commodities","0","false","C00","TOTAL CPC","0","0","TOTAL MOT","-1","N/A","0","false","-1","N/A","0","false","0","false","0","false","4803.737","0","4803.737","0","false","true",
"C","A","20180101","2018","52","2018","120","CMR","Cameroon","M","Import","528","NLD","Netherlands","0","W00","World","H4","HS","true","TOTAL","All Commodities","0","false","C00","TOTAL CPC","0","0","TOTAL MOT","-1","N/A","0","false","-1","N/A","0","false","0","true","0","false","296294585.462","0","296294585.462","4","false","true",
"C","A","20180101","2018","52","2018","120","CMR","Cameroon","M","Import","533","ABW","Aruba","0","W00","World","H4","HS","true","TOTAL","All Commodities","0","false","C00","TOTAL CPC","0","0","TOTAL MOT","-1","N/A","0","false","-1","N/A","0","false","0","false","0","false","27.019","0","27.019","0","false","true",
"C","A","20180101","2018","52","2018","120","CMR","Cameroon","M","Import","548","VUT","Vanuatu","0","W00","World","H4","HS","true","TOTAL","All Commodities","0","false","C00","TOTAL CPC","0","0","TOTAL MOT","-1","N/A","0","false","-1","N/A","0","false","0","false","0","false","24667.994","0","24667.994","0","false","true",
"C","A","20180101","2018","52","2018","120","CMR","Cameroon","M","Import","554","NZL","New Zealand","0","W00","World","H4","HS","true","TOTAL","All Commodities","0","false","C00","TOTAL CPC","0","0","TOTAL MOT","-1","N/A","0","false","-1","N/A","0","false","0","false","0","false","21507597.903","0","21507597.903","0","false","true",
"C","A","20180101","2018","52","2018","120","CMR","Cameroon","M","Import","558","NIC","Nicaragua","0","W00","World","H4","HS","true","TOTAL","All Commodities","0","false","C00","TOTAL CPC","0","0","TOTAL MOT","-1","N/A","0","false","-1","N/A","0","false","0","false","0","false","1245.116","0","1245.116","0","false","true",
"C","A","20180101","2018","52","2018","120","CMR","Cameroon","M","Import","562","NER","Niger","0","W00","World","H4","HS","true","TOTAL","All Commodities","0","false","C00","TOTAL CPC","0","0","TOTAL MOT","-1","N/A","0","false","-1","N/A","0","false","0","false","0","false","3985.554","0","3985.554","0","false","true",
"C","A","20180101","2018","52","2018","120","CMR","Cameroon","M","Import","566","NGA","Nigeria","0","W00","World","H4","HS","true","TOTAL","All Commodities","0","false","C00","TOTAL CPC","0","0","TOTAL MOT","-1","N/A","0","false","-1","N/A","0","false","0","true","0","false","342202129.92","0","342202129.92","4","false","true",
"C","A","20180101","2018","52","2018","120","CMR","Cameroon","M","Import","579","NOR","Norway","0","W00","World","H4","HS","true","TOTAL","All Commodities","0","false","C00","TOTAL CPC","0","0","TOTAL MOT","-1","N/A","0","false","-1","N/A","0","false","0","true","0","false","23253114.534","0","23253114.534","4","false","true",
"C","A","20180101","2018","52","2018","120","CMR","Cameroon","M","Import","580","MNP","N. Mariana Isds","0","W00","World","H4","HS","true","TOTAL","All Commodities","0","false","C00","TOTAL CPC","0","0","TOTAL MOT","-1","N/A","0","false","-1","N/A","0","false","0","false","0","false","461.633","0","461.633","0","false","true",
"C","A","20180101","2018","52","2018","120","CMR","Cameroon","M","Import","581","UMI","United States Minor Outlying Islands","0","W00","World","H4","HS","true","TOTAL","All Commodities","0","false","C00","TOTAL CPC","0","0","TOTAL MOT","-1","N/A","0","false","-1","N/A","0","false","0","false","0","false","1359.583","0","1359.583","0","false","true",
"C","A","20180101","2018","52","2018","120","CMR","Cameroon","M","Import","586","PAK","Pakistan","0","W00","World","H4","HS","true","TOTAL","All Commodities","0","false","C00","TOTAL CPC","0","0","TOTAL MOT","-1","N/A","0","false","-1","N/A","0","false","0","false","0","false","16049051.705","0","16049051.705","0","false","true",
"C","A","20180101","2018","52","2018","120","CMR","Cameroon","M","Import","591","PAN","Panama","0","W00","World","H4","HS","true","TOTAL","All Commodities","0","false","C00","TOTAL CPC","0","0","TOTAL MOT","-1","N/A","0","false","-1","N/A","0","false","0","false","0","false","1753.942","0","1753.942","0","false","true",
"C","A","20180101","2018","52","2018","120","CMR","Cameroon","M","Import","598","PNG","Papua New Guinea","0","W00","World","H4","HS","true","TOTAL","All Commodities","0","false","C00","TOTAL CPC","0","0","TOTAL MOT","-1","N/A","0","false","-1","N/A","0","false","0","false","0","false","2083.992","0","2083.992","0","false","true",
"C","A","20180101","2018","52","2018","120","CMR","Cameroon","M","Import","600","PRY","Paraguay","0","W00","World","H4","HS","true","TOTAL","All Commodities","0","false","C00","TOTAL CPC","0","0","TOTAL MOT","-1","N/A","0","false","-1","N/A","0","false","0","false","0","false","571006.523","0","571006.523","0","false","true",
"C","A","20180101","2018","52","2018","120","CMR","Cameroon","M","Import","604","PER","Peru","0","W00","World","H4","HS","true","TOTAL","All Commodities","0","false","C00","TOTAL CPC","0","0","TOTAL MOT","-1","N/A","0","false","-1","N/A","0","false","0","false","0","false","216741.718","0","216741.718","0","false","true",
"C","A","20180101","2018","52","2018","120","CMR","Cameroon","M","Import","608","PHL","Philippines","0","W00","World","H4","HS","true","TOTAL","All Commodities","0","false","C00","TOTAL CPC","0","0","TOTAL MOT","-1","N/A","0","false","-1","N/A","0","false","0","false","0","false","801245.369","0","801245.369","0","false","true",
"C","A","20180101","2018","52","2018","120","CMR","Cameroon","M","Import","612","PCN","Pitcairn","0","W00","World","H4","HS","true","TOTAL","All Commodities","0","false","C00","TOTAL CPC","0","0","TOTAL MOT","-1","N/A","0","false","-1","N/A","0","false","0","false","0","false","8670.992","0","8670.992","0","false","true",
"C","A","20180101","2018","52","2018","120","CMR","Cameroon","M","Import","616","POL","Poland","0","W00","World","H4","HS","true","TOTAL","All Commodities","0","false","C00","TOTAL CPC","0","0","TOTAL MOT","-1","N/A","0","false","-1","N/A","0","false","0","false","0","false","21667727.564","0","21667727.564","0","false","true",
"C","A","20180101","2018","52","2018","120","CMR","Cameroon","M","Import","620","PRT","Portugal","0","W00","World","H4","HS","true","TOTAL","All Commodities","0","false","C00","TOTAL CPC","0","0","TOTAL MOT","-1","N/A","0","false","-1","N/A","0","false","0","false","0","false","56793383.311","0","56793383.311","0","false","true",
"C","A","20180101","2018","52","2018","120","CMR","Cameroon","M","Import","626","TLS","Timor-Leste","0","W00","World","H4","HS","true","TOTAL","All Commodities","0","false","C00","TOTAL CPC","0","0","TOTAL MOT","-1","N/A","0","false","-1","N/A","0","false","0","false","0","false","33412.314","0","33412.314","0","false","true",
"C","A","20180101","2018","52","2018","120","CMR","Cameroon","M","Import","634","QAT","Qatar","0","W00","World","H4","HS","true","TOTAL","All Commodities","0","false","C00","TOTAL CPC","0","0","TOTAL MOT","-1","N/A","0","false","-1","N/A","0","false","0","false","0","false","3168456.48","0","3168456.48","0","false","true",
"C","A","20180101","2018","52","2018","120","CMR","Cameroon","M","Import","642","ROU","Romania","0","W00","World","H4","HS","true","TOTAL","All Commodities","0","false","C00","TOTAL CPC","0","0","TOTAL MOT","-1","N/A","0","false","-1","N/A","0","false","0","false","0","false","6876778.259","0","6876778.259","0","false","true",
"C","A","20180101","2018","52","2018","120","CMR","Cameroon","M","Import","643","RUS","Russian Federation","0","W00","World","H4","HS","true","TOTAL","All Commodities","0","false","C00","TOTAL CPC","0","0","TOTAL MOT","-1","N/A","0","false","-1","N/A","0","false","0","false","0","false","173932535.265","0","173932535.265","0","false","true",
"C","A","20180101","2018","52","2018","120","CMR","Cameroon","M","Import","646","RWA","Rwanda","0","W00","World","H4","HS","true","TOTAL","All Commodities","0","false","C00","TOTAL CPC","0","0","TOTAL MOT","-1","N/A","0","false","-1","N/A","0","false","0","false","0","false","89441.207","0","89441.207","0","false","true",
"C","A","20180101","2018","52","2018","120","CMR","Cameroon","M","Import","660","AIA","Anguilla","0","W00","World","H4","HS","true","TOTAL","All Commodities","0","false","C00","TOTAL CPC","0","0","TOTAL MOT","-1","N/A","0","false","-1","N/A","0","false","0","false","0","false","394.517","0","394.517","0","false","true",
"C","A","20180101","2018","52","2018","120","CMR","Cameroon","M","Import","674","SMR","San Marino","0","W00","World","H4","HS","true","TOTAL","All Commodities","0","false","C00","TOTAL CPC","0","0","TOTAL MOT","-1","N/A","0","false","-1","N/A","0","false","0","false","0","false","78239.446","0","78239.446","0","false","true",
"C","A","20180101","2018","52","2018","120","CMR","Cameroon","M","Import","678","STP","Sao Tome and Principe","0","W00","World","H4","HS","true","TOTAL","All Commodities","0","false","C00","TOTAL CPC","0","0","TOTAL MOT","-1","N/A","0","false","-1","N/A","0","false","0","false","0","false","244.3","0","244.3","0","false","true",
"C","A","20180101","2018","52","2018","120","CMR","Cameroon","M","Import","682","SAU","Saudi Arabia","0","W00","World","H4","HS","true","TOTAL","All Commodities","0","false","C00","TOTAL CPC","0","0","TOTAL MOT","-1","N/A","0","false","-1","N/A","0","false","0","false","0","false","24976516.921","0","24976516.921","0","false","true",
"C","A","20180101","2018","52","2018","120","CMR","Cameroon","M","Import","686","SEN","Senegal","0","W00","World","H4","HS","true","TOTAL","All Commodities","0","false","C00","TOTAL CPC","0","0","TOTAL MOT","-1","N/A","0","false","-1","N/A","0","false","0","false","0","false","23859345.464","0","23859345.464","0","false","true",
"C","A","20180101","2018","52","2018","120","CMR","Cameroon","M","Import","688","SRB","Serbia","0","W00","World","H4","HS","true","TOTAL","All Commodities","0","false","C00","TOTAL CPC","0","0","TOTAL MOT","-1","N/A","0","false","-1","N/A","0","false","0","false","0","false","3730125.216","0","3730125.216","0","false","true",
"C","A","20180101","2018","52","2018","120","CMR","Cameroon","M","Import","690","SYC","Seychelles","0","W00","World","H4","HS","true","TOTAL","All Commodities","0","false","C00","TOTAL CPC","0","0","TOTAL MOT","-1","N/A","0","false","-1","N/A","0","false","0","false","0","false","961931.587","0","961931.587","0","false","true",
"C","A","20180101","2018","52","2018","120","CMR","Cameroon","M","Import","694","SLE","Sierra Leone","0","W00","World","H4","HS","true","TOTAL","All Commodities","0","false","C00","TOTAL CPC","0","0","TOTAL MOT","-1","N/A","0","false","-1","N/A","0","false","0","false","0","false","1860376.235","0","1860376.235","0","false","true",
"C","A","20180101","2018","52","2018","120","CMR","Cameroon","M","Import","699","IND","India","0","W00","World","H4","HS","true","TOTAL","All Commodities","0","false","C00","TOTAL CPC","0","0","TOTAL MOT","-1","N/A","0","false","-1","N/A","0","false","0","true","0","false","207460406.757","0","207460406.757","4","false","true",
"C","A","20180101","2018","52","2018","120","CMR","Cameroon","M","Import","702","SGP","Singapore","0","W00","World","H4","HS","true","TOTAL","All Commodities","0","false","C00","TOTAL CPC","0","0","TOTAL MOT","-1","N/A","0","false","-1","N/A","0","false","0","false","0","false","15101867.615","0","15101867.615","0","false","true",
"C","A","20180101","2018","52","2018","120","CMR","Cameroon","M","Import","703","SVK","Slovakia","0","W00","World","H4","HS","true","TOTAL","All Commodities","0","false","C00","TOTAL CPC","0","0","TOTAL MOT","-1","N/A","0","false","-1","N/A","0","false","0","false","0","false","2310152.751","0","2310152.751","0","false","true",
"C","A","20180101","2018","52","2018","120","CMR","Cameroon","M","Import","704","VNM","Viet Nam","0","W00","World","H4","HS","true","TOTAL","All Commodities","0","false","C00","TOTAL CPC","0","0","TOTAL MOT","-1","N/A","0","false","-1","N/A","0","false","0","true","0","false","13146455.675","0","13146455.675","4","false","true",
"C","A","20180101","2018","52","2018","120","CMR","Cameroon","M","Import","705","SVN","Slovenia","0","W00","World","H4","HS","true","TOTAL","All Commodities","0","false","C00","TOTAL CPC","0","0","TOTAL MOT","-1","N/A","0","false","-1","N/A","0","false","0","false","0","false","2107462.115","0","2107462.115","0","false","true",
"C","A","20180101","2018","52","2018","120","CMR","Cameroon","M","Import","706","SOM","Somalia","0","W00","World","H4","HS","true","TOTAL","All Commodities","0","false","C00","TOTAL CPC","0","0","TOTAL MOT","-1","N/A","0","false","-1","N/A","0","false","0","false","0","false","3019.826","0","3019.826","0","false","true",
"C","A","20180101","2018","52","2018","120","CMR","Cameroon","M","Import","710","ZAF","South Africa","0","W00","World","H4","HS","true","TOTAL","All Commodities","0","false","C00","TOTAL CPC","0","0","TOTAL MOT","-1","N/A","0","false","-1","N/A","0","false","0","true","0","false","96781895.393","0","96781895.393","4","false","true",
"C","A","20180101","2018","52","2018","120","CMR","Cameroon","M","Import","716","ZWE","Zimbabwe","0","W00","World","H4","HS","true","TOTAL","All Commodities","0","false","C00","TOTAL CPC","0","0","TOTAL MOT","-1","N/A","0","false","-1","N/A","0","false","0","false","0","false","33877.723","0","33877.723","0","false","true",
"C","A","20180101","2018","52","2018","120","CMR","Cameroon","M","Import","724","ESP","Spain","0","W00","World","H4","HS","true","TOTAL","All Commodities","0","false","C00","TOTAL CPC","0","0","TOTAL MOT","-1","N/A","0","false","-1","N/A","0","false","0","true","0","false","156023597.094","0","156023597.094","4","false","true",
"C","A","20180101","2018","52","2018","120","CMR","Cameroon","M","Import","729","SDN","Sudan","0","W00","World","H4","HS","true","TOTAL","All Commodities","0","false","C00","TOTAL CPC","0","0","TOTAL MOT","-1","N/A","0","false","-1","N/A","0","false","0","false","0","false","660007.213","0","660007.213","0","false","true",
"C","A","20180101","2018","52","2018","120","CMR","Cameroon","M","Import","740","SUR","Suriname","0","W00","World","H4","HS","true","TOTAL","All Commodities","0","false","C00","TOTAL CPC","0","0","TOTAL MOT","-1","N/A","0","false","-1","N/A","0","false","0","false","0","false","42163.696","0","42163.696","0","false","true",
"C","A","20180101","2018","52","2018","120","CMR","Cameroon","M","Import","748","SWZ","Eswatini","0","W00","World","H4","HS","true","TOTAL","All Commodities","0","false","C00","TOTAL CPC","0","0","TOTAL MOT","-1","N/A","0","false","-1","N/A","0","false","0","false","0","false","425162.293","0","425162.293","0","false","true",
"C","A","20180101","2018","52","2018","120","CMR","Cameroon","M","Import","752","SWE","Sweden","0","W00","World","H4","HS","true","TOTAL","All Commodities","0","false","C00","TOTAL CPC","0","0","TOTAL MOT","-1","N/A","0","false","-1","N/A","0","false","0","false","0","false","21488954.363","0","21488954.363","0","false","true",
"C","A","20180101","2018","52","2018","120","CMR","Cameroon","M","Import","757","CHE","Switzerland","0","W00","World","H4","HS","true","TOTAL","All Commodities","0","false","C00","TOTAL CPC","0","0","TOTAL MOT","-1","N/A","0","false","-1","N/A","0","false","0","true","0","false","23786778.716","0","23786778.716","4","false","true",
"C","A","20180101","2018","52","2018","120","CMR","Cameroon","M","Import","760","SYR","Syria","0","W00","World","H4","HS","true","TOTAL","All Commodities","0","false","C00","TOTAL CPC","0","0","TOTAL MOT","-1","N/A","0","false","-1","N/A","0","false","0","false","0","false","7299.198","0","7299.198","0","false","true",
"C","A","20180101","2018","52","2018","120","CMR","Cameroon","M","Import","764","THA","Thailand","0","W00","World","H4","HS","true","TOTAL","All Commodities","0","false","C00","TOTAL CPC","0","0","TOTAL MOT","-1","N/A","0","false","-1","N/A","0","false","0","false","0","false","258806201.768","0","258806201.768","0","false","true",
"C","A","20180101","2018","52","2018","120","CMR","Cameroon","M","Import","768","TGO","Togo","0","W00","World","H4","HS","true","TOTAL","All Commodities","0","false","C00","TOTAL CPC","0","0","TOTAL MOT","-1","N/A","0","false","-1","N/A","0","false","0","false","0","false","208488274.19","0","208488274.19","0","false","true",
"C","A","20180101","2018","52","2018","120","CMR","Cameroon","M","Import","772","TKL","Tokelau","0","W00","World","H4","HS","true","TOTAL","All Commodities","0","false","C00","TOTAL CPC","0","0","TOTAL MOT","-1","N/A","0","false","-1","N/A","0","false","0","false","0","false","17878.892","0","17878.892","0","false","true",
"C","A","20180101","2018","52","2018","120","CMR","Cameroon","M","Import","780","TTO","Trinidad and Tobago","0","W00","World","H4","HS","true","TOTAL","All Commodities","0","false","C00","TOTAL CPC","0","0","TOTAL MOT","-1","N/A","0","false","-1","N/A","0","false","0","false","0","false","8418142.583","0","8418142.583","0","false","true",
"C","A","20180101","2018","52","2018","120","CMR","Cameroon","M","Import","784","ARE","United Arab Emirates","0","W00","World","H4","HS","true","TOTAL","All Commodities","0","false","C00","TOTAL CPC","0","0","TOTAL MOT","-1","N/A","0","false","-1","N/A","0","false","0","true","0","false","75295079.391","0","75295079.391","4","false","true",
"C","A","20180101","2018","52","2018","120","CMR","Cameroon","M","Import","788","TUN","Tunisia","0","W00","World","H4","HS","true","TOTAL","All Commodities","0","false","C00","TOTAL CPC","0","0","TOTAL MOT","-1","N/A","0","false","-1","N/A","0","false","0","true","0","false","28988335.965","0","28988335.965","4","false","true",
"C","A","20180101","2018","52","2018","120","CMR","Cameroon","M","Import","792","TUR","Türkiye","0","W00","World","H4","HS","true","TOTAL","All Commodities","0","false","C00","TOTAL CPC","0","0","TOTAL MOT","-1","N/A","0","false","-1","N/A","0","false","0","true","0","false","131577340.302","0","131577340.302","4","false","true",
"C","A","20180101","2018","52","2018","120","CMR","Cameroon","M","Import","795","TKM","Turkmenistan","0","W00","World","H4","HS","true","TOTAL","All Commodities","0","false","C00","TOTAL CPC","0","0","TOTAL MOT","-1","N/A","0","false","-1","N/A","0","false","0","false","0","false","634783.787","0","634783.787","0","false","true",
"C","A","20180101","2018","52","2018","120","CMR","Cameroon","M","Import","796","TCA","Turks and Caicos Isds","0","W00","World","H4","HS","true","TOTAL","All Commodities","0","false","C00","TOTAL CPC","0","0","TOTAL MOT","-1","N/A","0","false","-1","N/A","0","false","0","true","0","false","1092162.54","0","1092162.54","4","false","true",
"C","A","20180101","2018","52","2018","120","CMR","Cameroon","M","Import","800","UGA","Uganda","0","W00","World","H4","HS","true","TOTAL","All Commodities","0","false","C00","TOTAL CPC","0","0","TOTAL MOT","-1","N/A","0","false","-1","N/A","0","false","0","false","0","false","286.001","0","286.001","0","false","true",
"C","A","20180101","2018","52","2018","120","CMR","Cameroon","M","Import","804","UKR","Ukraine","0","W00","World","H4","HS","true","TOTAL","All Commodities","0","false","C00","TOTAL CPC","0","0","TOTAL MOT","-1","N/A","0","false","-1","N/A","0","false","0","true","0","false","59129564.078","0","59129564.078","4","false","true",
"C","A","20180101","2018","52","2018","120","CMR","Cameroon","M","Import","807","MKD","North Macedonia","0","W00","World","H4","HS","true","TOTAL","All Commodities","0","false","C00","TOTAL CPC","0","0","TOTAL MOT","-1","N/A","0","false","-1","N/A","0","false","0","false","0","false","273234.676","0","273234.676","0","false","true",
"C","A","20180101","2018","52","2018","120","CMR","Cameroon","M","Import","818","EGY","Egypt","0","W00","World","H4","HS","true","TOTAL","All Commodities","0","false","C00","TOTAL CPC","0","0","TOTAL MOT","-1","N/A","0","false","-1","N/A","0","false","0","false","0","false","63810770.107","0","63810770.107","0","false","true",
"C","A","20180101","2018","52","2018","120","CMR","Cameroon","M","Import","826","GBR","United Kingdom","0","W00","World","H4","HS","true","TOTAL","All Commodities","0","false","C00","TOTAL CPC","0","0","TOTAL MOT","-1","N/A","0","false","-1","N/A","0","false","0","true","0","false","131813371.552","0","131813371.552","4","false","true",
"C","A","20180101","2018","52","2018","120","CMR","Cameroon","M","Import","834","TZA","United Rep. of Tanzania","0","W00","World","H4","HS","true","TOTAL","All Commodities","0","false","C00","TOTAL CPC","0","0","TOTAL MOT","-1","N/A","0","false","-1","N/A","0","false","0","false","0","false","312417.34","0","312417.34","0","false","true",
"C","A","20180101","2018","52","2018","120","CMR","Cameroon","M","Import","842","USA","USA","0","W00","World","H4","HS","true","TOTAL","All Commodities","0","false","C00","TOTAL CPC","0","0","TOTAL MOT","-1","N/A","0","false","-1","N/A","0","false","0","true","0","false","238998406.069","0","238998406.069","4","false","true",
"C","A","20180101","2018","52","2018","120","CMR","Cameroon","M","Import","854","BFA","Burkina Faso","0","W00","World","H4","HS","true","TOTAL","All Commodities","0","false","C00","TOTAL CPC","0","0","TOTAL MOT","-1","N/A","0","false","-1","N/A","0","false","0","false","0","false","283928.409","0","283928.409","0","false","true",
"C","A","20180101","2018","52","2018","120","CMR","Cameroon","M","Import","858","URY","Uruguay","0","W00","World","H4","HS","true","TOTAL","All Commodities","0","false","C00","TOTAL CPC","0","0","TOTAL MOT","-1","N/A","0","false","-1","N/A","0","false","0","false","0","false","7239982.672","0","7239982.672","0","false","true",
"C","A","20180101","2018","52","2018","120","CMR","Cameroon","M","Import","860","UZB","Uzbekistan","0","W00","World","H4","HS","true","TOTAL","All Commodities","0","false","C00","TOTAL CPC","0","0","TOTAL MOT","-1","N/A","0","false","-1","N/A","0","false","0","false","0","false","9925.194","0","9925.194","0","false","true",
"C","A","20180101","2018","52","2018","120","CMR","Cameroon","M","Import","862","VEN","Venezuela","0","W00","World","H4","HS","true","TOTAL","All Commodities","0","false","C00","TOTAL CPC","0","0","TOTAL MOT","-1","N/A","0","false","-1","N/A","0","false","0","false","0","false","677.681","0","677.681","0","false","true",
"C","A","20180101","2018","52","2018","120","CMR","Cameroon","M","Import","887","YEM","Yemen","0","W00","World","H4","HS","true","TOTAL","All Commodities","0","false","C00","TOTAL CPC","0","0","TOTAL MOT","-1","N/A","0","false","-1","N/A","0","false","0","false","0","false","31580.381","0","31580.381","0","false","true",
"C","A","20180101","2018","52","2018","120","CMR","Cameroon","M","Import","894","ZMB","Zambia","0","W00","World","H4","HS","true","TOTAL","All Commodities","0","false","C00","TOTAL CPC","0","0","TOTAL MOT","-1","N/A","0","false","-1","N/A","0","false","0","false","0","false","382180.203","0","382180.203","0","false","true",
"C","A","20180101","2018","52","2018","120","CMR","Cameroon","M","Import","899","_X ","Areas, nes","0","W00","World","H4","HS","true","TOTAL","All Commodities","0","false","C00","TOTAL CPC","0","0","TOTAL MOT","-1","N/A","0","false","-1","N/A","0","false","0","false","0","false","4972.401","0","4972.401","0","false","true",
"C","A","20180101","2018","52","2018","120","CMR","Cameroon","X","Export","0","W00","World","0","W00","World","H4","HS","true","TOTAL","All Commodities","0","false","C00","TOTAL CPC","0","0","TOTAL MOT","-1","N/A","0","false","-1","N/A","0","false","0","true","0","false","0","3804792058.905","3804792058.905","4","false","true",
"C","A","20180101","2018","52","2018","120","CMR","Cameroon","X","Export","8","ALB","Albania","0","W00","World","H4","HS","true","TOTAL","All Commodities","0","false","C00","TOTAL CPC","0","0","TOTAL MOT","-1","N/A","0","false","-1","N/A","0","false","0","false","0","false","0","63893.931","63893.931","0","false","true",
"C","A","20180101","2018","52","2018","120","CMR","Cameroon","X","Export","12","DZA","Algeria","0","W00","World","H4","HS","true","TOTAL","All Commodities","0","false","C00","TOTAL CPC","0","0","TOTAL MOT","-1","N/A","0","false","-1","N/A","0","false","0","false","0","false","0","2197937.484","2197937.484","0","false","true",
"C","A","20180101","2018","52","2018","120","CMR","Cameroon","X","Export","24","AGO","Angola","0","W00","World","H4","HS","true","TOTAL","All Commodities","0","false","C00","TOTAL CPC","0","0","TOTAL MOT","-1","N/A","0","false","-1","N/A","0","false","0","false","0","false","0","588520.516","588520.516","0","false","true",
"C","A","20180101","2018","52","2018","120","CMR","Cameroon","X","Export","31","AZE","Azerbaijan","0","W00","World","H4","HS","true","TOTAL","All Commodities","0","false","C00","TOTAL CPC","0","0","TOTAL MOT","-1","N/A","0","false","-1","N/A","0","false","0","false","0","false","0","104680.249","104680.249","0","false","true",
"C","A","20180101","2018","52","2018","120","CMR","Cameroon","X","Export","32","ARG","Argentina","0","W00","World","H4","HS","true","TOTAL","All Commodities","0","false","C00","TOTAL CPC","0","0","TOTAL MOT","-1","N/A","0","false","-1","N/A","0","false","0","false","0","false","0","177160.276","177160.276","0","false","true",
"C","A","20180101","2018","52","2018","120","CMR","Cameroon","X","Export","36","AUS","Australia","0","W00","World","H4","HS","true","TOTAL","All Commodities","0","false","C00","TOTAL CPC","0","0","TOTAL MOT","-1","N/A","0","false","-1","N/A","0","false","0","false","0","false","0","516205.13","516205.13","0","false","true",
"C","A","20180101","2018","52","2018","120","CMR","Cameroon","X","Export","48","BHR","Bahrain","0","W00","World","H4","HS","true","TOTAL","All Commodities","0","false","C00","TOTAL CPC","0","0","TOTAL MOT","-1","N/A","0","false","-1","N/A","0","false","0","false","0","false","0","21277.033","21277.033","0","false","true",
"C","A","20180101","2018","52","2018","120","CMR","Cameroon","X","Export","50","BGD","Bangladesh","0","W00","World","H4","HS","true","TOTAL","All Commodities","0","false","C00","TOTAL CPC","0","0","TOTAL MOT","-1","N/A","0","false","-1","N/A","0","false","0","false","0","false","0","126357053.032","126357053.032","0","false","true",
"C","A","20180101","2018","52","2018","120","CMR","Cameroon","X","Export","56","BEL","Belgium","0","W00","World","H4","HS","true","TOTAL","All Commodities","0","false","C00","TOTAL CPC","0","0","TOTAL MOT","-1","N/A","0","false","-1","N/A","0","false","0","false","0","false","0","135516084.826","135516084.826","0","false","true",
"C","A","20180101","2018","52","2018","120","CMR","Cameroon","X","Export","76","BRA","Brazil","0","W00","World","H4","HS","true","TOTAL","All Commodities","0","false","C00","TOTAL CPC","0","0","TOTAL MOT","-1","N/A","0","false","-1","N/A","0","false","0","false","0","false","0","3370689.226","3370689.226","0","false","true",
"C","A","20180101","2018","52","2018","120","CMR","Cameroon","X","Export","96","BRN","Brunei Darussalam","0","W00","World","H4","HS","true","TOTAL","All Commodities","0","false","C00","TOTAL CPC","0","0","TOTAL MOT","-1","N/A","0","false","-1","N/A","0","false","0","false","0","false","0","7908.824","7908.824","0","false","true",
"C","A","20180101","2018","52","2018","120","CMR","Cameroon","X","Export","100","BGR","Bulgaria","0","W00","World","H4","HS","true","TOTAL","All Commodities","0","false","C00","TOTAL CPC","0","0","TOTAL MOT","-1","N/A","0","false","-1","N/A","0","false","0","false","0","false","0","1119702.501","1119702.501","0","false","true",
"C","A","20180101","2018","52","2018","120","CMR","Cameroon","X","Export","104","MMR","Myanmar","0","W00","World","H4","HS","true","TOTAL","All Commodities","0","false","C00","TOTAL CPC","0","0","TOTAL MOT","-1","N/A","0","false","-1","N/A","0","false","0","false","0","false","0","131032.083","131032.083","0","false","true",
"C","A","20180101","2018","52","2018","120","CMR","Cameroon","X","Export","108","BDI","Burundi","0","W00","World","H4","HS","true","TOTAL","All Commodities","0","false","C00","TOTAL CPC","0","0","TOTAL MOT","-1","N/A","0","false","-1","N/A","0","false","0","false","0","false","0","1998.487","1998.487","0","false","true",
"C","A","20180101","2018","52","2018","120","CMR","Cameroon","X","Export","124","CAN","Canada","0","W00","World","H4","HS","true","TOTAL","All Commodities","0","false","C00","TOTAL CPC","0","0","TOTAL MOT","-1","N/A","0","false","-1","N/A","0","false","0","false","0","false","0","2705271.833","2705271.833","0","false","true",
"C","A","20180101","2018","52","2018","120","CMR","Cameroon","X","Export","132","CPV","Cabo Verde","0","W00","World","H4","HS","true","TOTAL","All Commodities","0","false","C00","TOTAL CPC","0","0","TOTAL MOT","-1","N/A","0","false","-1","N/A","0","false","0","false","0","false","0","50530.061","50530.061","0","false","true",
"C","A","20180101","2018","52","2018","120","CMR","Cameroon","X","Export","140","CAF","Central African Rep.","0","W00","World","H4","HS","true","TOTAL","All Commodities","0","false","C00","TOTAL CPC","0","0","TOTAL MOT","-1","N/A","0","false","-1","N/A","0","false","0","true","0","false","0","55699857.621","55699857.621","4","false","true",
"C","A","20180101","2018","52","2018","120","CMR","Cameroon","X","Export","144","LKA","Sri Lanka","0","W00","World","H4","HS","true","TOTAL","All Commodities","0","false","C00","TOTAL CPC","0","0","TOTAL MOT","-1","N/A","0","false","-1","N/A","0","false","0","false","0","false","0","8511765.484","8511765.484","0","false","true",
"C","A","20180101","2018","52","2018","120","CMR","Cameroon","X","Export","148","TCD","Chad","0","W00","World","H4","HS","true","TOTAL","All Commodities","0","false","C00","TOTAL CPC","0","0","TOTAL MOT","-1","N/A","0","false","-1","N/A","0","false","0","true","0","false","0","99927829.736","99927829.736","4","false","true",
"C","A","20180101","2018","52","2018","120","CMR","Cameroon","X","Export","152","CHL","Chile","0","W00","World","H4","HS","true","TOTAL","All Commodities","0","false","C00","TOTAL CPC","0","0","TOTAL MOT","-1","N/A","0","false","-1","N/A","0","false","0","false","0","false","0","17027.076","17027.076","0","false","true",
"C","A","20180101","2018","52","2018","120","CMR","Cameroon","X","Export","156","CHN","China","0","W00","World","H4","HS","true","TOTAL","All Commodities","0","false","C00","TOTAL CPC","0","0","TOTAL MOT","-1","N/A","0","false","-1","N/A","0","false","0","false","0","false","0","944105048.059","944105048.059","0","false","true",
"C","A","20180101","2018","52","2018","120","CMR","Cameroon","X","Export","170","COL","Colombia","0","W00","World","H4","HS","true","TOTAL","All Commodities","0","false","C00","TOTAL CPC","0","0","TOTAL MOT","-1","N/A","0","false","-1","N/A","0","false","0","false","0","false","0","86633.374","86633.374","0","false","true",
"C","A","20180101","2018","52","2018","120","CMR","Cameroon","X","Export","174","COM","Comoros","0","W00","World","H4","HS","true","TOTAL","All Commodities","0","false","C00","TOTAL CPC","0","0","TOTAL MOT","-1","N/A","0","false","-1","N/A","0","false","0","false","0","false","0","248867.514","248867.514","0","false","true",
"C","A","20180101","2018","52","2018","120","CMR","Cameroon","X","Export","178","COG","Congo","0","W00","World","H4","HS","true","TOTAL","All Commodities","0","false","C00","TOTAL CPC","0","0","TOTAL MOT","-1","N/A","0","false","-1","N/A","0","false","0","false","0","false","0","31670943.579","31670943.579","0","false","true",
"C","A","20180101","2018","52","2018","120","CMR","Cameroon","X","Export","180","COD","Dem. Rep. of the Congo","0","W00","World","H4","HS","true","TOTAL","All Commodities","0","false","C00","TOTAL CPC","0","0","TOTAL MOT","-1","N/A","0","false","-1","N/A","0","false","0","false","0","false","0","12812822.226","12812822.226","0","false","true",
"C","A","20180101","2018","52","2018","120","CMR","Cameroon","X","Export","191","HRV","Croatia","0","W00","World","H4","HS","true","TOTAL","All Commodities","0","false","C00","TOTAL CPC","0","0","TOTAL MOT","-1","N/A","0","false","-1","N/A","0","false","0","false","0","false","0","215917.378","215917.378","0","false","true",
"C","A","20180101","2018","52","2018","120","CMR","Cameroon","X","Export","196","CYP","Cyprus","0","W00","World","H4","HS","true","TOTAL","All Commodities","0","false","C00","TOTAL CPC","0","0","TOTAL MOT","-1","N/A","0","false","-1","N/A","0","false","0","false","0","false","0","172484.261","172484.261","0","false","true",
"C","A","20180101","2018","52","2018","120","CMR","Cameroon","X","Export","203","CZE","Czechia","0","W00","World","H4","HS","true","TOTAL","All Commodities","0","false","C00","TOTAL CPC","0","0","TOTAL MOT","-1","N/A","0","false","-1","N/A","0","false","0","false","0","false","0","570987.078","570987.078","0","false","true",
"C","A","20180101","2018","52","2018","120","CMR","Cameroon","X","Export","204","BEN","Benin","0","W00","World","H4","HS","true","TOTAL","All Commodities","0","false","C00","TOTAL CPC","0","0","TOTAL MOT","-1","N/A","0","false","-1","N/A","0","false","0","false","0","false","0","1410180.463","1410180.463","0","false","true",
"C","A","20180101","2018","52","2018","120","CMR","Cameroon","X","Export","208","DNK","Denmark","0","W00","World","H4","HS","true","TOTAL","All Commodities","0","false","C00","TOTAL CPC","0","0","TOTAL MOT","-1","N/A","0","false","-1","N/A","0","false","0","false","0","false","0","230480.819","230480.819","0","false","true",
"C","A","20180101","2018","52","2018","120","CMR","Cameroon","X","Export","214","DOM","Dominican Rep.","0","W00","World","H4","HS","true","TOTAL","All Commodities","0","false","C00","TOTAL CPC","0","0","TOTAL MOT","-1","N/A","0","false","-1","N/A","0","false","0","false","0","false","0","800113.342","800113.342","0","false","true",
"C","A","20180101","2018","52","2018","120","CMR","Cameroon","X","Export","226","GNQ","Equatorial Guinea","0","W00","World","H4","HS","true","TOTAL","All Commodities","0","false","C00","TOTAL CPC","0","0","TOTAL MOT","-1","N/A","0","false","-1","N/A","0","false","0","false","0","false","0","13474655.669","13474655.669","0","false","true",
"C","A","20180101","2018","52","2018","120","CMR","Cameroon","X","Export","231","ETH","Ethiopia","0","W00","World","H4","HS","true","TOTAL","All Commodities","0","false","C00","TOTAL CPC","0","0","TOTAL MOT","-1","N/A","0","false","-1","N/A","0","false","0","true","0","false","0","18067.64","18067.64","4","false","true",
"C","A","20180101","2018","52","2018","120","CMR","Cameroon","X","Export","246","FIN","Finland","0","W00","World","H4","HS","true","TOTAL","All Commodities","0","false","C00","TOTAL CPC","0","0","TOTAL MOT","-1","N/A","0","false","-1","N/A","0","false","0","false","0","false","0","1475316.421","1475316.421","0","false","true",
"C","A","20180101","2018","52","2018","120","CMR","Cameroon","X","Export","251","FRA","France","0","W00","World","H4","HS","true","TOTAL","All Commodities","0","false","C00","TOTAL CPC","0","0","TOTAL MOT","-1","N/A","0","false","-1","N/A","0","false","0","true","0","false","0","265307239.764","265307239.764","4","false","true",
"C","A","20180101","2018","52","2018","120","CMR","Cameroon","X","Export","266","GAB","Gabon","0","W00","World","H4","HS","true","TOTAL","All Commodities","0","false","C00","TOTAL CPC","0","0","TOTAL MOT","-1","N/A","0","false","-1","N/A","0","false","0","true","0","false","0","46240895.582","46240895.582","4","false","true",
"C","A","20180101","2018","52","2018","120","CMR","Cameroon","X","Export","268","GEO","Georgia","0","W00","World","H4","HS","true","TOTAL","All Commodities","0","false","C00","TOTAL CPC","0","0","TOTAL MOT","-1","N/A","0","false","-1","N/A","0","false","0","false","0","false","0","44470.065","44470.065","0","false","true",
"C","A","20180101","2018","52","2018","120","CMR","Cameroon","X","Export","270","GMB","Gambia","0","W00","World","H4","HS","true","TOTAL","All Commodities","0","false","C00","TOTAL CPC","0","0","TOTAL MOT","-1","N/A","0","false","-1","N/A","0","false","0","false","0","false","0","27474.547","27474.547","0","false","true",
"C","A","20180101","2018","52","2018","120","CMR","Cameroon","X","Export","276","DEU","Germany","0","W00","World","H4","HS","true","TOTAL","All Commodities","0","false","C00","TOTAL CPC","0","0","TOTAL MOT","-1","N/A","0","false","-1","N/A","0","false","0","true","0","false","0","76224607.114","76224607.114","4","false","true",
"C","A","20180101","2018","52","2018","120","CMR","Cameroon","X","Export","288","GHA","Ghana","0","W00","World","H4","HS","true","TOTAL","All Commodities","0","false","C00","TOTAL CPC","0","0","TOTAL MOT","-1","N/A","0","false","-1","N/A","0","false","0","false","0","false","0","2367352.338","2367352.338","0","false","true",
"C","A","20180101","2018","52","2018","120","CMR","Cameroon","X","Export","300","GRC","Greece","0","W00","World","H4","HS","true","TOTAL","All Commodities","0","false","C00","TOTAL CPC","0","0","TOTAL MOT","-1","N/A","0","false","-1","N/A","0","false","0","false","0","false","0","1979530.437","1979530.437","0","false","true",
"C","A","20180101","2018","52","2018","120","CMR","Cameroon","X","Export","320","GTM","Guatemala","0","W00","World","H4","HS","true","TOTAL","All Commodities","0","false","C00","TOTAL CPC","0","0","TOTAL MOT","-1","N/A","0","false","-1","N/A","0","false","0","false","0","false","0","24265.114","24265.114","0","false","true",
"C","A","20180101","2018","52","2018","120","CMR","Cameroon","X","Export","324","GIN","Guinea","0","W00","World","H4","HS","true","TOTAL","All Commodities","0","false","C00","TOTAL CPC","0","0","TOTAL MOT","-1","N/A","0","false","-1","N/A","0","false","0","false","0","false","0","875472.051","875472.051","0","false","true",
"C","A","20180101","2018","52","2018","120","CMR","Cameroon","X","Export","334","HMD","Heard Island and McDonald Islands","0","W00","World","H4","HS","true","TOTAL","All Commodities","0","false","C00","TOTAL CPC","0","0","TOTAL MOT","-1","N/A","0","false","-1","N/A","0","false","0","false","0","false","0","115896.604","115896.604","0","false","true",
"C","A","20180101","2018","52","2018","120","CMR","Cameroon","X","Export","344","HKG","China, Hong Kong SAR","0","W00","World","H4","HS","true","TOTAL","All Commodities","0","false","C00","TOTAL CPC","0","0","TOTAL MOT","-1","N/A","0","false","-1","N/A","0","false","0","false","0","false","0","273227.599","273227.599","0","false","true",
"C","A","20180101","2018","52","2018","120","CMR","Cameroon","X","Export","348","HUN","Hungary","0","W00","World","H4","HS","true","TOTAL","All Commodities","0","false","C00","TOTAL CPC","0","0","TOTAL MOT","-1","N/A","0","false","-1","N/A","0","false","0","false","0","false","0","5072242.708","5072242.708","0","false","true",
"C","A","20180101","2018","52","2018","120","CMR","Cameroon","X","Export","360","IDN","Indonesia","0","W00","World","H4","HS","true","TOTAL","All Commodities","0","false","C00","TOTAL CPC","0","0","TOTAL MOT","-1","N/A","0","false","-1","N/A","0","false","0","false","0","false","0","42848401.745","42848401.745","0","false","true",
"C","A","20180101","2018","52","2018","120","CMR","Cameroon","X","Export","364","IRN","Iran","0","W00","World","H4","HS","true","TOTAL","All Commodities","0","false","C00","TOTAL CPC","0","0","TOTAL MOT","-1","N/A","0","false","-1","N/A","0","false","0","false","0","false","0","253083.329","253083.329","0","false","true",
"C","A","20180101","2018","52","2018","120","CMR","Cameroon","X","Export","368","IRQ","Iraq","0","W00","World","H4","HS","true","TOTAL","All Commodities","0","false","C00","TOTAL CPC","0","0","TOTAL MOT","-1","N/A","0","false","-1","N/A","0","false","0","false","0","false","0","89761.662","89761.662","0","false","true",
"C","A","20180101","2018","52","2018","120","CMR","Cameroon","X","Export","372","IRL","Ireland","0","W00","World","H4","HS","true","TOTAL","All Commodities","0","false","C00","TOTAL CPC","0","0","TOTAL MOT","-1","N/A","0","false","-1","N/A","0","false","0","false","0","false","0","7872247.843","7872247.843","0","false","true",
"C","A","20180101","2018","52","2018","120","CMR","Cameroon","X","Export","376","ISR","Israel","0","W00","World","H4","HS","true","TOTAL","All Commodities","0","false","C00","TOTAL CPC","0","0","TOTAL MOT","-1","N/A","0","false","-1","N/A","0","false","0","false","0","false","0","135883.978","135883.978","0","false","true",
"C","A","20180101","2018","52","2018","120","CMR","Cameroon","X","Export","380","ITA","Italy","0","W00","World","H4","HS","true","TOTAL","All Commodities","0","false","C00","TOTAL CPC","0","0","TOTAL MOT","-1","N/A","0","false","-1","N/A","0","false","0","true","0","false","0","521520098.365","521520098.365","4","false","true",
"C","A","20180101","2018","52","2018","120","CMR","Cameroon","X","Export","384","CIV","Côte d'Ivoire","0","W00","World","H4","HS","true","TOTAL","All Commodities","0","false","C00","TOTAL CPC","0","0","TOTAL MOT","-1","N/A","0","false","-1","N/A","0","false","0","false","0","false","0","7321638.103","7321638.103","0","false","true",
"C","A","20180101","2018","52","2018","120","CMR","Cameroon","X","Export","392","JPN","Japan","0","W00","World","H4","HS","true","TOTAL","All Commodities","0","false","C00","TOTAL CPC","0","0","TOTAL MOT","-1","N/A","0","false","-1","N/A","0","false","0","false","0","false","0","1195324.884","1195324.884","0","false","true",
"C","A","20180101","2018","52","2018","120","CMR","Cameroon","X","Export","398","KAZ","Kazakhstan","0","W00","World","H4","HS","true","TOTAL","All Commodities","0","false","C00","TOTAL CPC","0","0","TOTAL MOT","-1","N/A","0","false","-1","N/A","0","false","0","false","0","false","0","1456.395","1456.395","0","false","true",
"C","A","20180101","2018","52","2018","120","CMR","Cameroon","X","Export","400","JOR","Jordan","0","W00","World","H4","HS","true","TOTAL","All Commodities","0","false","C00","TOTAL CPC","0","0","TOTAL MOT","-1","N/A","0","false","-1","N/A","0","false","0","false","0","false","0","384631.623","384631.623","0","false","true",
"C","A","20180101","2018","52","2018","120","CMR","Cameroon","X","Export","404","KEN","Kenya","0","W00","World","H4","HS","true","TOTAL","All Commodities","0","false","C00","TOTAL CPC","0","0","TOTAL MOT","-1","N/A","0","false","-1","N/A","0","false","0","false","0","false","0","62427.443","62427.443","0","false","true",
"C","A","20180101","2018","52","2018","120","CMR","Cameroon","X","Export","408","PRK","Dem. People's Rep. of Korea","0","W00","World","H4","HS","true","TOTAL","All Commodities","0","false","C00","TOTAL CPC","0","0","TOTAL MOT","-1","N/A","0","false","-1","N/A","0","false","0","false","0","false","0","59647.295","59647.295","0","false","true",
"C","A","20180101","2018","52","2018","120","CMR","Cameroon","X","Export","410","KOR","Rep. of Korea","0","W00","World","H4","HS","true","TOTAL","All Commodities","0","false","C00","TOTAL CPC","0","0","TOTAL MOT","-1","N/A","0","false","-1","N/A","0","false","0","false","0","false","0","552819.245","552819.245","0","false","true",
"C","A","20180101","2018","52","2018","120","CMR","Cameroon","X","Export","414","KWT","Kuwait","0","W00","World","H4","HS","true","TOTAL","All Commodities","0","false","C00","TOTAL CPC","0","0","TOTAL MOT","-1","N/A","0","false","-1","N/A","0","false","0","false","0","false","0","108260.777","108260.777","0","false","true",
"C","A","20180101","2018","52","2018","120","CMR","Cameroon","X","Export","422","LBN","Lebanon","0","W00","World","H4","HS","true","TOTAL","All Commodities","0","false","C00","TOTAL CPC","0","0","TOTAL MOT","-1","N/A","0","false","-1","N/A","0","false","0","false","0","false","0","2737894.137","2737894.137","0","false","true",
"C","A","20180101","2018","52","2018","120","CMR","Cameroon","X","Export","430","LBR","Liberia","0","W00","World","H4","HS","true","TOTAL","All Commodities","0","false","C00","TOTAL CPC","0","0","TOTAL MOT","-1","N/A","0","false","-1","N/A","0","false","0","false","0","false","0","1232.055","1232.055","0","false","true",
"C","A","20180101","2018","52","2018","120","CMR","Cameroon","X","Export","434","LBY","Libya","0","W00","World","H4","HS","true","TOTAL","All Commodities","0","false","C00","TOTAL CPC","0","0","TOTAL MOT","-1","N/A","0","false","-1","N/A","0","false","0","false","0","false","0","90.063","90.063","0","false","true",
"C","A","20180101","2018","52","2018","120","CMR","Cameroon","X","Export","442","LUX","Luxembourg","0","W00","World","H4","HS","true","TOTAL","All Commodities","0","false","C00","TOTAL CPC","0","0","TOTAL MOT","-1","N/A","0","false","-1","N/A","0","false","0","false","0","false","0","863646.144","863646.144","0","false","true",
"C","A","20180101","2018","52","2018","120","CMR","Cameroon","X","Export","450","MDG","Madagascar","0","W00","World","H4","HS","true","TOTAL","All Commodities","0","false","C00","TOTAL CPC","0","0","TOTAL MOT","-1","N/A","0","false","-1","N/A","0","false","0","false","0","false","0","5.404","5.404","0","false","true",
"C","A","20180101","2018","52","2018","120","CMR","Cameroon","X","Export","458","MYS","Malaysia","0","W00","World","H4","HS","true","TOTAL","All Commodities","0","false","C00","TOTAL CPC","0","0","TOTAL MOT","-1","N/A","0","false","-1","N/A","0","false","0","false","0","false","0","115899312.605","115899312.605","0","false","true",
"C","A","20180101","2018","52","2018","120","CMR","Cameroon","X","Export","466","MLI","Mali","0","W00","World","H4","HS","true","TOTAL","All Commodities","0","false","C00","TOTAL CPC","0","0","TOTAL MOT","-1","N/A","0","false","-1","N/A","0","false","0","false","0","false","0","601170.732","601170.732","0","false","true",
"C","A","20180101","2018","52","2018","120","CMR","Cameroon","X","Export","470","MLT","Malta","0","W00","World","H4","HS","true","TOTAL","All Commodities","0","false","C00","TOTAL CPC","0","0","TOTAL MOT","-1","N/A","0","false","-1","N/A","0","false","0","false","0","false","0","26156194.525","26156194.525","0","false","true",
"C","A","20180101","2018","52","2018","120","CMR","Cameroon","X","Export","478","MRT","Mauritania","0","W00","World","H4","HS","true","TOTAL","All Commodities","0","false","C00","TOTAL CPC","0","0","TOTAL MOT","-1","N/A","0","false","-1","N/A","0","false","0","false","0","false","0","99681.584","99681.584","0","false","true",
"C","A","20180101","2018","52","2018","120","CMR","Cameroon","X","Export","480","MUS","Mauritius","0","W00","World","H4","HS","true","TOTAL","All Commodities","0","false","C00","TOTAL CPC","0","0","TOTAL MOT","-1","N/A","0","false","-1","N/A","0","false","0","false","0","false","0","1389913.605","1389913.605","0","false","true",
"C","A","20180101","2018","52","2018","120","CMR","Cameroon","X","Export","484","MEX","Mexico","0","W00","World","H4","HS","true","TOTAL","All Commodities","0","false","C00","TOTAL CPC","0","0","TOTAL MOT","-1","N/A","0","false","-1","N/A","0","false","0","false","0","false","0","931790.056","931790.056","0","false","true",
"C","A","20180101","2018","52","2018","120","CMR","Cameroon","X","Export","490","S19","Other Asia, nes","0","W00","World","H4","HS","true","TOTAL","All Commodities","0","false","C00","TOTAL CPC","0","0","TOTAL MOT","-1","N/A","0","false","-1","N/A","0","false","0","false","0","false","0","16174841.395","16174841.395","0","false","true",
"C","A","20180101","2018","52","2018","120","CMR","Cameroon","X","Export","499","MNE","Montenegro","0","W00","World","H4","HS","true","TOTAL","All Commodities","0","false","C00","TOTAL CPC","0","0","TOTAL MOT","-1","N/A","0","false","-1","N/A","0","false","0","false","0","false","0","392071.308","392071.308","0","false","true",
"C","A","20180101","2018","52","2018","120","CMR","Cameroon","X","Export","504","MAR","Morocco","0","W00","World","H4","HS","true","TOTAL","All Commodities","0","false","C00","TOTAL CPC","0","0","TOTAL MOT","-1","N/A","0","false","-1","N/A","0","false","0","false","0","false","0","2068006.452","2068006.452","0","false","true",
"C","A","20180101","2018","52","2018","120","CMR","Cameroon","X","Export","508","MOZ","Mozambique","0","W00","World","H4","HS","true","TOTAL","All Commodities","0","false","C00","TOTAL CPC","0","0","TOTAL MOT","-1","N/A","0","false","-1","N/A","0","false","0","false","0","false","0","8000.85","8000.85","0","false","true",
"C","A","20180101","2018","52","2018","120","CMR","Cameroon","X","Export","512","OMN","Oman","0","W00","World","H4","HS","true","TOTAL","All Commodities","0","false","C00","TOTAL CPC","0","0","TOTAL MOT","-1","N/A","0","false","-1","N/A","0","false","0","false","0","false","0","49775.86","49775.86","0","false","true",
"C","A","20180101","2018","52","2018","120","CMR","Cameroon","X","Export","528","NLD","Netherlands","0","W00","World","H4","HS","true","TOTAL","All Commodities","0","false","C00","TOTAL CPC","0","0","TOTAL MOT","-1","N/A","0","false","-1","N/A","0","false","0","false","0","false","0","369533314.433","369533314.433","0","false","true",
"C","A","20180101","2018","52","2018","120","CMR","Cameroon","X","Export","554","NZL","New Zealand","0","W00","World","H4","HS","true","TOTAL","All Commodities","0","false","C00","TOTAL CPC","0","0","TOTAL MOT","-1","N/A","0","false","-1","N/A","0","false","0","false","0","false","0","1236021.581","1236021.581","0","false","true",
"C","A","20180101","2018","52","2018","120","CMR","Cameroon","X","Export","558","NIC","Nicaragua","0","W00","World","H4","HS","true","TOTAL","All Commodities","0","false","C00","TOTAL CPC","0","0","TOTAL MOT","-1","N/A","0","false","-1","N/A","0","false","0","false","0","false","0","844133.207","844133.207","0","false","true",
"C","A","20180101","2018","52","2018","120","CMR","Cameroon","X","Export","562","NER","Niger","0","W00","World","H4","HS","true","TOTAL","All Commodities","0","false","C00","TOTAL CPC","0","0","TOTAL MOT","-1","N/A","0","false","-1","N/A","0","false","0","false","0","false","0","163808.752","163808.752","0","false","true",
"C","A","20180101","2018","52","2018","120","CMR","Cameroon","X","Export","566","NGA","Nigeria","0","W00","World","H4","HS","true","TOTAL","All Commodities","0","false","C00","TOTAL CPC","0","0","TOTAL MOT","-1","N/A","0","false","-1","N/A","0","false","0","false","0","false","0","32822796.509","32822796.509","0","false","true",
"C","A","20180101","2018","52","2018","120","CMR","Cameroon","X","Export","579","NOR","Norway","0","W00","World","H4","HS","true","TOTAL","All Commodities","0","false","C00","TOTAL CPC","0","0","TOTAL MOT","-1","N/A","0","false","-1","N/A","0","false","0","true","0","false","0","531064.544","531064.544","4","false","true",
"C","A","20180101","2018","52","2018","120","CMR","Cameroon","X","Export","586","PAK","Pakistan","0","W00","World","H4","HS","true","TOTAL","All Commodities","0","false","C00","TOTAL CPC","0","0","TOTAL MOT","-1","N/A","0","false","-1","N/A","0","false","0","false","0","false","0","2449564.052","2449564.052","0","false","true",
"C","A","20180101","2018","52","2018","120","CMR","Cameroon","X","Export","591","PAN","Panama","0","W00","World","H4","HS","true","TOTAL","All Commodities","0","false","C00","TOTAL CPC","0","0","TOTAL MOT","-1","N/A","0","false","-1","N/A","0","false","0","false","0","false","0","49430.122","49430.122","0","false","true",
"C","A","20180101","2018","52","2018","120","CMR","Cameroon","X","Export","608","PHL","Philippines","0","W00","World","H4","HS","true","TOTAL","All Commodities","0","false","C00","TOTAL CPC","0","0","TOTAL MOT","-1","N/A","0","false","-1","N/A","0","false","0","false","0","false","0","65310.738","65310.738","0","false","true",
"C","A","20180101","2018","52","2018","120","CMR","Cameroon","X","Export","616","POL","Poland","0","W00","World","H4","HS","true","TOTAL","All Commodities","0","false","C00","TOTAL CPC","0","0","TOTAL MOT","-1","N/A","0","false","-1","N/A","0","false","0","false","0","false","0","1581211.454","1581211.454","0","false","true",
"C","A","20180101","2018","52","2018","120","CMR","Cameroon","X","Export","620","PRT","Portugal","0","W00","World","H4","HS","true","TOTAL","All Commodities","0","false","C00","TOTAL CPC","0","0","TOTAL MOT","-1","N/A","0","false","-1","N/A","0","false","0","false","0","false","0","8278888.931","8278888.931","0","false","true",
"C","A","20180101","2018","52","2018","120","CMR","Cameroon","X","Export","634","QAT","Qatar","0","W00","World","H4","HS","true","TOTAL","All Commodities","0","false","C00","TOTAL CPC","0","0","TOTAL MOT","-1","N/A","0","false","-1","N/A","0","false","0","false","0","false","0","454168.854","454168.854","0","false","true",
"C","A","20180101","2018","52","2018","120","CMR","Cameroon","X","Export","642","ROU","Romania","0","W00","World","H4","HS","true","TOTAL","All Commodities","0","false","C00","TOTAL CPC","0","0","TOTAL MOT","-1","N/A","0","false","-1","N/A","0","false","0","false","0","false","0","1159493.573","1159493.573","0","false","true",
"C","A","20180101","2018","52","2018","120","CMR","Cameroon","X","Export","643","RUS","Russian Federation","0","W00","World","H4","HS","true","TOTAL","All Commodities","0","false","C00","TOTAL CPC","0","0","TOTAL MOT","-1","N/A","0","false","-1","N/A","0","false","0","false","0","false","0","573508.079","573508.079","0","false","true",
"C","A","20180101","2018","52","2018","120","CMR","Cameroon","X","Export","646","RWA","Rwanda","0","W00","World","H4","HS","true","TOTAL","All Commodities","0","false","C00","TOTAL CPC","0","0","TOTAL MOT","-1","N/A","0","false","-1","N/A","0","false","0","false","0","false","0","136508.781","136508.781","0","false","true",
"C","A","20180101","2018","52","2018","120","CMR","Cameroon","X","Export","674","SMR","San Marino","0","W00","World","H4","HS","true","TOTAL","All Commodities","0","false","C00","TOTAL CPC","0","0","TOTAL MOT","-1","N/A","0","false","-1","N/A","0","false","0","false","0","false","0","43855.52","43855.52","0","false","true",
"C","A","20180101","2018","52","2018","120","CMR","Cameroon","X","Export","678","STP","Sao Tome and Principe","0","W00","World","H4","HS","true","TOTAL","All Commodities","0","false","C00","TOTAL CPC","0","0","TOTAL MOT","-1","N/A","0","false","-1","N/A","0","false","0","false","0","false","0","83762.909","83762.909","0","false","true",
"C","A","20180101","2018","52","2018","120","CMR","Cameroon","X","Export","682","SAU","Saudi Arabia","0","W00","World","H4","HS","true","TOTAL","All Commodities","0","false","C00","TOTAL CPC","0","0","TOTAL MOT","-1","N/A","0","false","-1","N/A","0","false","0","false","0","false","0","2531868.172","2531868.172","0","false","true",
"C","A","20180101","2018","52","2018","120","CMR","Cameroon","X","Export","686","SEN","Senegal","0","W00","World","H4","HS","true","TOTAL","All Commodities","0","false","C00","TOTAL CPC","0","0","TOTAL MOT","-1","N/A","0","false","-1","N/A","0","false","0","false","0","false","0","30881734.561","30881734.561","0","false","true",
"C","A","20180101","2018","52","2018","120","CMR","Cameroon","X","Export","694","SLE","Sierra Leone","0","W00","World","H4","HS","true","TOTAL","All Commodities","0","false","C00","TOTAL CPC","0","0","TOTAL MOT","-1","N/A","0","false","-1","N/A","0","false","0","false","0","false","0","4277.969","4277.969","0","false","true",
"C","A","20180101","2018","52","2018","120","CMR","Cameroon","X","Export","699","IND","India","0","W00","World","H4","HS","true","TOTAL","All Commodities","0","false","C00","TOTAL CPC","0","0","TOTAL MOT","-1","N/A","0","false","-1","N/A","0","false","0","false","0","false","0","209866196.891","209866196.891","0","false","true",
"C","A","20180101","2018","52","2018","120","CMR","Cameroon","X","Export","702","SGP","Singapore","0","W00","World","H4","HS","true","TOTAL","All Commodities","0","false","C00","TOTAL CPC","0","0","TOTAL MOT","-1","N/A","0","false","-1","N/A","0","false","0","false","0","false","0","2831766.855","2831766.855","0","false","true",
"C","A","20180101","2018","52","2018","120","CMR","Cameroon","X","Export","704","VNM","Viet Nam","0","W00","World","H4","HS","true","TOTAL","All Commodities","0","false","C00","TOTAL CPC","0","0","TOTAL MOT","-1","N/A","0","false","-1","N/A","0","false","0","false","0","false","0","116493862.583","116493862.583","0","false","true",
"C","A","20180101","2018","52","2018","120","CMR","Cameroon","X","Export","705","SVN","Slovenia","0","W00","World","H4","HS","true","TOTAL","All Commodities","0","false","C00","TOTAL CPC","0","0","TOTAL MOT","-1","N/A","0","false","-1","N/A","0","false","0","false","0","false","0","303810.616","303810.616","0","false","true",
"C","A","20180101","2018","52","2018","120","CMR","Cameroon","X","Export","710","ZAF","South Africa","0","W00","World","H4","HS","true","TOTAL","All Commodities","0","false","C00","TOTAL CPC","0","0","TOTAL MOT","-1","N/A","0","false","-1","N/A","0","false","0","true","0","false","0","3243906.482","3243906.482","4","false","true",
"C","A","20180101","2018","52","2018","120","CMR","Cameroon","X","Export","716","ZWE","Zimbabwe","0","W00","World","H4","HS","true","TOTAL","All Commodities","0","false","C00","TOTAL CPC","0","0","TOTAL MOT","-1","N/A","0","false","-1","N/A","0","false","0","false","0","false","0","32702.884","32702.884","0","false","true",
"C","A","20180101","2018","52","2018","120","CMR","Cameroon","X","Export","724","ESP","Spain","0","W00","World","H4","HS","true","TOTAL","All Commodities","0","false","C00","TOTAL CPC","0","0","TOTAL MOT","-1","N/A","0","false","-1","N/A","0","false","0","false","0","false","0","224172119.858","224172119.858","0","false","true",
"C","A","20180101","2018","52","2018","120","CMR","Cameroon","X","Export","729","SDN","Sudan","0","W00","World","H4","HS","true","TOTAL","All Commodities","0","false","C00","TOTAL CPC","0","0","TOTAL MOT","-1","N/A","0","false","-1","N/A","0","false","0","false","0","false","0","1260.875","1260.875","0","false","true",
"C","A","20180101","2018","52","2018","120","CMR","Cameroon","X","Export","740","SUR","Suriname","0","W00","World","H4","HS","true","TOTAL","All Commodities","0","false","C00","TOTAL CPC","0","0","TOTAL MOT","-1","N/A","0","false","-1","N/A","0","false","0","false","0","false","0","17557.978","17557.978","0","false","true",
"C","A","20180101","2018","52","2018","120","CMR","Cameroon","X","Export","748","SWZ","Eswatini","0","W00","World","H4","HS","true","TOTAL","All Commodities","0","false","C00","TOTAL CPC","0","0","TOTAL MOT","-1","N/A","0","false","-1","N/A","0","false","0","false","0","false","0","21267.766","21267.766","0","false","true",
"C","A","20180101","2018","52","2018","120","CMR","Cameroon","X","Export","752","SWE","Sweden","0","W00","World","H4","HS","true","TOTAL","All Commodities","0","false","C00","TOTAL CPC","0","0","TOTAL MOT","-1","N/A","0","false","-1","N/A","0","false","0","false","0","false","0","217613.368","217613.368","0","false","true",
"C","A","20180101","2018","52","2018","120","CMR","Cameroon","X","Export","757","CHE","Switzerland","0","W00","World","H4","HS","true","TOTAL","All Commodities","0","false","C00","TOTAL CPC","0","0","TOTAL MOT","-1","N/A","0","false","-1","N/A","0","false","0","false","0","false","0","27639.191","27639.191","0","false","true",
"C","A","20180101","2018","52","2018","120","CMR","Cameroon","X","Export","760","SYR","Syria","0","W00","World","H4","HS","true","TOTAL","All Commodities","0","false","C00","TOTAL CPC","0","0","TOTAL MOT","-1","N/A","0","false","-1","N/A","0","false","0","false","0","false","0","11330.696","11330.696","0","false","true",
"C","A","20180101","2018","52","2018","120","CMR","Cameroon","X","Export","764","THA","Thailand","0","W00","World","H4","HS","true","TOTAL","All Commodities","0","false","C00","TOTAL CPC","0","0","TOTAL MOT","-1","N/A","0","false","-1","N/A","0","false","0","false","0","false","0","1285401.924","1285401.924","0","false","true",
"C","A","20180101","2018","52","2018","120","CMR","Cameroon","X","Export","768","TGO","Togo","0","W00","World","H4","HS","true","TOTAL","All Commodities","0","false","C00","TOTAL CPC","0","0","TOTAL MOT","-1","N/A","0","false","-1","N/A","0","false","0","false","0","false","0","12554533.427","12554533.427","0","false","true",
"C","A","20180101","2018","52","2018","120","CMR","Cameroon","X","Export","784","ARE","United Arab Emirates","0","W00","World","H4","HS","true","TOTAL","All Commodities","0","false","C00","TOTAL CPC","0","0","TOTAL MOT","-1","N/A","0","false","-1","N/A","0","false","0","false","0","false","0","13495988.314","13495988.314","0","false","true",
"C","A","20180101","2018","52","2018","120","CMR","Cameroon","X","Export","788","TUN","Tunisia","0","W00","World","H4","HS","true","TOTAL","All Commodities","0","false","C00","TOTAL CPC","0","0","TOTAL MOT","-1","N/A","0","false","-1","N/A","0","false","0","false","0","false","0","926157.312","926157.312","0","false","true",
"C","A","20180101","2018","52","2018","120","CMR","Cameroon","X","Export","792","TUR","Türkiye","0","W00","World","H4","HS","true","TOTAL","All Commodities","0","false","C00","TOTAL CPC","0","0","TOTAL MOT","-1","N/A","0","false","-1","N/A","0","false","0","false","0","false","0","32932281.329","32932281.329","0","false","true",
"C","A","20180101","2018","52","2018","120","CMR","Cameroon","X","Export","796","TCA","Turks and Caicos Isds","0","W00","World","H4","HS","true","TOTAL","All Commodities","0","false","C00","TOTAL CPC","0","0","TOTAL MOT","-1","N/A","0","false","-1","N/A","0","false","0","false","0","false","0","261856.083","261856.083","0","false","true",
"C","A","20180101","2018","52","2018","120","CMR","Cameroon","X","Export","800","UGA","Uganda","0","W00","World","H4","HS","true","TOTAL","All Commodities","0","false","C00","TOTAL CPC","0","0","TOTAL MOT","-1","N/A","0","false","-1","N/A","0","false","0","false","0","false","0","64484.804","64484.804","0","false","true",
"C","A","20180101","2018","52","2018","120","CMR","Cameroon","X","Export","818","EGY","Egypt","0","W00","World","H4","HS","true","TOTAL","All Commodities","0","false","C00","TOTAL CPC","0","0","TOTAL MOT","-1","N/A","0","false","-1","N/A","0","false","0","false","0","false","0","981458.266","981458.266","0","false","true",
"C","A","20180101","2018","52","2018","120","CMR","Cameroon","X","Export","826","GBR","United Kingdom","0","W00","World","H4","HS","true","TOTAL","All Commodities","0","false","C00","TOTAL CPC","0","0","TOTAL MOT","-1","N/A","0","false","-1","N/A","0","false","0","true","0","false","0","26326723.553","26326723.553","4","false","true",
"C","A","20180101","2018","52","2018","120","CMR","Cameroon","X","Export","834","TZA","United Rep. of Tanzania","0","W00","World","H4","HS","true","TOTAL","All Commodities","0","false","C00","TOTAL CPC","0","0","TOTAL MOT","-1","N/A","0","false","-1","N/A","0","false","0","false","0","false","0","102429.266","102429.266","0","false","true",
"C","A","20180101","2018","52","2018","120","CMR","Cameroon","X","Export","842","USA","USA","0","W00","World","H4","HS","true","TOTAL","All Commodities","0","false","C00","TOTAL CPC","0","0","TOTAL MOT","-1","N/A","0","false","-1","N/A","0","false","0","true","0","false","0","107073504.68","107073504.68","4","false","true",
"C","A","20180101","2018","52","2018","120","CMR","Cameroon","X","Export","854","BFA","Burkina Faso","0","W00","World","H4","HS","true","TOTAL","All Commodities","0","false","C00","TOTAL CPC","0","0","TOTAL MOT","-1","N/A","0","false","-1","N/A","0","false","0","false","0","false","0","5327334.845","5327334.845","0","false","true",
"C","A","20180101","2018","52","2018","120","CMR","Cameroon","X","Export","887","YEM","Yemen","0","W00","World","H4","HS","true","TOTAL","All Commodities","0","false","C00","TOTAL CPC","0","0","TOTAL MOT","-1","N/A","0","false","-1","N/A","0","false","0","false","0","false","0","83219.694","83219.694","0","false","true",
"C","A","20190101","2019","52","2019","120","CMR","Cameroon","M","Import","0","W00","World","0","W00","World","H5","HS","true","TOTAL","All Commodities","0","false","C00","TOTAL CPC","0","0","TOTAL MOT","-1","N/A","0","false","-1","N/A","0","false","0","true","0","false","6561572963.703",,"6561572963.703","4","false","true",
"C","A","20190101","2019","52","2019","120","CMR","Cameroon","M","Import","4","AFG","Afghanistan","0","W00","World","H5","HS","true","TOTAL","All Commodities","0","false","C00","TOTAL CPC","0","0","TOTAL MOT","-1","N/A","0","false","-1","N/A","0","false","0","false","0","false","1353.3",,"1353.3","0","false","true",
"C","A","20190101","2019","52","2019","120","CMR","Cameroon","M","Import","8","ALB","Albania","0","W00","World","H5","HS","true","TOTAL","All Commodities","0","false","C00","TOTAL CPC","0","0","TOTAL MOT","-1","N/A","0","false","-1","N/A","0","false","0","false","0","false","160320.54",,"160320.54","0","false","true",
"C","A","20190101","2019","52","2019","120","CMR","Cameroon","M","Import","10","ATA","Antarctica","0","W00","World","H5","HS","true","TOTAL","All Commodities","0","false","C00","TOTAL CPC","0","0","TOTAL MOT","-1","N/A","0","false","-1","N/A","0","false","0","false","0","false","944.79",,"944.79","0","false","true",
"C","A","20190101","2019","52","2019","120","CMR","Cameroon","M","Import","12","DZA","Algeria","0","W00","World","H5","HS","true","TOTAL","All Commodities","0","false","C00","TOTAL CPC","0","0","TOTAL MOT","-1","N/A","0","false","-1","N/A","0","false","0","false","0","false","18109051.71",,"18109051.71","0","false","true",
"C","A","20190101","2019","52","2019","120","CMR","Cameroon","M","Import","16","ASM","American Samoa","0","W00","World","H5","HS","true","TOTAL","All Commodities","0","false","C00","TOTAL CPC","0","0","TOTAL MOT","-1","N/A","0","false","-1","N/A","0","false","0","false","0","false","1294.01",,"1294.01","0","false","true",
"C","A","20190101","2019","52","2019","120","CMR","Cameroon","M","Import","20","AND","Andorra","0","W00","World","H5","HS","true","TOTAL","All Commodities","0","false","C00","TOTAL CPC","0","0","TOTAL MOT","-1","N/A","0","false","-1","N/A","0","false","0","false","0","false","10293.95",,"10293.95","0","false","true",
"C","A","20190101","2019","52","2019","120","CMR","Cameroon","M","Import","24","AGO","Angola","0","W00","World","H5","HS","true","TOTAL","All Commodities","0","false","C00","TOTAL CPC","0","0","TOTAL MOT","-1","N/A","0","false","-1","N/A","0","false","0","false","0","false","1525434.36",,"1525434.36","0","false","true",
"C","A","20190101","2019","52","2019","120","CMR","Cameroon","M","Import","28","ATG","Antigua and Barbuda","0","W00","World","H5","HS","true","TOTAL","All Commodities","0","false","C00","TOTAL CPC","0","0","TOTAL MOT","-1","N/A","0","false","-1","N/A","0","false","0","false","0","false","4951.88",,"4951.88","0","false","true",
"C","A","20190101","2019","52","2019","120","CMR","Cameroon","M","Import","31","AZE","Azerbaijan","0","W00","World","H5","HS","true","TOTAL","All Commodities","0","false","C00","TOTAL CPC","0","0","TOTAL MOT","-1","N/A","0","false","-1","N/A","0","false","0","false","0","false","93.86",,"93.86","0","false","true",
"C","A","20190101","2019","52","2019","120","CMR","Cameroon","M","Import","32","ARG","Argentina","0","W00","World","H5","HS","true","TOTAL","All Commodities","0","false","C00","TOTAL CPC","0","0","TOTAL MOT","-1","N/A","0","false","-1","N/A","0","false","0","false","0","false","62812911.51",,"62812911.51","0","false","true",
"C","A","20190101","2019","52","2019","120","CMR","Cameroon","M","Import","36","AUS","Australia","0","W00","World","H5","HS","true","TOTAL","All Commodities","0","false","C00","TOTAL CPC","0","0","TOTAL MOT","-1","N/A","0","false","-1","N/A","0","false","0","true","0","false","3154040",,"3154040","4","false","true",
"C","A","20190101","2019","52","2019","120","CMR","Cameroon","M","Import","40","AUT","Austria","0","W00","World","H5","HS","true","TOTAL","All Commodities","0","false","C00","TOTAL CPC","0","0","TOTAL MOT","-1","N/A","0","false","-1","N/A","0","false","0","true","0","false","10272179.28",,"10272179.28","4","false","true",
"C","A","20190101","2019","52","2019","120","CMR","Cameroon","M","Import","44","BHS","Bahamas","0","W00","World","H5","HS","true","TOTAL","All Commodities","0","false","C00","TOTAL CPC","0","0","TOTAL MOT","-1","N/A","0","false","-1","N/A","0","false","0","false","0","false","88924",,"88924","0","false","true",
"C","A","20190101","2019","52","2019","120","CMR","Cameroon","M","Import","48","BHR","Bahrain","0","W00","World","H5","HS","true","TOTAL","All Commodities","0","false","C00","TOTAL CPC","0","0","TOTAL MOT","-1","N/A","0","false","-1","N/A","0","false","0","false","0","false","7843.32",,"7843.32","0","false","true",
"C","A","20190101","2019","52","2019","120","CMR","Cameroon","M","Import","50","BGD","Bangladesh","0","W00","World","H5","HS","true","TOTAL","All Commodities","0","false","C00","TOTAL CPC","0","0","TOTAL MOT","-1","N/A","0","false","-1","N/A","0","false","0","true","0","false","748872.83",,"748872.83","4","false","true",
"C","A","20190101","2019","52","2019","120","CMR","Cameroon","M","Import","51","ARM","Armenia","0","W00","World","H5","HS","true","TOTAL","All Commodities","0","false","C00","TOTAL CPC","0","0","TOTAL MOT","-1","N/A","0","false","-1","N/A","0","false","0","false","0","false","125816.75",,"125816.75","0","false","true",
"C","A","20190101","2019","52","2019","120","CMR","Cameroon","M","Import","52","BRB","Barbados","0","W00","World","H5","HS","true","TOTAL","All Commodities","0","false","C00","TOTAL CPC","0","0","TOTAL MOT","-1","N/A","0","false","-1","N/A","0","false","0","false","0","false","872.73",,"872.73","0","false","true",
"C","A","20190101","2019","52","2019","120","CMR","Cameroon","M","Import","56","BEL","Belgium","0","W00","World","H5","HS","true","TOTAL","All Commodities","0","false","C00","TOTAL CPC","0","0","TOTAL MOT","-1","N/A","0","false","-1","N/A","0","false","0","true","0","false","375391766.29",,"375391766.29","4","false","true",
"C","A","20190101","2019","52","2019","120","CMR","Cameroon","M","Import","60","BMU","Bermuda","0","W00","World","H5","HS","true","TOTAL","All Commodities","0","false","C00","TOTAL CPC","0","0","TOTAL MOT","-1","N/A","0","false","-1","N/A","0","false","0","false","0","false","3.87",,"3.87","0","false","true",
"C","A","20190101","2019","52","2019","120","CMR","Cameroon","M","Import","64","BTN","Bhutan","0","W00","World","H5","HS","true","TOTAL","All Commodities","0","false","C00","TOTAL CPC","0","0","TOTAL MOT","-1","N/A","0","false","-1","N/A","0","false","0","false","0","false","8.17",,"8.17","0","false","true",
"C","A","20190101","2019","52","2019","120","CMR","Cameroon","M","Import","68","BOL","Bolivia (Plurinational State of)","0","W00","World","H5","HS","true","TOTAL","All Commodities","0","false","C00","TOTAL CPC","0","0","TOTAL MOT","-1","N/A","0","false","-1","N/A","0","false","0","false","0","false","119779.55",,"119779.55","0","false","true",
"C","A","20190101","2019","52","2019","120","CMR","Cameroon","M","Import","70","BIH","Bosnia Herzegovina","0","W00","World","H5","HS","true","TOTAL","All Commodities","0","false","C00","TOTAL CPC","0","0","TOTAL MOT","-1","N/A","0","false","-1","N/A","0","false","0","false","0","false","265154.37",,"265154.37","0","false","true",
"C","A","20190101","2019","52","2019","120","CMR","Cameroon","M","Import","72","BWA","Botswana","0","W00","World","H5","HS","true","TOTAL","All Commodities","0","false","C00","TOTAL CPC","0","0","TOTAL MOT","-1","N/A","0","false","-1","N/A","0","false","0","false","0","false","25991.68",,"25991.68","0","false","true",
"C","A","20190101","2019","52","2019","120","CMR","Cameroon","M","Import","74","BVT","Bouvet Island","0","W00","World","H5","HS","true","TOTAL","All Commodities","0","false","C00","TOTAL CPC","0","0","TOTAL MOT","-1","N/A","0","false","-1","N/A","0","false","0","false","0","false","5992.79",,"5992.79","0","false","true",
"C","A","20190101","2019","52","2019","120","CMR","Cameroon","M","Import","76","BRA","Brazil","0","W00","World","H5","HS","true","TOTAL","All Commodities","0","false","C00","TOTAL CPC","0","0","TOTAL MOT","-1","N/A","0","false","-1","N/A","0","false","0","true","0","false","55790699.79",,"55790699.79","4","false","true",
"C","A","20190101","2019","52","2019","120","CMR","Cameroon","M","Import","96","BRN","Brunei Darussalam","0","W00","World","H5","HS","true","TOTAL","All Commodities","0","false","C00","TOTAL CPC","0","0","TOTAL MOT","-1","N/A","0","false","-1","N/A","0","false","0","false","0","false","197.04",,"197.04","0","false","true",
"C","A","20190101","2019","52","2019","120","CMR","Cameroon","M","Import","100","BGR","Bulgaria","0","W00","World","H5","HS","true","TOTAL","All Commodities","0","false","C00","TOTAL CPC","0","0","TOTAL MOT","-1","N/A","0","false","-1","N/A","0","false","0","true","0","false","1955302.72",,"1955302.72","4","false","true",
"C","A","20190101","2019","52","2019","120","CMR","Cameroon","M","Import","104","MMR","Myanmar","0","W00","World","H5","HS","true","TOTAL","All Commodities","0","false","C00","TOTAL CPC","0","0","TOTAL MOT","-1","N/A","0","false","-1","N/A","0","false","0","false","0","false","50958400.3",,"50958400.3","0","false","true",
"C","A","20190101","2019","52","2019","120","CMR","Cameroon","M","Import","108","BDI","Burundi","0","W00","World","H5","HS","true","TOTAL","All Commodities","0","false","C00","TOTAL CPC","0","0","TOTAL MOT","-1","N/A","0","false","-1","N/A","0","false","0","false","0","false","65.2",,"65.2","0","false","true",
"C","A","20190101","2019","52","2019","120","CMR","Cameroon","M","Import","116","KHM","Cambodia","0","W00","World","H5","HS","true","TOTAL","All Commodities","0","false","C00","TOTAL CPC","0","0","TOTAL MOT","-1","N/A","0","false","-1","N/A","0","false","0","false","0","false","396225.92",,"396225.92","0","false","true",
"C","A","20190101","2019","52","2019","120","CMR","Cameroon","M","Import","124","CAN","Canada","0","W00","World","H5","HS","true","TOTAL","All Commodities","0","false","C00","TOTAL CPC","0","0","TOTAL MOT","-1","N/A","0","false","-1","N/A","0","false","0","true","0","false","71181933.519",,"71181933.519","4","false","true",
"C","A","20190101","2019","52","2019","120","CMR","Cameroon","M","Import","140","CAF","Central African Rep.","0","W00","World","H5","HS","true","TOTAL","All Commodities","0","false","C00","TOTAL CPC","0","0","TOTAL MOT","-1","N/A","0","false","-1","N/A","0","false","0","false","0","false","81603.56",,"81603.56","0","false","true",
"C","A","20190101","2019","52","2019","120","CMR","Cameroon","M","Import","144","LKA","Sri Lanka","0","W00","World","H5","HS","true","TOTAL","All Commodities","0","false","C00","TOTAL CPC","0","0","TOTAL MOT","-1","N/A","0","false","-1","N/A","0","false","0","true","0","false","366877.59",,"366877.59","4","false","true",
"C","A","20190101","2019","52","2019","120","CMR","Cameroon","M","Import","148","TCD","Chad","0","W00","World","H5","HS","true","TOTAL","All Commodities","0","false","C00","TOTAL CPC","0","0","TOTAL MOT","-1","N/A","0","false","-1","N/A","0","false","0","true","0","false","3591620.32",,"3591620.32","4","false","true",
"C","A","20190101","2019","52","2019","120","CMR","Cameroon","M","Import","152","CHL","Chile","0","W00","World","H5","HS","true","TOTAL","All Commodities","0","false","C00","TOTAL CPC","0","0","TOTAL MOT","-1","N/A","0","false","-1","N/A","0","false","0","false","0","false","2124623.48",,"2124623.48","0","false","true",
"C","A","20190101","2019","52","2019","120","CMR","Cameroon","M","Import","156","CHN","China","0","W00","World","H5","HS","true","TOTAL","All Commodities","0","false","C00","TOTAL CPC","0","0","TOTAL MOT","-1","N/A","0","false","-1","N/A","0","false","0","true","0","false","1060116318.314",,"1060116318.314","4","false","true",
"C","A","20190101","2019","52","2019","120","CMR","Cameroon","M","Import","166","CCK","Cocos Isds","0","W00","World","H5","HS","true","TOTAL","All Commodities","0","false","C00","TOTAL CPC","0","0","TOTAL MOT","-1","N/A","0","false","-1","N/A","0","false","0","false","0","false","6235.3",,"6235.3","0","false","true",
"C","A","20190101","2019","52","2019","120","CMR","Cameroon","M","Import","170","COL","Colombia","0","W00","World","H5","HS","true","TOTAL","All Commodities","0","false","C00","TOTAL CPC","0","0","TOTAL MOT","-1","N/A","0","false","-1","N/A","0","false","0","true","0","false","1891662.63",,"1891662.63","4","false","true",
"C","A","20190101","2019","52","2019","120","CMR","Cameroon","M","Import","174","COM","Comoros","0","W00","World","H5","HS","true","TOTAL","All Commodities","0","false","C00","TOTAL CPC","0","0","TOTAL MOT","-1","N/A","0","false","-1","N/A","0","false","0","false","0","false","377.84",,"377.84","0","false","true",
"C","A","20190101","2019","52","2019","120","CMR","Cameroon","M","Import","178","COG","Congo","0","W00","World","H5","HS","true","TOTAL","All Commodities","0","false","C00","TOTAL CPC","0","0","TOTAL MOT","-1","N/A","0","false","-1","N/A","0","false","0","false","0","false","25839754.51",,"25839754.51","0","false","true",
"C","A","20190101","2019","52","2019","120","CMR","Cameroon","M","Import","180","COD","Dem. Rep. of the Congo","0","W00","World","H5","HS","true","TOTAL","All Commodities","0","false","C00","TOTAL CPC","0","0","TOTAL MOT","-1","N/A","0","false","-1","N/A","0","false","0","false","0","false","102023.31",,"102023.31","0","false","true",
"C","A","20190101","2019","52","2019","120","CMR","Cameroon","M","Import","184","COK","Cook Isds","0","W00","World","H5","HS","true","TOTAL","All Commodities","0","false","C00","TOTAL CPC","0","0","TOTAL MOT","-1","N/A","0","false","-1","N/A","0","false","0","false","0","false","4432.05",,"4432.05","0","false","true",
"C","A","20190101","2019","52","2019","120","CMR","Cameroon","M","Import","188","CRI","Costa Rica","0","W00","World","H5","HS","true","TOTAL","All Commodities","0","false","C00","TOTAL CPC","0","0","TOTAL MOT","-1","N/A","0","false","-1","N/A","0","false","0","false","0","false","199932.64",,"199932.64","0","false","true",
"C","A","20190101","2019","52","2019","120","CMR","Cameroon","M","Import","191","HRV","Croatia","0","W00","World","H5","HS","true","TOTAL","All Commodities","0","false","C00","TOTAL CPC","0","0","TOTAL MOT","-1","N/A","0","false","-1","N/A","0","false","0","false","0","false","242918.02",,"242918.02","0","false","true",
"C","A","20190101","2019","52","2019","120","CMR","Cameroon","M","Import","192","CUB","Cuba","0","W00","World","H5","HS","true","TOTAL","All Commodities","0","false","C00","TOTAL CPC","0","0","TOTAL MOT","-1","N/A","0","false","-1","N/A","0","false","0","false","0","false","48.06",,"48.06","0","false","true",
"C","A","20190101","2019","52","2019","120","CMR","Cameroon","M","Import","196","CYP","Cyprus","0","W00","World","H5","HS","true","TOTAL","All Commodities","0","false","C00","TOTAL CPC","0","0","TOTAL MOT","-1","N/A","0","false","-1","N/A","0","false","0","false","0","false","171178.4",,"171178.4","0","false","true",
"C","A","20190101","2019","52","2019","120","CMR","Cameroon","M","Import","203","CZE","Czechia","0","W00","World","H5","HS","true","TOTAL","All Commodities","0","false","C00","TOTAL CPC","0","0","TOTAL MOT","-1","N/A","0","false","-1","N/A","0","false","0","true","0","false","7173557.03",,"7173557.03","4","false","true",
"C","A","20190101","2019","52","2019","120","CMR","Cameroon","M","Import","204","BEN","Benin","0","W00","World","H5","HS","true","TOTAL","All Commodities","0","false","C00","TOTAL CPC","0","0","TOTAL MOT","-1","N/A","0","false","-1","N/A","0","false","0","false","0","false","1145480.17",,"1145480.17","0","false","true",
"C","A","20190101","2019","52","2019","120","CMR","Cameroon","M","Import","208","DNK","Denmark","0","W00","World","H5","HS","true","TOTAL","All Commodities","0","false","C00","TOTAL CPC","0","0","TOTAL MOT","-1","N/A","0","false","-1","N/A","0","false","0","true","0","false","8076150.809",,"8076150.809","4","false","true",
"C","A","20190101","2019","52","2019","120","CMR","Cameroon","M","Import","214","DOM","Dominican Rep.","0","W00","World","H5","HS","true","TOTAL","All Commodities","0","false","C00","TOTAL CPC","0","0","TOTAL MOT","-1","N/A","0","false","-1","N/A","0","false","0","false","0","false","5384.85",,"5384.85","0","false","true",
"C","A","20190101","2019","52","2019","120","CMR","Cameroon","M","Import","218","ECU","Ecuador","0","W00","World","H5","HS","true","TOTAL","All Commodities","0","false","C00","TOTAL CPC","0","0","TOTAL MOT","-1","N/A","0","false","-1","N/A","0","false","0","false","0","false","37632.57",,"37632.57","0","false","true",
"C","A","20190101","2019","52","2019","120","CMR","Cameroon","M","Import","222","SLV","El Salvador","0","W00","World","H5","HS","true","TOTAL","All Commodities","0","false","C00","TOTAL CPC","0","0","TOTAL MOT","-1","N/A","0","false","-1","N/A","0","false","0","false","0","false","4333.64",,"4333.64","0","false","true",
"C","A","20190101","2019","52","2019","120","CMR","Cameroon","M","Import","226","GNQ","Equatorial Guinea","0","W00","World","H5","HS","true","TOTAL","All Commodities","0","false","C00","TOTAL CPC","0","0","TOTAL MOT","-1","N/A","0","false","-1","N/A","0","false","0","false","0","false","38354910.06",,"38354910.06","0","false","true",
"C","A","20190101","2019","52","2019","120","CMR","Cameroon","M","Import","231","ETH","Ethiopia","0","W00","World","H5","HS","true","TOTAL","All Commodities","0","false","C00","TOTAL CPC","0","0","TOTAL MOT","-1","N/A","0","false","-1","N/A","0","false","0","false","0","false","200482.35",,"200482.35","0","false","true",
"C","A","20190101","2019","52","2019","120","CMR","Cameroon","M","Import","232","ERI","Eritrea","0","W00","World","H5","HS","true","TOTAL","All Commodities","0","false","C00","TOTAL CPC","0","0","TOTAL MOT","-1","N/A","0","false","-1","N/A","0","false","0","true","0","false","4296.8",,"4296.8","4","false","true",
"C","A","20190101","2019","52","2019","120","CMR","Cameroon","M","Import","233","EST","Estonia","0","W00","World","H5","HS","true","TOTAL","All Commodities","0","false","C00","TOTAL CPC","0","0","TOTAL MOT","-1","N/A","0","false","-1","N/A","0","false","0","true","0","false","6161750.959",,"6161750.959","4","false","true",
"C","A","20190101","2019","52","2019","120","CMR","Cameroon","M","Import","246","FIN","Finland","0","W00","World","H5","HS","true","TOTAL","All Commodities","0","false","C00","TOTAL CPC","0","0","TOTAL MOT","-1","N/A","0","false","-1","N/A","0","false","0","true","0","false","18820097.74",,"18820097.74","4","false","true",
"C","A","20190101","2019","52","2019","120","CMR","Cameroon","M","Import","251","FRA","France","0","W00","World","H5","HS","true","TOTAL","All Commodities","0","false","C00","TOTAL CPC","0","0","TOTAL MOT","-1","N/A","0","false","-1","N/A","0","false","0","true","0","false","528246198.316",,"528246198.316","4","false","true",
"C","A","20190101","2019","52","2019","120","CMR","Cameroon","M","Import","262","DJI","Djibouti","0","W00","World","H5","HS","true","TOTAL","All Commodities","0","false","C00","TOTAL CPC","0","0","TOTAL MOT","-1","N/A","0","false","-1","N/A","0","false","0","false","0","false","11182.12",,"11182.12","0","false","true",
"C","A","20190101","2019","52","2019","120","CMR","Cameroon","M","Import","266","GAB","Gabon","0","W00","World","H5","HS","true","TOTAL","All Commodities","0","false","C00","TOTAL CPC","0","0","TOTAL MOT","-1","N/A","0","false","-1","N/A","0","false","0","false","0","false","22833500.04",,"22833500.04","0","false","true",
"C","A","20190101","2019","52","2019","120","CMR","Cameroon","M","Import","268","GEO","Georgia","0","W00","World","H5","HS","true","TOTAL","All Commodities","0","false","C00","TOTAL CPC","0","0","TOTAL MOT","-1","N/A","0","false","-1","N/A","0","false","0","false","0","false","117586.94",,"117586.94","0","false","true",
"C","A","20190101","2019","52","2019","120","CMR","Cameroon","M","Import","270","GMB","Gambia","0","W00","World","H5","HS","true","TOTAL","All Commodities","0","false","C00","TOTAL CPC","0","0","TOTAL MOT","-1","N/A","0","false","-1","N/A","0","false","0","false","0","false","260.24",,"260.24","0","false","true",
"C","A","20190101","2019","52","2019","120","CMR","Cameroon","M","Import","276","DEU","Germany","0","W00","World","H5","HS","true","TOTAL","All Commodities","0","false","C00","TOTAL CPC","0","0","TOTAL MOT","-1","N/A","0","false","-1","N/A","0","false","0","true","0","false","172043027.829",,"172043027.829","4","false","true",
"C","A","20190101","2019","52","2019","120","CMR","Cameroon","M","Import","288","GHA","Ghana","0","W00","World","H5","HS","true","TOTAL","All Commodities","0","false","C00","TOTAL CPC","0","0","TOTAL MOT","-1","N/A","0","false","-1","N/A","0","false","0","true","0","false","3088869.269",,"3088869.269","4","false","true",
"C","A","20190101","2019","52","2019","120","CMR","Cameroon","M","Import","292","GIB","Gibraltar","0","W00","World","H5","HS","true","TOTAL","All Commodities","0","false","C00","TOTAL CPC","0","0","TOTAL MOT","-1","N/A","0","false","-1","N/A","0","false","0","false","0","false","1675.27",,"1675.27","0","false","true",
"C","A","20190101","2019","52","2019","120","CMR","Cameroon","M","Import","300","GRC","Greece","0","W00","World","H5","HS","true","TOTAL","All Commodities","0","false","C00","TOTAL CPC","0","0","TOTAL MOT","-1","N/A","0","false","-1","N/A","0","false","0","true","0","false","36361318.99",,"36361318.99","4","false","true",
"C","A","20190101","2019","52","2019","120","CMR","Cameroon","M","Import","304","GRL","Greenland","0","W00","World","H5","HS","true","TOTAL","All Commodities","0","false","C00","TOTAL CPC","0","0","TOTAL MOT","-1","N/A","0","false","-1","N/A","0","false","0","false","0","false","31437.04",,"31437.04","0","false","true",
"C","A","20190101","2019","52","2019","120","CMR","Cameroon","M","Import","308","GRD","Grenada","0","W00","World","H5","HS","true","TOTAL","All Commodities","0","false","C00","TOTAL CPC","0","0","TOTAL MOT","-1","N/A","0","false","-1","N/A","0","false","0","false","0","false","25600.23",,"25600.23","0","false","true",
"C","A","20190101","2019","52","2019","120","CMR","Cameroon","M","Import","320","GTM","Guatemala","0","W00","World","H5","HS","true","TOTAL","All Commodities","0","false","C00","TOTAL CPC","0","0","TOTAL MOT","-1","N/A","0","false","-1","N/A","0","false","0","false","0","false","1747493.64",,"1747493.64","0","false","true",
"C","A","20190101","2019","52","2019","120","CMR","Cameroon","M","Import","324","GIN","Guinea","0","W00","World","H5","HS","true","TOTAL","All Commodities","0","false","C00","TOTAL CPC","0","0","TOTAL MOT","-1","N/A","0","false","-1","N/A","0","false","0","false","0","false","41791358.02",,"41791358.02","0","false","true",
"C","A","20190101","2019","52","2019","120","CMR","Cameroon","M","Import","340","HND","Honduras","0","W00","World","H5","HS","true","TOTAL","All Commodities","0","false","C00","TOTAL CPC","0","0","TOTAL MOT","-1","N/A","0","false","-1","N/A","0","false","0","false","0","false","6416.11",,"6416.11","0","false","true",
"C","A","20190101","2019","52","2019","120","CMR","Cameroon","M","Import","344","HKG","China, Hong Kong SAR","0","W00","World","H5","HS","true","TOTAL","All Commodities","0","false","C00","TOTAL CPC","0","0","TOTAL MOT","-1","N/A","0","false","-1","N/A","0","false","0","true","0","false","10092419.86",,"10092419.86","4","false","true",
"C","A","20190101","2019","52","2019","120","CMR","Cameroon","M","Import","348","HUN","Hungary","0","W00","World","H5","HS","true","TOTAL","All Commodities","0","false","C00","TOTAL CPC","0","0","TOTAL MOT","-1","N/A","0","false","-1","N/A","0","false","0","true","0","false","13472245.89",,"13472245.89","4","false","true",
"C","A","20190101","2019","52","2019","120","CMR","Cameroon","M","Import","352","ISL","Iceland","0","W00","World","H5","HS","true","TOTAL","All Commodities","0","false","C00","TOTAL CPC","0","0","TOTAL MOT","-1","N/A","0","false","-1","N/A","0","false","0","false","0","false","103630.84",,"103630.84","0","false","true",
"C","A","20190101","2019","52","2019","120","CMR","Cameroon","M","Import","360","IDN","Indonesia","0","W00","World","H5","HS","true","TOTAL","All Commodities","0","false","C00","TOTAL CPC","0","0","TOTAL MOT","-1","N/A","0","false","-1","N/A","0","false","0","true","0","false","23276477.81",,"23276477.81","4","false","true",
"C","A","20190101","2019","52","2019","120","CMR","Cameroon","M","Import","364","IRN","Iran","0","W00","World","H5","HS","true","TOTAL","All Commodities","0","false","C00","TOTAL CPC","0","0","TOTAL MOT","-1","N/A","0","false","-1","N/A","0","false","0","false","0","false","1214006.81",,"1214006.81","0","false","true",
"C","A","20190101","2019","52","2019","120","CMR","Cameroon","M","Import","368","IRQ","Iraq","0","W00","World","H5","HS","true","TOTAL","All Commodities","0","false","C00","TOTAL CPC","0","0","TOTAL MOT","-1","N/A","0","false","-1","N/A","0","false","0","false","0","false","304007.65",,"304007.65","0","false","true",
"C","A","20190101","2019","52","2019","120","CMR","Cameroon","M","Import","372","IRL","Ireland","0","W00","World","H5","HS","true","TOTAL","All Commodities","0","false","C00","TOTAL CPC","0","0","TOTAL MOT","-1","N/A","0","false","-1","N/A","0","false","0","true","0","false","20449620.83",,"20449620.83","4","false","true",
"C","A","20190101","2019","52","2019","120","CMR","Cameroon","M","Import","376","ISR","Israel","0","W00","World","H5","HS","true","TOTAL","All Commodities","0","false","C00","TOTAL CPC","0","0","TOTAL MOT","-1","N/A","0","false","-1","N/A","0","false","0","true","0","false","7628980.47",,"7628980.47","4","false","true",
"C","A","20190101","2019","52","2019","120","CMR","Cameroon","M","Import","380","ITA","Italy","0","W00","World","H5","HS","true","TOTAL","All Commodities","0","false","C00","TOTAL CPC","0","0","TOTAL MOT","-1","N/A","0","false","-1","N/A","0","false","0","true","0","false","148835126.71",,"148835126.71","4","false","true",
"C","A","20190101","2019","52","2019","120","CMR","Cameroon","M","Import","384","CIV","Côte d'Ivoire","0","W00","World","H5","HS","true","TOTAL","All Commodities","0","false","C00","TOTAL CPC","0","0","TOTAL MOT","-1","N/A","0","false","-1","N/A","0","false","0","false","0","false","90691622.19",,"90691622.19","0","false","true",
"C","A","20190101","2019","52","2019","120","CMR","Cameroon","M","Import","388","JAM","Jamaica","0","W00","World","H5","HS","true","TOTAL","All Commodities","0","false","C00","TOTAL CPC","0","0","TOTAL MOT","-1","N/A","0","false","-1","N/A","0","false","0","false","0","false","3241080.2",,"3241080.2","0","false","true",
"C","A","20190101","2019","52","2019","120","CMR","Cameroon","M","Import","392","JPN","Japan","0","W00","World","H5","HS","true","TOTAL","All Commodities","0","false","C00","TOTAL CPC","0","0","TOTAL MOT","-1","N/A","0","false","-1","N/A","0","false","0","true","0","false","116192827.959",,"116192827.959","4","false","true",
"C","A","20190101","2019","52","2019","120","CMR","Cameroon","M","Import","400","JOR","Jordan","0","W00","World","H5","HS","true","TOTAL","All Commodities","0","false","C00","TOTAL CPC","0","0","TOTAL MOT","-1","N/A","0","false","-1","N/A","0","false","0","false","0","false","1960765.23",,"1960765.23","0","false","true",
"C","A","20190101","2019","52","2019","120","CMR","Cameroon","M","Import","404","KEN","Kenya","0","W00","World","H5","HS","true","TOTAL","All Commodities","0","false","C00","TOTAL CPC","0","0","TOTAL MOT","-1","N/A","0","false","-1","N/A","0","false","0","true","0","false","208709.97",,"208709.97","4","false","true",
"C","A","20190101","2019","52","2019","120","CMR","Cameroon","M","Import","408","PRK","Dem. People's Rep. of Korea","0","W00","World","H5","HS","true","TOTAL","All Commodities","0","false","C00","TOTAL CPC","0","0","TOTAL MOT","-1","N/A","0","false","-1","N/A","0","false","0","false","0","false","295605.81",,"295605.81","0","false","true",
"C","A","20190101","2019","52","2019","120","CMR","Cameroon","M","Import","410","KOR","Rep. of Korea","0","W00","World","H5","HS","true","TOTAL","All Commodities","0","false","C00","TOTAL CPC","0","0","TOTAL MOT","-1","N/A","0","false","-1","N/A","0","false","0","true","0","false","103935630.946",,"103935630.946","4","false","true",
"C","A","20190101","2019","52","2019","120","CMR","Cameroon","M","Import","414","KWT","Kuwait","0","W00","World","H5","HS","true","TOTAL","All Commodities","0","false","C00","TOTAL CPC","0","0","TOTAL MOT","-1","N/A","0","false","-1","N/A","0","false","0","false","0","false","3312193.36",,"3312193.36","0","false","true",
"C","A","20190101","2019","52","2019","120","CMR","Cameroon","M","Import","418","LAO","Lao People's Dem. Rep.","0","W00","World","H5","HS","true","TOTAL","All Commodities","0","false","C00","TOTAL CPC","0","0","TOTAL MOT","-1","N/A","0","false","-1","N/A","0","false","0","false","0","false","26956.13",,"26956.13","0","false","true",
"C","A","20190101","2019","52","2019","120","CMR","Cameroon","M","Import","422","LBN","Lebanon","0","W00","World","H5","HS","true","TOTAL","All Commodities","0","false","C00","TOTAL CPC","0","0","TOTAL MOT","-1","N/A","0","false","-1","N/A","0","false","0","false","0","false","7711849.21",,"7711849.21","0","false","true",
"C","A","20190101","2019","52","2019","120","CMR","Cameroon","M","Import","428","LVA","Latvia","0","W00","World","H5","HS","true","TOTAL","All Commodities","0","false","C00","TOTAL CPC","0","0","TOTAL MOT","-1","N/A","0","false","-1","N/A","0","false","0","false","0","false","126893.76",,"126893.76","0","false","true",
"C","A","20190101","2019","52","2019","120","CMR","Cameroon","M","Import","430","LBR","Liberia","0","W00","World","H5","HS","true","TOTAL","All Commodities","0","false","C00","TOTAL CPC","0","0","TOTAL MOT","-1","N/A","0","false","-1","N/A","0","false","0","false","0","false","8777152.78",,"8777152.78","0","false","true",
"C","A","20190101","2019","52","2019","120","CMR","Cameroon","M","Import","434","LBY","Libya","0","W00","World","H5","HS","true","TOTAL","All Commodities","0","false","C00","TOTAL CPC","0","0","TOTAL MOT","-1","N/A","0","false","-1","N/A","0","false","0","false","0","false","35232.59",,"35232.59","0","false","true",
"C","A","20190101","2019","52","2019","120","CMR","Cameroon","M","Import","440","LTU","Lithuania","0","W00","World","H5","HS","true","TOTAL","All Commodities","0","false","C00","TOTAL CPC","0","0","TOTAL MOT","-1","N/A","0","false","-1","N/A","0","false","0","false","0","false","3280755.93",,"3280755.93","0","false","true",
"C","A","20190101","2019","52","2019","120","CMR","Cameroon","M","Import","442","LUX","Luxembourg","0","W00","World","H5","HS","true","TOTAL","All Commodities","0","false","C00","TOTAL CPC","0","0","TOTAL MOT","-1","N/A","0","false","-1","N/A","0","false","0","true","0","false","1137614.78",,"1137614.78","4","false","true",
"C","A","20190101","2019","52","2019","120","CMR","Cameroon","M","Import","446","MAC","China, Macao SAR","0","W00","World","H5","HS","true","TOTAL","All Commodities","0","false","C00","TOTAL CPC","0","0","TOTAL MOT","-1","N/A","0","false","-1","N/A","0","false","0","false","0","false","9819.07",,"9819.07","0","false","true",
"C","A","20190101","2019","52","2019","120","CMR","Cameroon","M","Import","450","MDG","Madagascar","0","W00","World","H5","HS","true","TOTAL","All Commodities","0","false","C00","TOTAL CPC","0","0","TOTAL MOT","-1","N/A","0","false","-1","N/A","0","false","0","true","0","false","37019.72",,"37019.72","4","false","true",
"C","A","20190101","2019","52","2019","120","CMR","Cameroon","M","Import","454","MWI","Malawi","0","W00","World","H5","HS","true","TOTAL","All Commodities","0","false","C00","TOTAL CPC","0","0","TOTAL MOT","-1","N/A","0","false","-1","N/A","0","false","0","true","0","false","24.57",,"24.57","4","false","true",
"C","A","20190101","2019","52","2019","120","CMR","Cameroon","M","Import","458","MYS","Malaysia","0","W00","World","H5","HS","true","TOTAL","All Commodities","0","false","C00","TOTAL CPC","0","0","TOTAL MOT","-1","N/A","0","false","-1","N/A","0","false","0","true","0","false","36092388.613",,"36092388.613","4","false","true",
"C","A","20190101","2019","52","2019","120","CMR","Cameroon","M","Import","466","MLI","Mali","0","W00","World","H5","HS","true","TOTAL","All Commodities","0","false","C00","TOTAL CPC","0","0","TOTAL MOT","-1","N/A","0","false","-1","N/A","0","false","0","false","0","false","104427.58",,"104427.58","0","false","true",
"C","A","20190101","2019","52","2019","120","CMR","Cameroon","M","Import","470","MLT","Malta","0","W00","World","H5","HS","true","TOTAL","All Commodities","0","false","C00","TOTAL CPC","0","0","TOTAL MOT","-1","N/A","0","false","-1","N/A","0","false","0","false","0","false","6298739.47",,"6298739.47","0","false","true",
"C","A","20190101","2019","52","2019","120","CMR","Cameroon","M","Import","478","MRT","Mauritania","0","W00","World","H5","HS","true","TOTAL","All Commodities","0","false","C00","TOTAL CPC","0","0","TOTAL MOT","-1","N/A","0","false","-1","N/A","0","false","0","true","0","false","96539557.74",,"96539557.74","4","false","true",
"C","A","20190101","2019","52","2019","120","CMR","Cameroon","M","Import","480","MUS","Mauritius","0","W00","World","H5","HS","true","TOTAL","All Commodities","0","false","C00","TOTAL CPC","0","0","TOTAL MOT","-1","N/A","0","false","-1","N/A","0","false","0","false","0","false","2776308.64",,"2776308.64","0","false","true",
"C","A","20190101","2019","52","2019","120","CMR","Cameroon","M","Import","484","MEX","Mexico","0","W00","World","H5","HS","true","TOTAL","All Commodities","0","false","C00","TOTAL CPC","0","0","TOTAL MOT","-1","N/A","0","false","-1","N/A","0","false","0","true","0","false","14014037.86",,"14014037.86","4","false","true",
"C","A","20190101","2019","52","2019","120","CMR","Cameroon","M","Import","490","S19","Other Asia, nes","0","W00","World","H5","HS","true","TOTAL","All Commodities","0","false","C00","TOTAL CPC","0","0","TOTAL MOT","-1","N/A","0","false","-1","N/A","0","false","0","true","0","false","39986954.93",,"39986954.93","4","false","true",
"C","A","20190101","2019","52","2019","120","CMR","Cameroon","M","Import","498","MDA","Rep. of Moldova","0","W00","World","H5","HS","true","TOTAL","All Commodities","0","false","C00","TOTAL CPC","0","0","TOTAL MOT","-1","N/A","0","false","-1","N/A","0","false","0","false","0","false","98655.34",,"98655.34","0","false","true",
"C","A","20190101","2019","52","2019","120","CMR","Cameroon","M","Import","500","MSR","Montserrat","0","W00","World","H5","HS","true","TOTAL","All Commodities","0","false","C00","TOTAL CPC","0","0","TOTAL MOT","-1","N/A","0","false","-1","N/A","0","false","0","false","0","false","226.49",,"226.49","0","false","true",
"C","A","20190101","2019","52","2019","120","CMR","Cameroon","M","Import","504","MAR","Morocco","0","W00","World","H5","HS","true","TOTAL","All Commodities","0","false","C00","TOTAL CPC","0","0","TOTAL MOT","-1","N/A","0","false","-1","N/A","0","false","0","true","0","false","78068947.71",,"78068947.71","4","false","true",
"C","A","20190101","2019","52","2019","120","CMR","Cameroon","M","Import","508","MOZ","Mozambique","0","W00","World","H5","HS","true","TOTAL","All Commodities","0","false","C00","TOTAL CPC","0","0","TOTAL MOT","-1","N/A","0","false","-1","N/A","0","false","0","false","0","false","196189.15",,"196189.15","0","false","true",
"C","A","20190101","2019","52","2019","120","CMR","Cameroon","M","Import","512","OMN","Oman","0","W00","World","H5","HS","true","TOTAL","All Commodities","0","false","C00","TOTAL CPC","0","0","TOTAL MOT","-1","N/A","0","false","-1","N/A","0","false","0","false","0","false","3838112.63",,"3838112.63","0","false","true",
"C","A","20190101","2019","52","2019","120","CMR","Cameroon","M","Import","516","NAM","Namibia","0","W00","World","H5","HS","true","TOTAL","All Commodities","0","false","C00","TOTAL CPC","0","0","TOTAL MOT","-1","N/A","0","false","-1","N/A","0","false","0","false","0","false","8102934.24",,"8102934.24","0","false","true",
"C","A","20190101","2019","52","2019","120","CMR","Cameroon","M","Import","520","NRU","Naoero","0","W00","World","H5","HS","true","TOTAL","All Commodities","0","false","C00","TOTAL CPC","0","0","TOTAL MOT","-1","N/A","0","false","-1","N/A","0","false","0","false","0","false","953.81",,"953.81","0","false","true",
"C","A","20190101","2019","52","2019","120","CMR","Cameroon","M","Import","528","NLD","Netherlands","0","W00","World","H5","HS","true","TOTAL","All Commodities","0","false","C00","TOTAL CPC","0","0","TOTAL MOT","-1","N/A","0","false","-1","N/A","0","false","0","true","0","false","227784189.22",,"227784189.22","4","false","true",
"C","A","20190101","2019","52","2019","120","CMR","Cameroon","M","Import","531","CUW","Curaçao","0","W00","World","H5","HS","true","TOTAL","All Commodities","0","false","C00","TOTAL CPC","0","0","TOTAL MOT","-1","N/A","0","false","-1","N/A","0","false","0","false","0","false","3494.43",,"3494.43","0","false","true",
"C","A","20190101","2019","52","2019","120","CMR","Cameroon","M","Import","533","ABW","Aruba","0","W00","World","H5","HS","true","TOTAL","All Commodities","0","false","C00","TOTAL CPC","0","0","TOTAL MOT","-1","N/A","0","false","-1","N/A","0","false","0","false","0","false","1174.07",,"1174.07","0","false","true",
"C","A","20190101","2019","52","2019","120","CMR","Cameroon","M","Import","535","BES","Bonaire","0","W00","World","H5","HS","true","TOTAL","All Commodities","0","false","C00","TOTAL CPC","0","0","TOTAL MOT","-1","N/A","0","false","-1","N/A","0","false","0","false","0","false","71.15",,"71.15","0","false","true",
"C","A","20190101","2019","52","2019","120","CMR","Cameroon","M","Import","548","VUT","Vanuatu","0","W00","World","H5","HS","true","TOTAL","All Commodities","0","false","C00","TOTAL CPC","0","0","TOTAL MOT","-1","N/A","0","false","-1","N/A","0","false","0","false","0","false","959322.1",,"959322.1","0","false","true",
"C","A","20190101","2019","52","2019","120","CMR","Cameroon","M","Import","554","NZL","New Zealand","0","W00","World","H5","HS","true","TOTAL","All Commodities","0","false","C00","TOTAL CPC","0","0","TOTAL MOT","-1","N/A","0","false","-1","N/A","0","false","0","false","0","false","14319759.94",,"14319759.94","0","false","true",
"C","A","20190101","2019","52","2019","120","CMR","Cameroon","M","Import","558","NIC","Nicaragua","0","W00","World","H5","HS","true","TOTAL","All Commodities","0","false","C00","TOTAL CPC","0","0","TOTAL MOT","-1","N/A","0","false","-1","N/A","0","false","0","false","0","false","1547.67",,"1547.67","0","false","true",
"C","A","20190101","2019","52","2019","120","CMR","Cameroon","M","Import","562","NER","Niger","0","W00","World","H5","HS","true","TOTAL","All Commodities","0","false","C00","TOTAL CPC","0","0","TOTAL MOT","-1","N/A","0","false","-1","N/A","0","false","0","false","0","false","6513.97",,"6513.97","0","false","true",
"C","A","20190101","2019","52","2019","120","CMR","Cameroon","M","Import","566","NGA","Nigeria","0","W00","World","H5","HS","true","TOTAL","All Commodities","0","false","C00","TOTAL CPC","0","0","TOTAL MOT","-1","N/A","0","false","-1","N/A","0","false","0","true","0","false","412142899.96",,"412142899.96","4","false","true",
"C","A","20190101","2019","52","2019","120","CMR","Cameroon","M","Import","568","E19","Other Europe, nes","0","W00","World","H5","HS","true","TOTAL","All Commodities","0","false","C00","TOTAL CPC","0","0","TOTAL MOT","-1","N/A","0","false","-1","N/A","0","false","0","false","0","false","4732.16",,"4732.16","0","false","true",
"C","A","20190101","2019","52","2019","120","CMR","Cameroon","M","Import","579","NOR","Norway","0","W00","World","H5","HS","true","TOTAL","All Commodities","0","false","C00","TOTAL CPC","0","0","TOTAL MOT","-1","N/A","0","false","-1","N/A","0","false","0","true","0","false","14721687.62",,"14721687.62","4","false","true",
"C","A","20190101","2019","52","2019","120","CMR","Cameroon","M","Import","581","UMI","United States Minor Outlying Islands","0","W00","World","H5","HS","true","TOTAL","All Commodities","0","false","C00","TOTAL CPC","0","0","TOTAL MOT","-1","N/A","0","false","-1","N/A","0","false","0","false","0","false","66987.9",,"66987.9","0","false","true",
"C","A","20190101","2019","52","2019","120","CMR","Cameroon","M","Import","584","MHL","Marshall Isds","0","W00","World","H5","HS","true","TOTAL","All Commodities","0","false","C00","TOTAL CPC","0","0","TOTAL MOT","-1","N/A","0","false","-1","N/A","0","false","0","false","0","false","1486693.25",,"1486693.25","0","false","true",
"C","A","20190101","2019","52","2019","120","CMR","Cameroon","M","Import","586","PAK","Pakistan","0","W00","World","H5","HS","true","TOTAL","All Commodities","0","false","C00","TOTAL CPC","0","0","TOTAL MOT","-1","N/A","0","false","-1","N/A","0","false","0","true","0","false","16177457.8",,"16177457.8","4","false","true",
"C","A","20190101","2019","52","2019","120","CMR","Cameroon","M","Import","591","PAN","Panama","0","W00","World","H5","HS","true","TOTAL","All Commodities","0","false","C00","TOTAL CPC","0","0","TOTAL MOT","-1","N/A","0","false","-1","N/A","0","false","0","false","0","false","31146.47",,"31146.47","0","false","true",
"C","A","20190101","2019","52","2019","120","CMR","Cameroon","M","Import","600","PRY","Paraguay","0","W00","World","H5","HS","true","TOTAL","All Commodities","0","false","C00","TOTAL CPC","0","0","TOTAL MOT","-1","N/A","0","false","-1","N/A","0","false","0","false","0","false","202740.43",,"202740.43","0","false","true",
"C","A","20190101","2019","52","2019","120","CMR","Cameroon","M","Import","604","PER","Peru","0","W00","World","H5","HS","true","TOTAL","All Commodities","0","false","C00","TOTAL CPC","0","0","TOTAL MOT","-1","N/A","0","false","-1","N/A","0","false","0","true","0","false","9976202.31",,"9976202.31","4","false","true",
"C","A","20190101","2019","52","2019","120","CMR","Cameroon","M","Import","608","PHL","Philippines","0","W00","World","H5","HS","true","TOTAL","All Commodities","0","false","C00","TOTAL CPC","0","0","TOTAL MOT","-1","N/A","0","false","-1","N/A","0","false","0","true","0","false","3004329.78",,"3004329.78","4","false","true",
"C","A","20190101","2019","52","2019","120","CMR","Cameroon","M","Import","616","POL","Poland","0","W00","World","H5","HS","true","TOTAL","All Commodities","0","false","C00","TOTAL CPC","0","0","TOTAL MOT","-1","N/A","0","false","-1","N/A","0","false","0","true","0","false","22410473.73",,"22410473.73","4","false","true",
"C","A","20190101","2019","52","2019","120","CMR","Cameroon","M","Import","620","PRT","Portugal","0","W00","World","H5","HS","true","TOTAL","All Commodities","0","false","C00","TOTAL CPC","0","0","TOTAL MOT","-1","N/A","0","false","-1","N/A","0","false","0","true","0","false","62303954.32",,"62303954.32","4","false","true",
"C","A","20190101","2019","52","2019","120","CMR","Cameroon","M","Import","624","GNB","Guinea-Bissau","0","W00","World","H5","HS","true","TOTAL","All Commodities","0","false","C00","TOTAL CPC","0","0","TOTAL MOT","-1","N/A","0","false","-1","N/A","0","false","0","false","0","false","792850.65",,"792850.65","0","false","true",
"C","A","20190101","2019","52","2019","120","CMR","Cameroon","M","Import","626","TLS","Timor-Leste","0","W00","World","H5","HS","true","TOTAL","All Commodities","0","false","C00","TOTAL CPC","0","0","TOTAL MOT","-1","N/A","0","false","-1","N/A","0","false","0","false","0","false","5750.74",,"5750.74","0","false","true",
"C","A","20190101","2019","52","2019","120","CMR","Cameroon","M","Import","634","QAT","Qatar","0","W00","World","H5","HS","true","TOTAL","All Commodities","0","false","C00","TOTAL CPC","0","0","TOTAL MOT","-1","N/A","0","false","-1","N/A","0","false","0","false","0","false","4039858.46",,"4039858.46","0","false","true",
"C","A","20190101","2019","52","2019","120","CMR","Cameroon","M","Import","642","ROU","Romania","0","W00","World","H5","HS","true","TOTAL","All Commodities","0","false","C00","TOTAL CPC","0","0","TOTAL MOT","-1","N/A","0","false","-1","N/A","0","false","0","true","0","false","7342199.81",,"7342199.81","4","false","true",
"C","A","20190101","2019","52","2019","120","CMR","Cameroon","M","Import","643","RUS","Russian Federation","0","W00","World","H5","HS","true","TOTAL","All Commodities","0","false","C00","TOTAL CPC","0","0","TOTAL MOT","-1","N/A","0","false","-1","N/A","0","false","0","true","0","false","144396554.9",,"144396554.9","4","false","true",
"C","A","20190101","2019","52","2019","120","CMR","Cameroon","M","Import","646","RWA","Rwanda","0","W00","World","H5","HS","true","TOTAL","All Commodities","0","false","C00","TOTAL CPC","0","0","TOTAL MOT","-1","N/A","0","false","-1","N/A","0","false","0","false","0","false","11881.5",,"11881.5","0","false","true",
"C","A","20190101","2019","52","2019","120","CMR","Cameroon","M","Import","652","BLM","Saint Barthélemy","0","W00","World","H5","HS","true","TOTAL","All Commodities","0","false","C00","TOTAL CPC","0","0","TOTAL MOT","-1","N/A","0","false","-1","N/A","0","false","0","false","0","false","24917105.96",,"24917105.96","0","false","true",
"C","A","20190101","2019","52","2019","120","CMR","Cameroon","M","Import","660","AIA","Anguilla","0","W00","World","H5","HS","true","TOTAL","All Commodities","0","false","C00","TOTAL CPC","0","0","TOTAL MOT","-1","N/A","0","false","-1","N/A","0","false","0","false","0","false","3313.93",,"3313.93","0","false","true",
"C","A","20190101","2019","52","2019","120","CMR","Cameroon","M","Import","670","VCT","Saint Vincent and the Grenadines","0","W00","World","H5","HS","true","TOTAL","All Commodities","0","false","C00","TOTAL CPC","0","0","TOTAL MOT","-1","N/A","0","false","-1","N/A","0","false","0","false","0","false","5770717.23",,"5770717.23","0","false","true",
"C","A","20190101","2019","52","2019","120","CMR","Cameroon","M","Import","674","SMR","San Marino","0","W00","World","H5","HS","true","TOTAL","All Commodities","0","false","C00","TOTAL CPC","0","0","TOTAL MOT","-1","N/A","0","false","-1","N/A","0","false","0","false","0","false","48602.63",,"48602.63","0","false","true",
"C","A","20190101","2019","52","2019","120","CMR","Cameroon","M","Import","678","STP","Sao Tome and Principe","0","W00","World","H5","HS","true","TOTAL","All Commodities","0","false","C00","TOTAL CPC","0","0","TOTAL MOT","-1","N/A","0","false","-1","N/A","0","false","0","false","0","false","486.4",,"486.4","0","false","true",
"C","A","20190101","2019","52","2019","120","CMR","Cameroon","M","Import","682","SAU","Saudi Arabia","0","W00","World","H5","HS","true","TOTAL","All Commodities","0","false","C00","TOTAL CPC","0","0","TOTAL MOT","-1","N/A","0","false","-1","N/A","0","false","0","true","0","false","29051236.32",,"29051236.32","4","false","true",
"C","A","20190101","2019","52","2019","120","CMR","Cameroon","M","Import","686","SEN","Senegal","0","W00","World","H5","HS","true","TOTAL","All Commodities","0","false","C00","TOTAL CPC","0","0","TOTAL MOT","-1","N/A","0","false","-1","N/A","0","false","0","true","0","false","23142447.41",,"23142447.41","4","false","true",
"C","A","20190101","2019","52","2019","120","CMR","Cameroon","M","Import","688","SRB","Serbia","0","W00","World","H5","HS","true","TOTAL","All Commodities","0","false","C00","TOTAL CPC","0","0","TOTAL MOT","-1","N/A","0","false","-1","N/A","0","false","0","true","0","false","2726573.86",,"2726573.86","4","false","true",
"C","A","20190101","2019","52","2019","120","CMR","Cameroon","M","Import","690","SYC","Seychelles","0","W00","World","H5","HS","true","TOTAL","All Commodities","0","false","C00","TOTAL CPC","0","0","TOTAL MOT","-1","N/A","0","false","-1","N/A","0","false","0","false","0","false","47618.81",,"47618.81","0","false","true",
"C","A","20190101","2019","52","2019","120","CMR","Cameroon","M","Import","694","SLE","Sierra Leone","0","W00","World","H5","HS","true","TOTAL","All Commodities","0","false","C00","TOTAL CPC","0","0","TOTAL MOT","-1","N/A","0","false","-1","N/A","0","false","0","true","0","false","1777947.23",,"1777947.23","4","false","true",
"C","A","20190101","2019","52","2019","120","CMR","Cameroon","M","Import","699","IND","India","0","W00","World","H5","HS","true","TOTAL","All Commodities","0","false","C00","TOTAL CPC","0","0","TOTAL MOT","-1","N/A","0","false","-1","N/A","0","false","0","true","0","false","211522669.599",,"211522669.599","4","false","true",
"C","A","20190101","2019","52","2019","120","CMR","Cameroon","M","Import","702","SGP","Singapore","0","W00","World","H5","HS","true","TOTAL","All Commodities","0","false","C00","TOTAL CPC","0","0","TOTAL MOT","-1","N/A","0","false","-1","N/A","0","false","0","true","0","false","19500070.07",,"19500070.07","4","false","true",
"C","A","20190101","2019","52","2019","120","CMR","Cameroon","M","Import","703","SVK","Slovakia","0","W00","World","H5","HS","true","TOTAL","All Commodities","0","false","C00","TOTAL CPC","0","0","TOTAL MOT","-1","N/A","0","false","-1","N/A","0","false","0","true","0","false","1585822.65",,"1585822.65","4","false","true",
"C","A","20190101","2019","52","2019","120","CMR","Cameroon","M","Import","704","VNM","Viet Nam","0","W00","World","H5","HS","true","TOTAL","All Commodities","0","false","C00","TOTAL CPC","0","0","TOTAL MOT","-1","N/A","0","false","-1","N/A","0","false","0","true","0","false","31994372.8",,"31994372.8","4","false","true",
"C","A","20190101","2019","52","2019","120","CMR","Cameroon","M","Import","705","SVN","Slovenia","0","W00","World","H5","HS","true","TOTAL","All Commodities","0","false","C00","TOTAL CPC","0","0","TOTAL MOT","-1","N/A","0","false","-1","N/A","0","false","0","true","0","false","3865542.12",,"3865542.12","4","false","true",
"C","A","20190101","2019","52","2019","120","CMR","Cameroon","M","Import","706","SOM","Somalia","0","W00","World","H5","HS","true","TOTAL","All Commodities","0","false","C00","TOTAL CPC","0","0","TOTAL MOT","-1","N/A","0","false","-1","N/A","0","false","0","false","0","false","7052.31",,"7052.31","0","false","true",
"C","A","20190101","2019","52","2019","120","CMR","Cameroon","M","Import","710","ZAF","South Africa","0","W00","World","H5","HS","true","TOTAL","All Commodities","0","false","C00","TOTAL CPC","0","0","TOTAL MOT","-1","N/A","0","false","-1","N/A","0","false","0","true","0","false","74566602.582",,"74566602.582","4","false","true",
"C","A","20190101","2019","52","2019","120","CMR","Cameroon","M","Import","716","ZWE","Zimbabwe","0","W00","World","H5","HS","true","TOTAL","All Commodities","0","false","C00","TOTAL CPC","0","0","TOTAL MOT","-1","N/A","0","false","-1","N/A","0","false","0","false","0","false","26972.56",,"26972.56","0","false","true",
"C","A","20190101","2019","52","2019","120","CMR","Cameroon","M","Import","724","ESP","Spain","0","W00","World","H5","HS","true","TOTAL","All Commodities","0","false","C00","TOTAL CPC","0","0","TOTAL MOT","-1","N/A","0","false","-1","N/A","0","false","0","true","0","false","173398295.738",,"173398295.738","4","false","true",
"C","A","20190101","2019","52","2019","120","CMR","Cameroon","M","Import","729","SDN","Sudan","0","W00","World","H5","HS","true","TOTAL","All Commodities","0","false","C00","TOTAL CPC","0","0","TOTAL MOT","-1","N/A","0","false","-1","N/A","0","false","0","false","0","false","51.2",,"51.2","0","false","true",
"C","A","20190101","2019","52","2019","120","CMR","Cameroon","M","Import","740","SUR","Suriname","0","W00","World","H5","HS","true","TOTAL","All Commodities","0","false","C00","TOTAL CPC","0","0","TOTAL MOT","-1","N/A","0","false","-1","N/A","0","false","0","false","0","false","500.97",,"500.97","0","false","true",
"C","A","20190101","2019","52","2019","120","CMR","Cameroon","M","Import","748","SWZ","Eswatini","0","W00","World","H5","HS","true","TOTAL","All Commodities","0","false","C00","TOTAL CPC","0","0","TOTAL MOT","-1","N/A","0","false","-1","N/A","0","false","0","false","0","false","980730.03",,"980730.03","0","false","true",
"C","A","20190101","2019","52","2019","120","CMR","Cameroon","M","Import","752","SWE","Sweden","0","W00","World","H5","HS","true","TOTAL","All Commodities","0","false","C00","TOTAL CPC","0","0","TOTAL MOT","-1","N/A","0","false","-1","N/A","0","false","0","true","0","false","14583319.8",,"14583319.8","4","false","true",
"C","A","20190101","2019","52","2019","120","CMR","Cameroon","M","Import","757","CHE","Switzerland","0","W00","World","H5","HS","true","TOTAL","All Commodities","0","false","C00","TOTAL CPC","0","0","TOTAL MOT","-1","N/A","0","false","-1","N/A","0","false","0","true","0","false","46994812.52",,"46994812.52","4","false","true",
"C","A","20190101","2019","52","2019","120","CMR","Cameroon","M","Import","760","SYR","Syria","0","W00","World","H5","HS","true","TOTAL","All Commodities","0","false","C00","TOTAL CPC","0","0","TOTAL MOT","-1","N/A","0","false","-1","N/A","0","false","0","false","0","false","853.34",,"853.34","0","false","true",
"C","A","20190101","2019","52","2019","120","CMR","Cameroon","M","Import","764","THA","Thailand","0","W00","World","H5","HS","true","TOTAL","All Commodities","0","false","C00","TOTAL CPC","0","0","TOTAL MOT","-1","N/A","0","false","-1","N/A","0","false","0","true","0","false","314949370.51",,"314949370.51","4","false","true",
"C","A","20190101","2019","52","2019","120","CMR","Cameroon","M","Import","768","TGO","Togo","0","W00","World","H5","HS","true","TOTAL","All Commodities","0","false","C00","TOTAL CPC","0","0","TOTAL MOT","-1","N/A","0","false","-1","N/A","0","false","0","false","0","false","429196428.29",,"429196428.29","0","false","true",
"C","A","20190101","2019","52","2019","120","CMR","Cameroon","M","Import","772","TKL","Tokelau","0","W00","World","H5","HS","true","TOTAL","All Commodities","0","false","C00","TOTAL CPC","0","0","TOTAL MOT","-1","N/A","0","false","-1","N/A","0","false","0","true","0","false","23842.65",,"23842.65","4","false","true",
"C","A","20190101","2019","52","2019","120","CMR","Cameroon","M","Import","780","TTO","Trinidad and Tobago","0","W00","World","H5","HS","true","TOTAL","All Commodities","0","false","C00","TOTAL CPC","0","0","TOTAL MOT","-1","N/A","0","false","-1","N/A","0","false","0","false","0","false","27701.96",,"27701.96","0","false","true",
"C","A","20190101","2019","52","2019","120","CMR","Cameroon","M","Import","784","ARE","United Arab Emirates","0","W00","World","H5","HS","true","TOTAL","All Commodities","0","false","C00","TOTAL CPC","0","0","TOTAL MOT","-1","N/A","0","false","-1","N/A","0","false","0","true","0","false","73033782.11",,"73033782.11","4","false","true",
"C","A","20190101","2019","52","2019","120","CMR","Cameroon","M","Import","788","TUN","Tunisia","0","W00","World","H5","HS","true","TOTAL","All Commodities","0","false","C00","TOTAL CPC","0","0","TOTAL MOT","-1","N/A","0","false","-1","N/A","0","false","0","true","0","false","30280892.08",,"30280892.08","4","false","true",
"C","A","20190101","2019","52","2019","120","CMR","Cameroon","M","Import","792","TUR","Türkiye","0","W00","World","H5","HS","true","TOTAL","All Commodities","0","false","C00","TOTAL CPC","0","0","TOTAL MOT","-1","N/A","0","false","-1","N/A","0","false","0","true","0","false","204034340.236",,"204034340.236","4","false","true",
"C","A","20190101","2019","52","2019","120","CMR","Cameroon","M","Import","796","TCA","Turks and Caicos Isds","0","W00","World","H5","HS","true","TOTAL","All Commodities","0","false","C00","TOTAL CPC","0","0","TOTAL MOT","-1","N/A","0","false","-1","N/A","0","false","0","false","0","false","758993.05",,"758993.05","0","false","true",
"C","A","20190101","2019","52","2019","120","CMR","Cameroon","M","Import","800","UGA","Uganda","0","W00","World","H5","HS","true","TOTAL","All Commodities","0","false","C00","TOTAL CPC","0","0","TOTAL MOT","-1","N/A","0","false","-1","N/A","0","false","0","false","0","false","28373.56",,"28373.56","0","false","true",
"C","A","20190101","2019","52","2019","120","CMR","Cameroon","M","Import","804","UKR","Ukraine","0","W00","World","H5","HS","true","TOTAL","All Commodities","0","false","C00","TOTAL CPC","0","0","TOTAL MOT","-1","N/A","0","false","-1","N/A","0","false","0","true","0","false","68151675.55",,"68151675.55","4","false","true",
"C","A","20190101","2019","52","2019","120","CMR","Cameroon","M","Import","807","MKD","North Macedonia","0","W00","World","H5","HS","true","TOTAL","All Commodities","0","false","C00","TOTAL CPC","0","0","TOTAL MOT","-1","N/A","0","false","-1","N/A","0","false","0","false","0","false","29290.75",,"29290.75","0","false","true",
"C","A","20190101","2019","52","2019","120","CMR","Cameroon","M","Import","818","EGY","Egypt","0","W00","World","H5","HS","true","TOTAL","All Commodities","0","false","C00","TOTAL CPC","0","0","TOTAL MOT","-1","N/A","0","false","-1","N/A","0","false","0","false","0","false","74049058.35",,"74049058.35","0","false","true",
"C","A","20190101","2019","52","2019","120","CMR","Cameroon","M","Import","826","GBR","United Kingdom","0","W00","World","H5","HS","true","TOTAL","All Commodities","0","false","C00","TOTAL CPC","0","0","TOTAL MOT","-1","N/A","0","false","-1","N/A","0","false","0","true","0","false","91455908.459",,"91455908.459","4","false","true",
"C","A","20190101","2019","52","2019","120","CMR","Cameroon","M","Import","834","TZA","United Rep. of Tanzania","0","W00","World","H5","HS","true","TOTAL","All Commodities","0","false","C00","TOTAL CPC","0","0","TOTAL MOT","-1","N/A","0","false","-1","N/A","0","false","0","false","0","false","157346.2",,"157346.2","0","false","true",
"C","A","20190101","2019","52","2019","120","CMR","Cameroon","M","Import","842","USA","USA","0","W00","World","H5","HS","true","TOTAL","All Commodities","0","false","C00","TOTAL CPC","0","0","TOTAL MOT","-1","N/A","0","false","-1","N/A","0","false","0","true","0","false","169471037.661",,"169471037.661","4","false","true",
"C","A","20190101","2019","52","2019","120","CMR","Cameroon","M","Import","854","BFA","Burkina Faso","0","W00","World","H5","HS","true","TOTAL","All Commodities","0","false","C00","TOTAL CPC","0","0","TOTAL MOT","-1","N/A","0","false","-1","N/A","0","false","0","true","0","false","29204.48",,"29204.48","4","false","true",
"C","A","20190101","2019","52","2019","120","CMR","Cameroon","M","Import","858","URY","Uruguay","0","W00","World","H5","HS","true","TOTAL","All Commodities","0","false","C00","TOTAL CPC","0","0","TOTAL MOT","-1","N/A","0","false","-1","N/A","0","false","0","false","0","false","7491474.73",,"7491474.73","0","false","true",
"C","A","20190101","2019","52","2019","120","CMR","Cameroon","M","Import","862","VEN","Venezuela","0","W00","World","H5","HS","true","TOTAL","All Commodities","0","false","C00","TOTAL CPC","0","0","TOTAL MOT","-1","N/A","0","false","-1","N/A","0","false","0","false","0","false","15694.97",,"15694.97","0","false","true",
"C","A","20190101","2019","52","2019","120","CMR","Cameroon","M","Import","887","YEM","Yemen","0","W00","World","H5","HS","true","TOTAL","All Commodities","0","false","C00","TOTAL CPC","0","0","TOTAL MOT","-1","N/A","0","false","-1","N/A","0","false","0","false","0","false","623.24",,"623.24","0","false","true",
"C","A","20190101","2019","52","2019","120","CMR","Cameroon","M","Import","894","ZMB","Zambia","0","W00","World","H5","HS","true","TOTAL","All Commodities","0","false","C00","TOTAL CPC","0","0","TOTAL MOT","-1","N/A","0","false","-1","N/A","0","false","0","true","0","false","1498.39",,"1498.39","4","false","true",
"C","A","20190101","2019","52","2019","120","CMR","Cameroon","M","Import","899","_X ","Areas, nes","0","W00","World","H5","HS","true","TOTAL","All Commodities","0","false","C00","TOTAL CPC","0","0","TOTAL MOT","-1","N/A","0","false","-1","N/A","0","false","0","false","0","false","3055201.71",,"3055201.71","0","false","true",
"C","A","20190101","2019","52","2019","120","CMR","Cameroon","X","Export","0","W00","World","0","W00","World","H5","HS","true","TOTAL","All Commodities","0","false","C00","TOTAL CPC","0","0","TOTAL MOT","-1","N/A","0","false","-1","N/A","0","false","0","true","0","false",,"4076568061.084","4076568061.084","4","false","true",
"C","A","20190101","2019","52","2019","120","CMR","Cameroon","X","Export","8","ALB","Albania","0","W00","World","H5","HS","true","TOTAL","All Commodities","0","false","C00","TOTAL CPC","0","0","TOTAL MOT","-1","N/A","0","false","-1","N/A","0","false","0","false","0","false",,"360942.22","360942.22","0","false","true",
"C","A","20190101","2019","52","2019","120","CMR","Cameroon","X","Export","12","DZA","Algeria","0","W00","World","H5","HS","true","TOTAL","All Commodities","0","false","C00","TOTAL CPC","0","0","TOTAL MOT","-1","N/A","0","false","-1","N/A","0","false","0","false","0","false",,"1009260.06","1009260.06","0","false","true",
"C","A","20190101","2019","52","2019","120","CMR","Cameroon","X","Export","24","AGO","Angola","0","W00","World","H5","HS","true","TOTAL","All Commodities","0","false","C00","TOTAL CPC","0","0","TOTAL MOT","-1","N/A","0","false","-1","N/A","0","false","0","false","0","false",,"521036.53","521036.53","0","false","true",
"C","A","20190101","2019","52","2019","120","CMR","Cameroon","X","Export","31","AZE","Azerbaijan","0","W00","World","H5","HS","true","TOTAL","All Commodities","0","false","C00","TOTAL CPC","0","0","TOTAL MOT","-1","N/A","0","false","-1","N/A","0","false","0","false","0","false",,"77015.57","77015.57","0","false","true",
"C","A","20190101","2019","52","2019","120","CMR","Cameroon","X","Export","32","ARG","Argentina","0","W00","World","H5","HS","true","TOTAL","All Commodities","0","false","C00","TOTAL CPC","0","0","TOTAL MOT","-1","N/A","0","false","-1","N/A","0","false","0","false","0","false",,"17698269.89","17698269.89","0","false","true",
"C","A","20190101","2019","52","2019","120","CMR","Cameroon","X","Export","36","AUS","Australia","0","W00","World","H5","HS","true","TOTAL","All Commodities","0","false","C00","TOTAL CPC","0","0","TOTAL MOT","-1","N/A","0","false","-1","N/A","0","false","0","false","0","false",,"58841.56","58841.56","0","false","true",
"C","A","20190101","2019","52","2019","120","CMR","Cameroon","X","Export","40","AUT","Austria","0","W00","World","H5","HS","true","TOTAL","All Commodities","0","false","C00","TOTAL CPC","0","0","TOTAL MOT","-1","N/A","0","false","-1","N/A","0","false","0","false","0","false",,"98014.95","98014.95","0","false","true",
"C","A","20190101","2019","52","2019","120","CMR","Cameroon","X","Export","48","BHR","Bahrain","0","W00","World","H5","HS","true","TOTAL","All Commodities","0","false","C00","TOTAL CPC","0","0","TOTAL MOT","-1","N/A","0","false","-1","N/A","0","false","0","false","0","false",,"37367.41","37367.41","0","false","true",
"C","A","20190101","2019","52","2019","120","CMR","Cameroon","X","Export","50","BGD","Bangladesh","0","W00","World","H5","HS","true","TOTAL","All Commodities","0","false","C00","TOTAL CPC","0","0","TOTAL MOT","-1","N/A","0","false","-1","N/A","0","false","0","false","0","false",,"123587418.99","123587418.99","0","false","true",
"C","A","20190101","2019","52","2019","120","CMR","Cameroon","X","Export","56","BEL","Belgium","0","W00","World","H5","HS","true","TOTAL","All Commodities","0","false","C00","TOTAL CPC","0","0","TOTAL MOT","-1","N/A","0","false","-1","N/A","0","false","0","true","0","false",,"109617352.41","109617352.41","4","false","true",
"C","A","20190101","2019","52","2019","120","CMR","Cameroon","X","Export","68","BOL","Bolivia (Plurinational State of)","0","W00","World","H5","HS","true","TOTAL","All Commodities","0","false","C00","TOTAL CPC","0","0","TOTAL MOT","-1","N/A","0","false","-1","N/A","0","false","0","false","0","false",,"91469.71","91469.71","0","false","true",
"C","A","20190101","2019","52","2019","120","CMR","Cameroon","X","Export","76","BRA","Brazil","0","W00","World","H5","HS","true","TOTAL","All Commodities","0","false","C00","TOTAL CPC","0","0","TOTAL MOT","-1","N/A","0","false","-1","N/A","0","false","0","false","0","false",,"24983809.26","24983809.26","0","false","true",
"C","A","20190101","2019","52","2019","120","CMR","Cameroon","X","Export","100","BGR","Bulgaria","0","W00","World","H5","HS","true","TOTAL","All Commodities","0","false","C00","TOTAL CPC","0","0","TOTAL MOT","-1","N/A","0","false","-1","N/A","0","false","0","false","0","false",,"102081.28","102081.28","0","false","true",
"C","A","20190101","2019","52","2019","120","CMR","Cameroon","X","Export","108","BDI","Burundi","0","W00","World","H5","HS","true","TOTAL","All Commodities","0","false","C00","TOTAL CPC","0","0","TOTAL MOT","-1","N/A","0","false","-1","N/A","0","false","0","false","0","false",,"42.66","42.66","0","false","true",
"C","A","20190101","2019","52","2019","120","CMR","Cameroon","X","Export","124","CAN","Canada","0","W00","World","H5","HS","true","TOTAL","All Commodities","0","false","C00","TOTAL CPC","0","0","TOTAL MOT","-1","N/A","0","false","-1","N/A","0","false","0","true","0","false",,"1598753.83","1598753.83","4","false","true",
"C","A","20190101","2019","52","2019","120","CMR","Cameroon","X","Export","132","CPV","Cabo Verde","0","W00","World","H5","HS","true","TOTAL","All Commodities","0","false","C00","TOTAL CPC","0","0","TOTAL MOT","-1","N/A","0","false","-1","N/A","0","false","0","false","0","false",,"287217.56","287217.56","0","false","true",
"C","A","20190101","2019","52","2019","120","CMR","Cameroon","X","Export","140","CAF","Central African Rep.","0","W00","World","H5","HS","true","TOTAL","All Commodities","0","false","C00","TOTAL CPC","0","0","TOTAL MOT","-1","N/A","0","false","-1","N/A","0","false","0","true","0","false",,"70007674.12","70007674.12","4","false","true",
"C","A","20190101","2019","52","2019","120","CMR","Cameroon","X","Export","144","LKA","Sri Lanka","0","W00","World","H5","HS","true","TOTAL","All Commodities","0","false","C00","TOTAL CPC","0","0","TOTAL MOT","-1","N/A","0","false","-1","N/A","0","false","0","false","0","false",,"47195.66","47195.66","0","false","true",
"C","A","20190101","2019","52","2019","120","CMR","Cameroon","X","Export","148","TCD","Chad","0","W00","World","H5","HS","true","TOTAL","All Commodities","0","false","C00","TOTAL CPC","0","0","TOTAL MOT","-1","N/A","0","false","-1","N/A","0","false","0","true","0","false",,"110929142.32","110929142.32","4","false","true",
"C","A","20190101","2019","52","2019","120","CMR","Cameroon","X","Export","156","CHN","China","0","W00","World","H5","HS","true","TOTAL","All Commodities","0","false","C00","TOTAL CPC","0","0","TOTAL MOT","-1","N/A","0","false","-1","N/A","0","false","0","false","0","false",,"750774497.19","750774497.19","0","false","true",
"C","A","20190101","2019","52","2019","120","CMR","Cameroon","X","Export","170","COL","Colombia","0","W00","World","H5","HS","true","TOTAL","All Commodities","0","false","C00","TOTAL CPC","0","0","TOTAL MOT","-1","N/A","0","false","-1","N/A","0","false","0","false","0","false",,"114774","114774","0","false","true",
"C","A","20190101","2019","52","2019","120","CMR","Cameroon","X","Export","174","COM","Comoros","0","W00","World","H5","HS","true","TOTAL","All Commodities","0","false","C00","TOTAL CPC","0","0","TOTAL MOT","-1","N/A","0","false","-1","N/A","0","false","0","false","0","false",,"28990.23","28990.23","0","false","true",
"C","A","20190101","2019","52","2019","120","CMR","Cameroon","X","Export","178","COG","Congo","0","W00","World","H5","HS","true","TOTAL","All Commodities","0","false","C00","TOTAL CPC","0","0","TOTAL MOT","-1","N/A","0","false","-1","N/A","0","false","0","true","0","false",,"29571252.43","29571252.43","4","false","true",
"C","A","20190101","2019","52","2019","120","CMR","Cameroon","X","Export","180","COD","Dem. Rep. of the Congo","0","W00","World","H5","HS","true","TOTAL","All Commodities","0","false","C00","TOTAL CPC","0","0","TOTAL MOT","-1","N/A","0","false","-1","N/A","0","false","0","false","0","false",,"4777453.48","4777453.48","0","false","true",
"C","A","20190101","2019","52","2019","120","CMR","Cameroon","X","Export","191","HRV","Croatia","0","W00","World","H5","HS","true","TOTAL","All Commodities","0","false","C00","TOTAL CPC","0","0","TOTAL MOT","-1","N/A","0","false","-1","N/A","0","false","0","false","0","false",,"685941.51","685941.51","0","false","true",
"C","A","20190101","2019","52","2019","120","CMR","Cameroon","X","Export","196","CYP","Cyprus","0","W00","World","H5","HS","true","TOTAL","All Commodities","0","false","C00","TOTAL CPC","0","0","TOTAL MOT","-1","N/A","0","false","-1","N/A","0","false","0","false","0","false",,"568513.78","568513.78","0","false","true",
"C","A","20190101","2019","52","2019","120","CMR","Cameroon","X","Export","203","CZE","Czechia","0","W00","World","H5","HS","true","TOTAL","All Commodities","0","false","C00","TOTAL CPC","0","0","TOTAL MOT","-1","N/A","0","false","-1","N/A","0","false","0","false","0","false",,"853.24","853.24","0","false","true",
"C","A","20190101","2019","52","2019","120","CMR","Cameroon","X","Export","204","BEN","Benin","0","W00","World","H5","HS","true","TOTAL","All Commodities","0","false","C00","TOTAL CPC","0","0","TOTAL MOT","-1","N/A","0","false","-1","N/A","0","false","0","false","0","false",,"1209070.32","1209070.32","0","false","true",
"C","A","20190101","2019","52","2019","120","CMR","Cameroon","X","Export","208","DNK","Denmark","0","W00","World","H5","HS","true","TOTAL","All Commodities","0","false","C00","TOTAL CPC","0","0","TOTAL MOT","-1","N/A","0","false","-1","N/A","0","false","0","false","0","false",,"497351.48","497351.48","0","false","true",
"C","A","20190101","2019","52","2019","120","CMR","Cameroon","X","Export","212","DMA","Dominica","0","W00","World","H5","HS","true","TOTAL","All Commodities","0","false","C00","TOTAL CPC","0","0","TOTAL MOT","-1","N/A","0","false","-1","N/A","0","false","0","false","0","false",,"28472.29","28472.29","0","false","true",
"C","A","20190101","2019","52","2019","120","CMR","Cameroon","X","Export","214","DOM","Dominican Rep.","0","W00","World","H5","HS","true","TOTAL","All Commodities","0","false","C00","TOTAL CPC","0","0","TOTAL MOT","-1","N/A","0","false","-1","N/A","0","false","0","false","0","false",,"1181853.44","1181853.44","0","false","true",
"C","A","20190101","2019","52","2019","120","CMR","Cameroon","X","Export","218","ECU","Ecuador","0","W00","World","H5","HS","true","TOTAL","All Commodities","0","false","C00","TOTAL CPC","0","0","TOTAL MOT","-1","N/A","0","false","-1","N/A","0","false","0","false","0","false",,"559.68","559.68","0","false","true",
"C","A","20190101","2019","52","2019","120","CMR","Cameroon","X","Export","226","GNQ","Equatorial Guinea","0","W00","World","H5","HS","true","TOTAL","All Commodities","0","false","C00","TOTAL CPC","0","0","TOTAL MOT","-1","N/A","0","false","-1","N/A","0","false","0","true","0","false",,"16284792.87","16284792.87","4","false","true",
"C","A","20190101","2019","52","2019","120","CMR","Cameroon","X","Export","231","ETH","Ethiopia","0","W00","World","H5","HS","true","TOTAL","All Commodities","0","false","C00","TOTAL CPC","0","0","TOTAL MOT","-1","N/A","0","false","-1","N/A","0","false","0","false","0","false",,"18207.32","18207.32","0","false","true",
"C","A","20190101","2019","52","2019","120","CMR","Cameroon","X","Export","233","EST","Estonia","0","W00","World","H5","HS","true","TOTAL","All Commodities","0","false","C00","TOTAL CPC","0","0","TOTAL MOT","-1","N/A","0","false","-1","N/A","0","false","0","false","0","false",,"37338.94","37338.94","0","false","true",
"C","A","20190101","2019","52","2019","120","CMR","Cameroon","X","Export","246","FIN","Finland","0","W00","World","H5","HS","true","TOTAL","All Commodities","0","false","C00","TOTAL CPC","0","0","TOTAL MOT","-1","N/A","0","false","-1","N/A","0","false","0","false","0","false",,"679946.63","679946.63","0","false","true",
"C","A","20190101","2019","52","2019","120","CMR","Cameroon","X","Export","251","FRA","France","0","W00","World","H5","HS","true","TOTAL","All Commodities","0","false","C00","TOTAL CPC","0","0","TOTAL MOT","-1","N/A","0","false","-1","N/A","0","false","0","true","0","false",,"127339718.923","127339718.923","4","false","true",
"C","A","20190101","2019","52","2019","120","CMR","Cameroon","X","Export","262","DJI","Djibouti","0","W00","World","H5","HS","true","TOTAL","All Commodities","0","false","C00","TOTAL CPC","0","0","TOTAL MOT","-1","N/A","0","false","-1","N/A","0","false","0","false","0","false",,"117.97","117.97","0","false","true",
"C","A","20190101","2019","52","2019","120","CMR","Cameroon","X","Export","266","GAB","Gabon","0","W00","World","H5","HS","true","TOTAL","All Commodities","0","false","C00","TOTAL CPC","0","0","TOTAL MOT","-1","N/A","0","false","-1","N/A","0","false","0","false","0","false",,"39683794.4","39683794.4","0","false","true",
"C","A","20190101","2019","52","2019","120","CMR","Cameroon","X","Export","268","GEO","Georgia","0","W00","World","H5","HS","true","TOTAL","All Commodities","0","false","C00","TOTAL CPC","0","0","TOTAL MOT","-1","N/A","0","false","-1","N/A","0","false","0","false","0","false",,"23425.74","23425.74","0","false","true",
"C","A","20190101","2019","52","2019","120","CMR","Cameroon","X","Export","276","DEU","Germany","0","W00","World","H5","HS","true","TOTAL","All Commodities","0","false","C00","TOTAL CPC","0","0","TOTAL MOT","-1","N/A","0","false","-1","N/A","0","false","0","false","0","false",,"48000415.8","48000415.8","0","false","true",
"C","A","20190101","2019","52","2019","120","CMR","Cameroon","X","Export","288","GHA","Ghana","0","W00","World","H5","HS","true","TOTAL","All Commodities","0","false","C00","TOTAL CPC","0","0","TOTAL MOT","-1","N/A","0","false","-1","N/A","0","false","0","false","0","false",,"3149341.39","3149341.39","0","false","true",
"C","A","20190101","2019","52","2019","120","CMR","Cameroon","X","Export","300","GRC","Greece","0","W00","World","H5","HS","true","TOTAL","All Commodities","0","false","C00","TOTAL CPC","0","0","TOTAL MOT","-1","N/A","0","false","-1","N/A","0","false","0","false","0","false",,"2271338.94","2271338.94","0","false","true",
"C","A","20190101","2019","52","2019","120","CMR","Cameroon","X","Export","320","GTM","Guatemala","0","W00","World","H5","HS","true","TOTAL","All Commodities","0","false","C00","TOTAL CPC","0","0","TOTAL MOT","-1","N/A","0","false","-1","N/A","0","false","0","false","0","false",,"42101.55","42101.55","0","false","true",
"C","A","20190101","2019","52","2019","120","CMR","Cameroon","X","Export","324","GIN","Guinea","0","W00","World","H5","HS","true","TOTAL","All Commodities","0","false","C00","TOTAL CPC","0","0","TOTAL MOT","-1","N/A","0","false","-1","N/A","0","false","0","false","0","false",,"278309.47","278309.47","0","false","true",
"C","A","20190101","2019","52","2019","120","CMR","Cameroon","X","Export","340","HND","Honduras","0","W00","World","H5","HS","true","TOTAL","All Commodities","0","false","C00","TOTAL CPC","0","0","TOTAL MOT","-1","N/A","0","false","-1","N/A","0","false","0","false","0","false",,"20645.03","20645.03","0","false","true",
"C","A","20190101","2019","52","2019","120","CMR","Cameroon","X","Export","344","HKG","China, Hong Kong SAR","0","W00","World","H5","HS","true","TOTAL","All Commodities","0","false","C00","TOTAL CPC","0","0","TOTAL MOT","-1","N/A","0","false","-1","N/A","0","false","0","false","0","false",,"7716.02","7716.02","0","false","true",
"C","A","20190101","2019","52","2019","120","CMR","Cameroon","X","Export","348","HUN","Hungary","0","W00","World","H5","HS","true","TOTAL","All Commodities","0","false","C00","TOTAL CPC","0","0","TOTAL MOT","-1","N/A","0","false","-1","N/A","0","false","0","false","0","false",,"2608.44","2608.44","0","false","true",
"C","A","20190101","2019","52","2019","120","CMR","Cameroon","X","Export","360","IDN","Indonesia","0","W00","World","H5","HS","true","TOTAL","All Commodities","0","false","C00","TOTAL CPC","0","0","TOTAL MOT","-1","N/A","0","false","-1","N/A","0","false","0","false","0","false",,"55852966.54","55852966.54","0","false","true",
"C","A","20190101","2019","52","2019","120","CMR","Cameroon","X","Export","368","IRQ","Iraq","0","W00","World","H5","HS","true","TOTAL","All Commodities","0","false","C00","TOTAL CPC","0","0","TOTAL MOT","-1","N/A","0","false","-1","N/A","0","false","0","false","0","false",,"46605.43","46605.43","0","false","true",
"C","A","20190101","2019","52","2019","120","CMR","Cameroon","X","Export","372","IRL","Ireland","0","W00","World","H5","HS","true","TOTAL","All Commodities","0","false","C00","TOTAL CPC","0","0","TOTAL MOT","-1","N/A","0","false","-1","N/A","0","false","0","false","0","false",,"9144583.06","9144583.06","0","false","true",
"C","A","20190101","2019","52","2019","120","CMR","Cameroon","X","Export","376","ISR","Israel","0","W00","World","H5","HS","true","TOTAL","All Commodities","0","false","C00","TOTAL CPC","0","0","TOTAL MOT","-1","N/A","0","false","-1","N/A","0","false","0","false","0","false",,"2732.09","2732.09","0","false","true",
"C","A","20190101","2019","52","2019","120","CMR","Cameroon","X","Export","380","ITA","Italy","0","W00","World","H5","HS","true","TOTAL","All Commodities","0","false","C00","TOTAL CPC","0","0","TOTAL MOT","-1","N/A","0","false","-1","N/A","0","false","0","true","0","false",,"497093823.61","497093823.61","4","false","true",
"C","A","20190101","2019","52","2019","120","CMR","Cameroon","X","Export","384","CIV","Côte d'Ivoire","0","W00","World","H5","HS","true","TOTAL","All Commodities","0","false","C00","TOTAL CPC","0","0","TOTAL MOT","-1","N/A","0","false","-1","N/A","0","false","0","false","0","false",,"4565356.82","4565356.82","0","false","true",
"C","A","20190101","2019","52","2019","120","CMR","Cameroon","X","Export","392","JPN","Japan","0","W00","World","H5","HS","true","TOTAL","All Commodities","0","false","C00","TOTAL CPC","0","0","TOTAL MOT","-1","N/A","0","false","-1","N/A","0","false","0","true","0","false",,"25966499.23","25966499.23","4","false","true",
"C","A","20190101","2019","52","2019","120","CMR","Cameroon","X","Export","400","JOR","Jordan","0","W00","World","H5","HS","true","TOTAL","All Commodities","0","false","C00","TOTAL CPC","0","0","TOTAL MOT","-1","N/A","0","false","-1","N/A","0","false","0","false","0","false",,"6190514.37","6190514.37","0","false","true",
"C","A","20190101","2019","52","2019","120","CMR","Cameroon","X","Export","404","KEN","Kenya","0","W00","World","H5","HS","true","TOTAL","All Commodities","0","false","C00","TOTAL CPC","0","0","TOTAL MOT","-1","N/A","0","false","-1","N/A","0","false","0","true","0","false",,"329655.85","329655.85","4","false","true",
"C","A","20190101","2019","52","2019","120","CMR","Cameroon","X","Export","408","PRK","Dem. People's Rep. of Korea","0","W00","World","H5","HS","true","TOTAL","All Commodities","0","false","C00","TOTAL CPC","0","0","TOTAL MOT","-1","N/A","0","false","-1","N/A","0","false","0","false","0","false",,"19321.73","19321.73","0","false","true",
"C","A","20190101","2019","52","2019","120","CMR","Cameroon","X","Export","410","KOR","Rep. of Korea","0","W00","World","H5","HS","true","TOTAL","All Commodities","0","false","C00","TOTAL CPC","0","0","TOTAL MOT","-1","N/A","0","false","-1","N/A","0","false","0","false","0","false",,"441200.1","441200.1","0","false","true",
"C","A","20190101","2019","52","2019","120","CMR","Cameroon","X","Export","414","KWT","Kuwait","0","W00","World","H5","HS","true","TOTAL","All Commodities","0","false","C00","TOTAL CPC","0","0","TOTAL MOT","-1","N/A","0","false","-1","N/A","0","false","0","false","0","false",,"78240.19","78240.19","0","false","true",
"C","A","20190101","2019","52","2019","120","CMR","Cameroon","X","Export","422","LBN","Lebanon","0","W00","World","H5","HS","true","TOTAL","All Commodities","0","false","C00","TOTAL CPC","0","0","TOTAL MOT","-1","N/A","0","false","-1","N/A","0","false","0","false","0","false",,"1853956.46","1853956.46","0","false","true",
"C","A","20190101","2019","52","2019","120","CMR","Cameroon","X","Export","434","LBY","Libya","0","W00","World","H5","HS","true","TOTAL","All Commodities","0","false","C00","TOTAL CPC","0","0","TOTAL MOT","-1","N/A","0","false","-1","N/A","0","false","0","false","0","false",,"73620.9","73620.9","0","false","true",
"C","A","20190101","2019","52","2019","120","CMR","Cameroon","X","Export","442","LUX","Luxembourg","0","W00","World","H5","HS","true","TOTAL","All Commodities","0","false","C00","TOTAL CPC","0","0","TOTAL MOT","-1","N/A","0","false","-1","N/A","0","false","0","false","0","false",,"5235.16","5235.16","0","false","true",
"C","A","20190101","2019","52","2019","120","CMR","Cameroon","X","Export","458","MYS","Malaysia","0","W00","World","H5","HS","true","TOTAL","All Commodities","0","false","C00","TOTAL CPC","0","0","TOTAL MOT","-1","N/A","0","false","-1","N/A","0","false","0","true","0","false",,"104307694.45","104307694.45","4","false","true",
"C","A","20190101","2019","52","2019","120","CMR","Cameroon","X","Export","466","MLI","Mali","0","W00","World","H5","HS","true","TOTAL","All Commodities","0","false","C00","TOTAL CPC","0","0","TOTAL MOT","-1","N/A","0","false","-1","N/A","0","false","0","false","0","false",,"588664.02","588664.02","0","false","true",
"C","A","20190101","2019","52","2019","120","CMR","Cameroon","X","Export","470","MLT","Malta","0","W00","World","H5","HS","true","TOTAL","All Commodities","0","false","C00","TOTAL CPC","0","0","TOTAL MOT","-1","N/A","0","false","-1","N/A","0","false","0","false","0","false",,"338668.91","338668.91","0","false","true",
"C","A","20190101","2019","52","2019","120","CMR","Cameroon","X","Export","478","MRT","Mauritania","0","W00","World","H5","HS","true","TOTAL","All Commodities","0","false","C00","TOTAL CPC","0","0","TOTAL MOT","-1","N/A","0","false","-1","N/A","0","false","0","false","0","false",,"636735.84","636735.84","0","false","true",
"C","A","20190101","2019","52","2019","120","CMR","Cameroon","X","Export","480","MUS","Mauritius","0","W00","World","H5","HS","true","TOTAL","All Commodities","0","false","C00","TOTAL CPC","0","0","TOTAL MOT","-1","N/A","0","false","-1","N/A","0","false","0","true","0","false",,"2326193.74","2326193.74","4","false","true",
"C","A","20190101","2019","52","2019","120","CMR","Cameroon","X","Export","484","MEX","Mexico","0","W00","World","H5","HS","true","TOTAL","All Commodities","0","false","C00","TOTAL CPC","0","0","TOTAL MOT","-1","N/A","0","false","-1","N/A","0","false","0","false","0","false",,"5061233.48","5061233.48","0","false","true",
"C","A","20190101","2019","52","2019","120","CMR","Cameroon","X","Export","490","S19","Other Asia, nes","0","W00","World","H5","HS","true","TOTAL","All Commodities","0","false","C00","TOTAL CPC","0","0","TOTAL MOT","-1","N/A","0","false","-1","N/A","0","false","0","false","0","false",,"26154739.1","26154739.1","0","false","true",
"C","A","20190101","2019","52","2019","120","CMR","Cameroon","X","Export","504","MAR","Morocco","0","W00","World","H5","HS","true","TOTAL","All Commodities","0","false","C00","TOTAL CPC","0","0","TOTAL MOT","-1","N/A","0","false","-1","N/A","0","false","0","true","0","false",,"1873839.51","1873839.51","4","false","true",
"C","A","20190101","2019","52","2019","120","CMR","Cameroon","X","Export","508","MOZ","Mozambique","0","W00","World","H5","HS","true","TOTAL","All Commodities","0","false","C00","TOTAL CPC","0","0","TOTAL MOT","-1","N/A","0","false","-1","N/A","0","false","0","false","0","false",,"53275.69","53275.69","0","false","true",
"C","A","20190101","2019","52","2019","120","CMR","Cameroon","X","Export","512","OMN","Oman","0","W00","World","H5","HS","true","TOTAL","All Commodities","0","false","C00","TOTAL CPC","0","0","TOTAL MOT","-1","N/A","0","false","-1","N/A","0","false","0","false","0","false",,"99085.28","99085.28","0","false","true",
"C","A","20190101","2019","52","2019","120","CMR","Cameroon","X","Export","516","NAM","Namibia","0","W00","World","H5","HS","true","TOTAL","All Commodities","0","false","C00","TOTAL CPC","0","0","TOTAL MOT","-1","N/A","0","false","-1","N/A","0","false","0","false","0","false",,"267415.42","267415.42","0","false","true",
"C","A","20190101","2019","52","2019","120","CMR","Cameroon","X","Export","528","NLD","Netherlands","0","W00","World","H5","HS","true","TOTAL","All Commodities","0","false","C00","TOTAL CPC","0","0","TOTAL MOT","-1","N/A","0","false","-1","N/A","0","false","0","true","0","false",,"524993123.94","524993123.94","4","false","true",
"C","A","20190101","2019","52","2019","120","CMR","Cameroon","X","Export","554","NZL","New Zealand","0","W00","World","H5","HS","true","TOTAL","All Commodities","0","false","C00","TOTAL CPC","0","0","TOTAL MOT","-1","N/A","0","false","-1","N/A","0","false","0","false","0","false",,"24398.8","24398.8","0","false","true",
"C","A","20190101","2019","52","2019","120","CMR","Cameroon","X","Export","558","NIC","Nicaragua","0","W00","World","H5","HS","true","TOTAL","All Commodities","0","false","C00","TOTAL CPC","0","0","TOTAL MOT","-1","N/A","0","false","-1","N/A","0","false","0","false","0","false",,"708083.7","708083.7","0","false","true",
"C","A","20190101","2019","52","2019","120","CMR","Cameroon","X","Export","562","NER","Niger","0","W00","World","H5","HS","true","TOTAL","All Commodities","0","false","C00","TOTAL CPC","0","0","TOTAL MOT","-1","N/A","0","false","-1","N/A","0","false","0","false","0","false",,"20354.06","20354.06","0","false","true",
"C","A","20190101","2019","52","2019","120","CMR","Cameroon","X","Export","566","NGA","Nigeria","0","W00","World","H5","HS","true","TOTAL","All Commodities","0","false","C00","TOTAL CPC","0","0","TOTAL MOT","-1","N/A","0","false","-1","N/A","0","false","0","false","0","false",,"43283577.34","43283577.34","0","false","true",
"C","A","20190101","2019","52","2019","120","CMR","Cameroon","X","Export","579","NOR","Norway","0","W00","World","H5","HS","true","TOTAL","All Commodities","0","false","C00","TOTAL CPC","0","0","TOTAL MOT","-1","N/A","0","false","-1","N/A","0","false","0","false","0","false",,"35473.46","35473.46","0","false","true",
"C","A","20190101","2019","52","2019","120","CMR","Cameroon","X","Export","586","PAK","Pakistan","0","W00","World","H5","HS","true","TOTAL","All Commodities","0","false","C00","TOTAL CPC","0","0","TOTAL MOT","-1","N/A","0","false","-1","N/A","0","false","0","false","0","false",,"682653.81","682653.81","0","false","true",
"C","A","20190101","2019","52","2019","120","CMR","Cameroon","X","Export","591","PAN","Panama","0","W00","World","H5","HS","true","TOTAL","All Commodities","0","false","C00","TOTAL CPC","0","0","TOTAL MOT","-1","N/A","0","false","-1","N/A","0","false","0","false","0","false",,"19448.8","19448.8","0","false","true",
"C","A","20190101","2019","52","2019","120","CMR","Cameroon","X","Export","608","PHL","Philippines","0","W00","World","H5","HS","true","TOTAL","All Commodities","0","false","C00","TOTAL CPC","0","0","TOTAL MOT","-1","N/A","0","false","-1","N/A","0","false","0","false","0","false",,"49964.89","49964.89","0","false","true",
"C","A","20190101","2019","52","2019","120","CMR","Cameroon","X","Export","616","POL","Poland","0","W00","World","H5","HS","true","TOTAL","All Commodities","0","false","C00","TOTAL CPC","0","0","TOTAL MOT","-1","N/A","0","false","-1","N/A","0","false","0","false","0","false",,"163396.81","163396.81","0","false","true",
"C","A","20190101","2019","52","2019","120","CMR","Cameroon","X","Export","620","PRT","Portugal","0","W00","World","H5","HS","true","TOTAL","All Commodities","0","false","C00","TOTAL CPC","0","0","TOTAL MOT","-1","N/A","0","false","-1","N/A","0","false","0","false","0","false",,"65726141.67","65726141.67","0","false","true",
"C","A","20190101","2019","52","2019","120","CMR","Cameroon","X","Export","634","QAT","Qatar","0","W00","World","H5","HS","true","TOTAL","All Commodities","0","false","C00","TOTAL CPC","0","0","TOTAL MOT","-1","N/A","0","false","-1","N/A","0","false","0","false","0","false",,"153182.24","153182.24","0","false","true",
"C","A","20190101","2019","52","2019","120","CMR","Cameroon","X","Export","642","ROU","Romania","0","W00","World","H5","HS","true","TOTAL","All Commodities","0","false","C00","TOTAL CPC","0","0","TOTAL MOT","-1","N/A","0","false","-1","N/A","0","false","0","false","0","false",,"1867179.35","1867179.35","0","false","true",
"C","A","20190101","2019","52","2019","120","CMR","Cameroon","X","Export","643","RUS","Russian Federation","0","W00","World","H5","HS","true","TOTAL","All Commodities","0","false","C00","TOTAL CPC","0","0","TOTAL MOT","-1","N/A","0","false","-1","N/A","0","false","0","false","0","false",,"469398.07","469398.07","0","false","true",
"C","A","20190101","2019","52","2019","120","CMR","Cameroon","X","Export","646","RWA","Rwanda","0","W00","World","H5","HS","true","TOTAL","All Commodities","0","false","C00","TOTAL CPC","0","0","TOTAL MOT","-1","N/A","0","false","-1","N/A","0","false","0","false","0","false",,"31356.28","31356.28","0","false","true",
"C","A","20190101","2019","52","2019","120","CMR","Cameroon","X","Export","654","SHN","Saint Helena","0","W00","World","H5","HS","true","TOTAL","All Commodities","0","false","C00","TOTAL CPC","0","0","TOTAL MOT","-1","N/A","0","false","-1","N/A","0","false","0","false","0","false",,"76.79","76.79","0","false","true",
"C","A","20190101","2019","52","2019","120","CMR","Cameroon","X","Export","670","VCT","Saint Vincent and the Grenadines","0","W00","World","H5","HS","true","TOTAL","All Commodities","0","false","C00","TOTAL CPC","0","0","TOTAL MOT","-1","N/A","0","false","-1","N/A","0","false","0","false","0","false",,"49573.91","49573.91","0","false","true",
"C","A","20190101","2019","52","2019","120","CMR","Cameroon","X","Export","682","SAU","Saudi Arabia","0","W00","World","H5","HS","true","TOTAL","All Commodities","0","false","C00","TOTAL CPC","0","0","TOTAL MOT","-1","N/A","0","false","-1","N/A","0","false","0","false","0","false",,"3049129.74","3049129.74","0","false","true",
"C","A","20190101","2019","52","2019","120","CMR","Cameroon","X","Export","686","SEN","Senegal","0","W00","World","H5","HS","true","TOTAL","All Commodities","0","false","C00","TOTAL CPC","0","0","TOTAL MOT","-1","N/A","0","false","-1","N/A","0","false","0","false","0","false",,"25824505.56","25824505.56","0","false","true",
"C","A","20190101","2019","52","2019","120","CMR","Cameroon","X","Export","694","SLE","Sierra Leone","0","W00","World","H5","HS","true","TOTAL","All Commodities","0","false","C00","TOTAL CPC","0","0","TOTAL MOT","-1","N/A","0","false","-1","N/A","0","false","0","false","0","false",,"6322.64","6322.64","0","false","true",
"C","A","20190101","2019","52","2019","120","CMR","Cameroon","X","Export","699","IND","India","0","W00","World","H5","HS","true","TOTAL","All Commodities","0","false","C00","TOTAL CPC","0","0","TOTAL MOT","-1","N/A","0","false","-1","N/A","0","false","0","false","0","false",,"450116508.09","450116508.09","0","false","true",
"C","A","20190101","2019","52","2019","120","CMR","Cameroon","X","Export","702","SGP","Singapore","0","W00","World","H5","HS","true","TOTAL","All Commodities","0","false","C00","TOTAL CPC","0","0","TOTAL MOT","-1","N/A","0","false","-1","N/A","0","false","0","false","0","false",,"22794443","22794443","0","false","true",
"C","A","20190101","2019","52","2019","120","CMR","Cameroon","X","Export","704","VNM","Viet Nam","0","W00","World","H5","HS","true","TOTAL","All Commodities","0","false","C00","TOTAL CPC","0","0","TOTAL MOT","-1","N/A","0","false","-1","N/A","0","false","0","false","0","false",,"91962105.55","91962105.55","0","false","true",
"C","A","20190101","2019","52","2019","120","CMR","Cameroon","X","Export","705","SVN","Slovenia","0","W00","World","H5","HS","true","TOTAL","All Commodities","0","false","C00","TOTAL CPC","0","0","TOTAL MOT","-1","N/A","0","false","-1","N/A","0","false","0","false","0","false",,"665499.62","665499.62","0","false","true",
"C","A","20190101","2019","52","2019","120","CMR","Cameroon","X","Export","710","ZAF","South Africa","0","W00","World","H5","HS","true","TOTAL","All Commodities","0","false","C00","TOTAL CPC","0","0","TOTAL MOT","-1","N/A","0","false","-1","N/A","0","false","0","true","0","false",,"3442185.38","3442185.38","4","false","true",
"C","A","20190101","2019","52","2019","120","CMR","Cameroon","X","Export","724","ESP","Spain","0","W00","World","H5","HS","true","TOTAL","All Commodities","0","false","C00","TOTAL CPC","0","0","TOTAL MOT","-1","N/A","0","false","-1","N/A","0","false","0","true","0","false",,"287322625.13","287322625.13","4","false","true",
"C","A","20190101","2019","52","2019","120","CMR","Cameroon","X","Export","729","SDN","Sudan","0","W00","World","H5","HS","true","TOTAL","All Commodities","0","false","C00","TOTAL CPC","0","0","TOTAL MOT","-1","N/A","0","false","-1","N/A","0","false","0","false","0","false",,"1801084.48","1801084.48","0","false","true",
"C","A","20190101","2019","52","2019","120","CMR","Cameroon","X","Export","752","SWE","Sweden","0","W00","World","H5","HS","true","TOTAL","All Commodities","0","false","C00","TOTAL CPC","0","0","TOTAL MOT","-1","N/A","0","false","-1","N/A","0","false","0","false","0","false",,"881619.26","881619.26","0","false","true",
"C","A","20190101","2019","52","2019","120","CMR","Cameroon","X","Export","757","CHE","Switzerland","0","W00","World","H5","HS","true","TOTAL","All Commodities","0","false","C00","TOTAL CPC","0","0","TOTAL MOT","-1","N/A","0","false","-1","N/A","0","false","0","false","0","false",,"78469.15","78469.15","0","false","true",
"C","A","20190101","2019","52","2019","120","CMR","Cameroon","X","Export","762","TJK","Tajikistan","0","W00","World","H5","HS","true","TOTAL","All Commodities","0","false","C00","TOTAL CPC","0","0","TOTAL MOT","-1","N/A","0","false","-1","N/A","0","false","0","false","0","false",,"13191.23","13191.23","0","false","true",
"C","A","20190101","2019","52","2019","120","CMR","Cameroon","X","Export","764","THA","Thailand","0","W00","World","H5","HS","true","TOTAL","All Commodities","0","false","C00","TOTAL CPC","0","0","TOTAL MOT","-1","N/A","0","false","-1","N/A","0","false","0","false","0","false",,"1230748.15","1230748.15","0","false","true",
"C","A","20190101","2019","52","2019","120","CMR","Cameroon","X","Export","768","TGO","Togo","0","W00","World","H5","HS","true","TOTAL","All Commodities","0","false","C00","TOTAL CPC","0","0","TOTAL MOT","-1","N/A","0","false","-1","N/A","0","false","0","true","0","false",,"1168596.16","1168596.16","4","false","true",
"C","A","20190101","2019","52","2019","120","CMR","Cameroon","X","Export","784","ARE","United Arab Emirates","0","W00","World","H5","HS","true","TOTAL","All Commodities","0","false","C00","TOTAL CPC","0","0","TOTAL MOT","-1","N/A","0","false","-1","N/A","0","false","0","true","0","false",,"7989926.89","7989926.89","4","false","true",
"C","A","20190101","2019","52","2019","120","CMR","Cameroon","X","Export","788","TUN","Tunisia","0","W00","World","H5","HS","true","TOTAL","All Commodities","0","false","C00","TOTAL CPC","0","0","TOTAL MOT","-1","N/A","0","false","-1","N/A","0","false","0","false","0","false",,"1378065.63","1378065.63","0","false","true",
"C","A","20190101","2019","52","2019","120","CMR","Cameroon","X","Export","792","TUR","Türkiye","0","W00","World","H5","HS","true","TOTAL","All Commodities","0","false","C00","TOTAL CPC","0","0","TOTAL MOT","-1","N/A","0","false","-1","N/A","0","false","0","false","0","false",,"18605809.06","18605809.06","0","false","true",
"C","A","20190101","2019","52","2019","120","CMR","Cameroon","X","Export","796","TCA","Turks and Caicos Isds","0","W00","World","H5","HS","true","TOTAL","All Commodities","0","false","C00","TOTAL CPC","0","0","TOTAL MOT","-1","N/A","0","false","-1","N/A","0","false","0","false","0","false",,"136771.72","136771.72","0","false","true",
"C","A","20190101","2019","52","2019","120","CMR","Cameroon","X","Export","800","UGA","Uganda","0","W00","World","H5","HS","true","TOTAL","All Commodities","0","false","C00","TOTAL CPC","0","0","TOTAL MOT","-1","N/A","0","false","-1","N/A","0","false","0","false","0","false",,"79737.16","79737.16","0","false","true",
"C","A","20190101","2019","52","2019","120","CMR","Cameroon","X","Export","818","EGY","Egypt","0","W00","World","H5","HS","true","TOTAL","All Commodities","0","false","C00","TOTAL CPC","0","0","TOTAL MOT","-1","N/A","0","false","-1","N/A","0","false","0","false","0","false",,"1803757.04","1803757.04","0","false","true",
"C","A","20190101","2019","52","2019","120","CMR","Cameroon","X","Export","826","GBR","United Kingdom","0","W00","World","H5","HS","true","TOTAL","All Commodities","0","false","C00","TOTAL CPC","0","0","TOTAL MOT","-1","N/A","0","false","-1","N/A","0","false","0","true","0","false",,"40778961.53","40778961.53","4","false","true",
"C","A","20190101","2019","52","2019","120","CMR","Cameroon","X","Export","842","USA","USA","0","W00","World","H5","HS","true","TOTAL","All Commodities","0","false","C00","TOTAL CPC","0","0","TOTAL MOT","-1","N/A","0","false","-1","N/A","0","false","0","true","0","false",,"239250776.82","239250776.82","4","false","true",
"C","A","20190101","2019","52","2019","120","CMR","Cameroon","X","Export","854","BFA","Burkina Faso","0","W00","World","H5","HS","true","TOTAL","All Commodities","0","false","C00","TOTAL CPC","0","0","TOTAL MOT","-1","N/A","0","false","-1","N/A","0","false","0","false","0","false",,"4075496.62","4075496.62","0","false","true",
"C","A","20190101","2019","52","2019","120","CMR","Cameroon","X","Export","887","YEM","Yemen","0","W00","World","H5","HS","true","TOTAL","All Commodities","0","false","C00","TOTAL CPC","0","0","TOTAL MOT","-1","N/A","0","false","-1","N/A","0","false","0","false","0","false",,"1916277.07","1916277.07","0","false","true",
"C","A","20190101","2019","52","2019","120","CMR","Cameroon","X","Export","894","ZMB","Zambia","0","W00","World","H5","HS","true","TOTAL","All Commodities","0","false","C00","TOTAL CPC","0","0","TOTAL MOT","-1","N/A","0","false","-1","N/A","0","false","0","false","0","false",,"136492.8","136492.8","0","false","true",
"C","A","20190101","2019","52","2019","120","CMR","Cameroon","X","Export","899","_X ","Areas, nes","0","W00","World","H5","HS","true","TOTAL","All Commodities","0","false","C00","TOTAL CPC","0","0","TOTAL MOT","-1","N/A","0","false","-1","N/A","0","false","0","true","0","false",,"17406.21","17406.21","4","false","true",
"C","A","20200101","2020","52","2020","120","CMR","Cameroon","M","Import","0","W00","World","0","W00","World","H5","HS","true","TOTAL","All Commodities","0","false","C00","TOTAL CPC","0","0","TOTAL MOT","-1","N/A","0","false","-1","N/A","0","false","0","true","0","false","5610413588.94",,"5610413588.94","4","false","true",
"C","A","20200101","2020","52","2020","120","CMR","Cameroon","M","Import","4","AFG","Afghanistan","0","W00","World","H5","HS","true","TOTAL","All Commodities","0","false","C00","TOTAL CPC","0","0","TOTAL MOT","-1","N/A","0","false","-1","N/A","0","false","0","false","0","false","56427.93",,"56427.93","0","false","true",
"C","A","20200101","2020","52","2020","120","CMR","Cameroon","M","Import","8","ALB","Albania","0","W00","World","H5","HS","true","TOTAL","All Commodities","0","false","C00","TOTAL CPC","0","0","TOTAL MOT","-1","N/A","0","false","-1","N/A","0","false","0","false","0","false","1208189.46",,"1208189.46","0","false","true",
"C","A","20200101","2020","52","2020","120","CMR","Cameroon","M","Import","10","ATA","Antarctica","0","W00","World","H5","HS","true","TOTAL","All Commodities","0","false","C00","TOTAL CPC","0","0","TOTAL MOT","-1","N/A","0","false","-1","N/A","0","false","0","false","0","false","43.62",,"43.62","0","false","true",
"C","A","20200101","2020","52","2020","120","CMR","Cameroon","M","Import","12","DZA","Algeria","0","W00","World","H5","HS","true","TOTAL","All Commodities","0","false","C00","TOTAL CPC","0","0","TOTAL MOT","-1","N/A","0","false","-1","N/A","0","false","0","false","0","false","23601351.27",,"23601351.27","0","false","true",
"C","A","20200101","2020","52","2020","120","CMR","Cameroon","M","Import","20","AND","Andorra","0","W00","World","H5","HS","true","TOTAL","All Commodities","0","false","C00","TOTAL CPC","0","0","TOTAL MOT","-1","N/A","0","false","-1","N/A","0","false","0","false","0","false","1613.31",,"1613.31","0","false","true",
"C","A","20200101","2020","52","2020","120","CMR","Cameroon","M","Import","24","AGO","Angola","0","W00","World","H5","HS","true","TOTAL","All Commodities","0","false","C00","TOTAL CPC","0","0","TOTAL MOT","-1","N/A","0","false","-1","N/A","0","false","0","false","0","false","4702348.29",,"4702348.29","0","false","true",
"C","A","20200101","2020","52","2020","120","CMR","Cameroon","M","Import","28","ATG","Antigua and Barbuda","0","W00","World","H5","HS","true","TOTAL","All Commodities","0","false","C00","TOTAL CPC","0","0","TOTAL MOT","-1","N/A","0","false","-1","N/A","0","false","0","false","0","false","69.8",,"69.8","0","false","true",
"C","A","20200101","2020","52","2020","120","CMR","Cameroon","M","Import","32","ARG","Argentina","0","W00","World","H5","HS","true","TOTAL","All Commodities","0","false","C00","TOTAL CPC","0","0","TOTAL MOT","-1","N/A","0","false","-1","N/A","0","false","0","false","0","false","59943651.27",,"59943651.27","0","false","true",
"C","A","20200101","2020","52","2020","120","CMR","Cameroon","M","Import","36","AUS","Australia","0","W00","World","H5","HS","true","TOTAL","All Commodities","0","false","C00","TOTAL CPC","0","0","TOTAL MOT","-1","N/A","0","false","-1","N/A","0","false","0","true","0","false","3048984.86",,"3048984.86","4","false","true",
"C","A","20200101","2020","52","2020","120","CMR","Cameroon","M","Import","40","AUT","Austria","0","W00","World","H5","HS","true","TOTAL","All Commodities","0","false","C00","TOTAL CPC","0","0","TOTAL MOT","-1","N/A","0","false","-1","N/A","0","false","0","false","0","false","13965871.37",,"13965871.37","0","false","true",
"C","A","20200101","2020","52","2020","120","CMR","Cameroon","M","Import","48","BHR","Bahrain","0","W00","World","H5","HS","true","TOTAL","All Commodities","0","false","C00","TOTAL CPC","0","0","TOTAL MOT","-1","N/A","0","false","-1","N/A","0","false","0","false","0","false","1333330.6",,"1333330.6","0","false","true",
"C","A","20200101","2020","52","2020","120","CMR","Cameroon","M","Import","50","BGD","Bangladesh","0","W00","World","H5","HS","true","TOTAL","All Commodities","0","false","C00","TOTAL CPC","0","0","TOTAL MOT","-1","N/A","0","false","-1","N/A","0","false","0","false","0","false","3882042.75",,"3882042.75","0","false","true",
"C","A","20200101","2020","52","2020","120","CMR","Cameroon","M","Import","51","ARM","Armenia","0","W00","World","H5","HS","true","TOTAL","All Commodities","0","false","C00","TOTAL CPC","0","0","TOTAL MOT","-1","N/A","0","false","-1","N/A","0","false","0","false","0","false","95.97",,"95.97","0","false","true",
"C","A","20200101","2020","52","2020","120","CMR","Cameroon","M","Import","52","BRB","Barbados","0","W00","World","H5","HS","true","TOTAL","All Commodities","0","false","C00","TOTAL CPC","0","0","TOTAL MOT","-1","N/A","0","false","-1","N/A","0","false","0","false","0","false","326.14",,"326.14","0","false","true",
"C","A","20200101","2020","52","2020","120","CMR","Cameroon","M","Import","56","BEL","Belgium","0","W00","World","H5","HS","true","TOTAL","All Commodities","0","false","C00","TOTAL CPC","0","0","TOTAL MOT","-1","N/A","0","false","-1","N/A","0","false","0","true","0","false","316134458.43",,"316134458.43","4","false","true",
"C","A","20200101","2020","52","2020","120","CMR","Cameroon","M","Import","70","BIH","Bosnia Herzegovina","0","W00","World","H5","HS","true","TOTAL","All Commodities","0","false","C00","TOTAL CPC","0","0","TOTAL MOT","-1","N/A","0","false","-1","N/A","0","false","0","false","0","false","202859.58",,"202859.58","0","false","true",
"C","A","20200101","2020","52","2020","120","CMR","Cameroon","M","Import","72","BWA","Botswana","0","W00","World","H5","HS","true","TOTAL","All Commodities","0","false","C00","TOTAL CPC","0","0","TOTAL MOT","-1","N/A","0","false","-1","N/A","0","false","0","false","0","false","4781.03",,"4781.03","0","false","true",
"C","A","20200101","2020","52","2020","120","CMR","Cameroon","M","Import","76","BRA","Brazil","0","W00","World","H5","HS","true","TOTAL","All Commodities","0","false","C00","TOTAL CPC","0","0","TOTAL MOT","-1","N/A","0","false","-1","N/A","0","false","0","true","0","false","45393936.01",,"45393936.01","4","false","true",
"C","A","20200101","2020","52","2020","120","CMR","Cameroon","M","Import","84","BLZ","Belize","0","W00","World","H5","HS","true","TOTAL","All Commodities","0","false","C00","TOTAL CPC","0","0","TOTAL MOT","-1","N/A","0","false","-1","N/A","0","false","0","false","0","false","1545.13",,"1545.13","0","false","true",
"C","A","20200101","2020","52","2020","120","CMR","Cameroon","M","Import","86","IOT","Br. Indian Ocean Terr.","0","W00","World","H5","HS","true","TOTAL","All Commodities","0","false","C00","TOTAL CPC","0","0","TOTAL MOT","-1","N/A","0","false","-1","N/A","0","false","0","false","0","false","570.17",,"570.17","0","false","true",
"C","A","20200101","2020","52","2020","120","CMR","Cameroon","M","Import","92","VGB","Br. Virgin Isds","0","W00","World","H5","HS","true","TOTAL","All Commodities","0","false","C00","TOTAL CPC","0","0","TOTAL MOT","-1","N/A","0","false","-1","N/A","0","false","0","false","0","false","42329.26",,"42329.26","0","false","true",
"C","A","20200101","2020","52","2020","120","CMR","Cameroon","M","Import","100","BGR","Bulgaria","0","W00","World","H5","HS","true","TOTAL","All Commodities","0","false","C00","TOTAL CPC","0","0","TOTAL MOT","-1","N/A","0","false","-1","N/A","0","false","0","false","0","false","1822039.27",,"1822039.27","0","false","true",
"C","A","20200101","2020","52","2020","120","CMR","Cameroon","M","Import","104","MMR","Myanmar","0","W00","World","H5","HS","true","TOTAL","All Commodities","0","false","C00","TOTAL CPC","0","0","TOTAL MOT","-1","N/A","0","false","-1","N/A","0","false","0","false","0","false","7555270.77",,"7555270.77","0","false","true",
"C","A","20200101","2020","52","2020","120","CMR","Cameroon","M","Import","108","BDI","Burundi","0","W00","World","H5","HS","true","TOTAL","All Commodities","0","false","C00","TOTAL CPC","0","0","TOTAL MOT","-1","N/A","0","false","-1","N/A","0","false","0","false","0","false","104.64",,"104.64","0","false","true",
"C","A","20200101","2020","52","2020","120","CMR","Cameroon","M","Import","116","KHM","Cambodia","0","W00","World","H5","HS","true","TOTAL","All Commodities","0","false","C00","TOTAL CPC","0","0","TOTAL MOT","-1","N/A","0","false","-1","N/A","0","false","0","false","0","false","313206.9",,"313206.9","0","false","true",
"C","A","20200101","2020","52","2020","120","CMR","Cameroon","M","Import","124","CAN","Canada","0","W00","World","H5","HS","true","TOTAL","All Commodities","0","false","C00","TOTAL CPC","0","0","TOTAL MOT","-1","N/A","0","false","-1","N/A","0","false","0","true","0","false","50774419.16",,"50774419.16","4","false","true",
"C","A","20200101","2020","52","2020","120","CMR","Cameroon","M","Import","140","CAF","Central African Rep.","0","W00","World","H5","HS","true","TOTAL","All Commodities","0","false","C00","TOTAL CPC","0","0","TOTAL MOT","-1","N/A","0","false","-1","N/A","0","false","0","true","0","false","361648.832",,"361648.832","4","false","true",
"C","A","20200101","2020","52","2020","120","CMR","Cameroon","M","Import","144","LKA","Sri Lanka","0","W00","World","H5","HS","true","TOTAL","All Commodities","0","false","C00","TOTAL CPC","0","0","TOTAL MOT","-1","N/A","0","false","-1","N/A","0","false","0","false","0","false","341670.1",,"341670.1","0","false","true",
"C","A","20200101","2020","52","2020","120","CMR","Cameroon","M","Import","148","TCD","Chad","0","W00","World","H5","HS","true","TOTAL","All Commodities","0","false","C00","TOTAL CPC","0","0","TOTAL MOT","-1","N/A","0","false","-1","N/A","0","false","0","true","0","false","3226369.859",,"3226369.859","4","false","true",
"C","A","20200101","2020","52","2020","120","CMR","Cameroon","M","Import","152","CHL","Chile","0","W00","World","H5","HS","true","TOTAL","All Commodities","0","false","C00","TOTAL CPC","0","0","TOTAL MOT","-1","N/A","0","false","-1","N/A","0","false","0","false","0","false","7566820.45",,"7566820.45","0","false","true",
"C","A","20200101","2020","52","2020","120","CMR","Cameroon","M","Import","156","CHN","China","0","W00","World","H5","HS","true","TOTAL","All Commodities","0","false","C00","TOTAL CPC","0","0","TOTAL MOT","-1","N/A","0","false","-1","N/A","0","false","0","true","0","false","983652075.579",,"983652075.579","4","false","true",
"C","A","20200101","2020","52","2020","120","CMR","Cameroon","M","Import","170","COL","Colombia","0","W00","World","H5","HS","true","TOTAL","All Commodities","0","false","C00","TOTAL CPC","0","0","TOTAL MOT","-1","N/A","0","false","-1","N/A","0","false","0","false","0","false","1804687.94",,"1804687.94","0","false","true",
"C","A","20200101","2020","52","2020","120","CMR","Cameroon","M","Import","174","COM","Comoros","0","W00","World","H5","HS","true","TOTAL","All Commodities","0","false","C00","TOTAL CPC","0","0","TOTAL MOT","-1","N/A","0","false","-1","N/A","0","false","0","false","0","false","210.22",,"210.22","0","false","true",
"C","A","20200101","2020","52","2020","120","CMR","Cameroon","M","Import","178","COG","Congo","0","W00","World","H5","HS","true","TOTAL","All Commodities","0","false","C00","TOTAL CPC","0","0","TOTAL MOT","-1","N/A","0","false","-1","N/A","0","false","0","false","0","false","17333854.76",,"17333854.76","0","false","true",
"C","A","20200101","2020","52","2020","120","CMR","Cameroon","M","Import","180","COD","Dem. Rep. of the Congo","0","W00","World","H5","HS","true","TOTAL","All Commodities","0","false","C00","TOTAL CPC","0","0","TOTAL MOT","-1","N/A","0","false","-1","N/A","0","false","0","false","0","false","62368.45",,"62368.45","0","false","true",
"C","A","20200101","2020","52","2020","120","CMR","Cameroon","M","Import","188","CRI","Costa Rica","0","W00","World","H5","HS","true","TOTAL","All Commodities","0","false","C00","TOTAL CPC","0","0","TOTAL MOT","-1","N/A","0","false","-1","N/A","0","false","0","false","0","false","146543.89",,"146543.89","0","false","true",
"C","A","20200101","2020","52","2020","120","CMR","Cameroon","M","Import","191","HRV","Croatia","0","W00","World","H5","HS","true","TOTAL","All Commodities","0","false","C00","TOTAL CPC","0","0","TOTAL MOT","-1","N/A","0","false","-1","N/A","0","false","0","false","0","false","989748.26",,"989748.26","0","false","true",
"C","A","20200101","2020","52","2020","120","CMR","Cameroon","M","Import","192","CUB","Cuba","0","W00","World","H5","HS","true","TOTAL","All Commodities","0","false","C00","TOTAL CPC","0","0","TOTAL MOT","-1","N/A","0","false","-1","N/A","0","false","0","false","0","false","1399.48",,"1399.48","0","false","true",
"C","A","20200101","2020","52","2020","120","CMR","Cameroon","M","Import","196","CYP","Cyprus","0","W00","World","H5","HS","true","TOTAL","All Commodities","0","false","C00","TOTAL CPC","0","0","TOTAL MOT","-1","N/A","0","false","-1","N/A","0","false","0","true","0","false","1375796.22",,"1375796.22","4","false","true",
"C","A","20200101","2020","52","2020","120","CMR","Cameroon","M","Import","203","CZE","Czechia","0","W00","World","H5","HS","true","TOTAL","All Commodities","0","false","C00","TOTAL CPC","0","0","TOTAL MOT","-1","N/A","0","false","-1","N/A","0","false","0","false","0","false","5190716.4",,"5190716.4","0","false","true",
"C","A","20200101","2020","52","2020","120","CMR","Cameroon","M","Import","204","BEN","Benin","0","W00","World","H5","HS","true","TOTAL","All Commodities","0","false","C00","TOTAL CPC","0","0","TOTAL MOT","-1","N/A","0","false","-1","N/A","0","false","0","false","0","false","3133997.61",,"3133997.61","0","false","true",
"C","A","20200101","2020","52","2020","120","CMR","Cameroon","M","Import","208","DNK","Denmark","0","W00","World","H5","HS","true","TOTAL","All Commodities","0","false","C00","TOTAL CPC","0","0","TOTAL MOT","-1","N/A","0","false","-1","N/A","0","false","0","true","0","false","10261978.57",,"10261978.57","4","false","true",
"C","A","20200101","2020","52","2020","120","CMR","Cameroon","M","Import","212","DMA","Dominica","0","W00","World","H5","HS","true","TOTAL","All Commodities","0","false","C00","TOTAL CPC","0","0","TOTAL MOT","-1","N/A","0","false","-1","N/A","0","false","0","false","0","false","6773.1",,"6773.1","0","false","true",
"C","A","20200101","2020","52","2020","120","CMR","Cameroon","M","Import","214","DOM","Dominican Rep.","0","W00","World","H5","HS","true","TOTAL","All Commodities","0","false","C00","TOTAL CPC","0","0","TOTAL MOT","-1","N/A","0","false","-1","N/A","0","false","0","false","0","false","18112.39",,"18112.39","0","false","true",
"C","A","20200101","2020","52","2020","120","CMR","Cameroon","M","Import","218","ECU","Ecuador","0","W00","World","H5","HS","true","TOTAL","All Commodities","0","false","C00","TOTAL CPC","0","0","TOTAL MOT","-1","N/A","0","false","-1","N/A","0","false","0","false","0","false","5823.67",,"5823.67","0","false","true",
"C","A","20200101","2020","52","2020","120","CMR","Cameroon","M","Import","222","SLV","El Salvador","0","W00","World","H5","HS","true","TOTAL","All Commodities","0","false","C00","TOTAL CPC","0","0","TOTAL MOT","-1","N/A","0","false","-1","N/A","0","false","0","false","0","false","391.1",,"391.1","0","false","true",
"C","A","20200101","2020","52","2020","120","CMR","Cameroon","M","Import","226","GNQ","Equatorial Guinea","0","W00","World","H5","HS","true","TOTAL","All Commodities","0","false","C00","TOTAL CPC","0","0","TOTAL MOT","-1","N/A","0","false","-1","N/A","0","false","0","false","0","false","21562428.77",,"21562428.77","0","false","true",
"C","A","20200101","2020","52","2020","120","CMR","Cameroon","M","Import","231","ETH","Ethiopia","0","W00","World","H5","HS","true","TOTAL","All Commodities","0","false","C00","TOTAL CPC","0","0","TOTAL MOT","-1","N/A","0","false","-1","N/A","0","false","0","false","0","false","55553.46",,"55553.46","0","false","true",
"C","A","20200101","2020","52","2020","120","CMR","Cameroon","M","Import","232","ERI","Eritrea","0","W00","World","H5","HS","true","TOTAL","All Commodities","0","false","C00","TOTAL CPC","0","0","TOTAL MOT","-1","N/A","0","false","-1","N/A","0","false","0","false","0","false","61.08",,"61.08","0","false","true",
"C","A","20200101","2020","52","2020","120","CMR","Cameroon","M","Import","233","EST","Estonia","0","W00","World","H5","HS","true","TOTAL","All Commodities","0","false","C00","TOTAL CPC","0","0","TOTAL MOT","-1","N/A","0","false","-1","N/A","0","false","0","false","0","false","1213180.67",,"1213180.67","0","false","true",
"C","A","20200101","2020","52","2020","120","CMR","Cameroon","M","Import","234","FRO","Faroe Isds","0","W00","World","H5","HS","true","TOTAL","All Commodities","0","false","C00","TOTAL CPC","0","0","TOTAL MOT","-1","N/A","0","false","-1","N/A","0","false","0","false","0","false","185465.67",,"185465.67","0","false","true",
"C","A","20200101","2020","52","2020","120","CMR","Cameroon","M","Import","246","FIN","Finland","0","W00","World","H5","HS","true","TOTAL","All Commodities","0","false","C00","TOTAL CPC","0","0","TOTAL MOT","-1","N/A","0","false","-1","N/A","0","false","0","true","0","false","21566949.7",,"21566949.7","4","false","true",
"C","A","20200101","2020","52","2020","120","CMR","Cameroon","M","Import","251","FRA","France","0","W00","World","H5","HS","true","TOTAL","All Commodities","0","false","C00","TOTAL CPC","0","0","TOTAL MOT","-1","N/A","0","false","-1","N/A","0","false","0","true","0","false","487451360.99",,"487451360.99","4","false","true",
"C","A","20200101","2020","52","2020","120","CMR","Cameroon","M","Import","260","ATF","Fr. South Antarctic Terr.","0","W00","World","H5","HS","true","TOTAL","All Commodities","0","false","C00","TOTAL CPC","0","0","TOTAL MOT","-1","N/A","0","false","-1","N/A","0","false","0","false","0","false","1039683.6",,"1039683.6","0","false","true",
"C","A","20200101","2020","52","2020","120","CMR","Cameroon","M","Import","262","DJI","Djibouti","0","W00","World","H5","HS","true","TOTAL","All Commodities","0","false","C00","TOTAL CPC","0","0","TOTAL MOT","-1","N/A","0","false","-1","N/A","0","false","0","false","0","false","57.33",,"57.33","0","false","true",
"C","A","20200101","2020","52","2020","120","CMR","Cameroon","M","Import","266","GAB","Gabon","0","W00","World","H5","HS","true","TOTAL","All Commodities","0","false","C00","TOTAL CPC","0","0","TOTAL MOT","-1","N/A","0","false","-1","N/A","0","false","0","false","0","false","26244438.47",,"26244438.47","0","false","true",
"C","A","20200101","2020","52","2020","120","CMR","Cameroon","M","Import","268","GEO","Georgia","0","W00","World","H5","HS","true","TOTAL","All Commodities","0","false","C00","TOTAL CPC","0","0","TOTAL MOT","-1","N/A","0","false","-1","N/A","0","false","0","false","0","false","3014838.11",,"3014838.11","0","false","true",
"C","A","20200101","2020","52","2020","120","CMR","Cameroon","M","Import","270","GMB","Gambia","0","W00","World","H5","HS","true","TOTAL","All Commodities","0","false","C00","TOTAL CPC","0","0","TOTAL MOT","-1","N/A","0","false","-1","N/A","0","false","0","false","0","false","3165069.42",,"3165069.42","0","false","true",
"C","A","20200101","2020","52","2020","120","CMR","Cameroon","M","Import","275","PSE","State of Palestine","0","W00","World","H5","HS","true","TOTAL","All Commodities","0","false","C00","TOTAL CPC","0","0","TOTAL MOT","-1","N/A","0","false","-1","N/A","0","false","0","false","0","false","331.98",,"331.98","0","false","true",
"C","A","20200101","2020","52","2020","120","CMR","Cameroon","M","Import","276","DEU","Germany","0","W00","World","H5","HS","true","TOTAL","All Commodities","0","false","C00","TOTAL CPC","0","0","TOTAL MOT","-1","N/A","0","false","-1","N/A","0","false","0","true","0","false","164730740.27",,"164730740.27","4","false","true",
"C","A","20200101","2020","52","2020","120","CMR","Cameroon","M","Import","288","GHA","Ghana","0","W00","World","H5","HS","true","TOTAL","All Commodities","0","false","C00","TOTAL CPC","0","0","TOTAL MOT","-1","N/A","0","false","-1","N/A","0","false","0","false","0","false","4115325.26",,"4115325.26","0","false","true",
"C","A","20200101","2020","52","2020","120","CMR","Cameroon","M","Import","292","GIB","Gibraltar","0","W00","World","H5","HS","true","TOTAL","All Commodities","0","false","C00","TOTAL CPC","0","0","TOTAL MOT","-1","N/A","0","false","-1","N/A","0","false","0","false","0","false","32809.73",,"32809.73","0","false","true",
"C","A","20200101","2020","52","2020","120","CMR","Cameroon","M","Import","300","GRC","Greece","0","W00","World","H5","HS","true","TOTAL","All Commodities","0","false","C00","TOTAL CPC","0","0","TOTAL MOT","-1","N/A","0","false","-1","N/A","0","false","0","true","0","false","17774299.69",,"17774299.69","4","false","true",
"C","A","20200101","2020","52","2020","120","CMR","Cameroon","M","Import","320","GTM","Guatemala","0","W00","World","H5","HS","true","TOTAL","All Commodities","0","false","C00","TOTAL CPC","0","0","TOTAL MOT","-1","N/A","0","false","-1","N/A","0","false","0","false","0","false","3598187.25",,"3598187.25","0","false","true",
"C","A","20200101","2020","52","2020","120","CMR","Cameroon","M","Import","324","GIN","Guinea","0","W00","World","H5","HS","true","TOTAL","All Commodities","0","false","C00","TOTAL CPC","0","0","TOTAL MOT","-1","N/A","0","false","-1","N/A","0","false","0","false","0","false","29048222.9",,"29048222.9","0","false","true",
"C","A","20200101","2020","52","2020","120","CMR","Cameroon","M","Import","328","GUY","Guyana","0","W00","World","H5","HS","true","TOTAL","All Commodities","0","false","C00","TOTAL CPC","0","0","TOTAL MOT","-1","N/A","0","false","-1","N/A","0","false","0","false","0","false","507.66",,"507.66","0","false","true",
"C","A","20200101","2020","52","2020","120","CMR","Cameroon","M","Import","332","HTI","Haiti","0","W00","World","H5","HS","true","TOTAL","All Commodities","0","false","C00","TOTAL CPC","0","0","TOTAL MOT","-1","N/A","0","false","-1","N/A","0","false","0","false","0","false","460009.36",,"460009.36","0","false","true",
"C","A","20200101","2020","52","2020","120","CMR","Cameroon","M","Import","340","HND","Honduras","0","W00","World","H5","HS","true","TOTAL","All Commodities","0","false","C00","TOTAL CPC","0","0","TOTAL MOT","-1","N/A","0","false","-1","N/A","0","false","0","false","0","false","10703.25",,"10703.25","0","false","true",
"C","A","20200101","2020","52","2020","120","CMR","Cameroon","M","Import","344","HKG","China, Hong Kong SAR","0","W00","World","H5","HS","true","TOTAL","All Commodities","0","false","C00","TOTAL CPC","0","0","TOTAL MOT","-1","N/A","0","false","-1","N/A","0","false","0","false","0","false","11429059.62",,"11429059.62","0","false","true",
"C","A","20200101","2020","52","2020","120","CMR","Cameroon","M","Import","348","HUN","Hungary","0","W00","World","H5","HS","true","TOTAL","All Commodities","0","false","C00","TOTAL CPC","0","0","TOTAL MOT","-1","N/A","0","false","-1","N/A","0","false","0","true","0","false","13300711.54",,"13300711.54","4","false","true",
"C","A","20200101","2020","52","2020","120","CMR","Cameroon","M","Import","352","ISL","Iceland","0","W00","World","H5","HS","true","TOTAL","All Commodities","0","false","C00","TOTAL CPC","0","0","TOTAL MOT","-1","N/A","0","false","-1","N/A","0","false","0","false","0","false","186669.18",,"186669.18","0","false","true",
"C","A","20200101","2020","52","2020","120","CMR","Cameroon","M","Import","360","IDN","Indonesia","0","W00","World","H5","HS","true","TOTAL","All Commodities","0","false","C00","TOTAL CPC","0","0","TOTAL MOT","-1","N/A","0","false","-1","N/A","0","false","0","true","0","false","17153528.75",,"17153528.75","4","false","true",
"C","A","20200101","2020","52","2020","120","CMR","Cameroon","M","Import","364","IRN","Iran","0","W00","World","H5","HS","true","TOTAL","All Commodities","0","false","C00","TOTAL CPC","0","0","TOTAL MOT","-1","N/A","0","false","-1","N/A","0","false","0","false","0","false","560907.45",,"560907.45","0","false","true",
"C","A","20200101","2020","52","2020","120","CMR","Cameroon","M","Import","368","IRQ","Iraq","0","W00","World","H5","HS","true","TOTAL","All Commodities","0","false","C00","TOTAL CPC","0","0","TOTAL MOT","-1","N/A","0","false","-1","N/A","0","false","0","false","0","false","730447.6",,"730447.6","0","false","true",
"C","A","20200101","2020","52","2020","120","CMR","Cameroon","M","Import","372","IRL","Ireland","0","W00","World","H5","HS","true","TOTAL","All Commodities","0","false","C00","TOTAL CPC","0","0","TOTAL MOT","-1","N/A","0","false","-1","N/A","0","false","0","true","0","false","39706952.76",,"39706952.76","4","false","true",
"C","A","20200101","2020","52","2020","120","CMR","Cameroon","M","Import","376","ISR","Israel","0","W00","World","H5","HS","true","TOTAL","All Commodities","0","false","C00","TOTAL CPC","0","0","TOTAL MOT","-1","N/A","0","false","-1","N/A","0","false","0","false","0","false","6563638.91",,"6563638.91","0","false","true",
"C","A","20200101","2020","52","2020","120","CMR","Cameroon","M","Import","380","ITA","Italy","0","W00","World","H5","HS","true","TOTAL","All Commodities","0","false","C00","TOTAL CPC","0","0","TOTAL MOT","-1","N/A","0","false","-1","N/A","0","false","0","true","0","false","143884312.33",,"143884312.33","4","false","true",
"C","A","20200101","2020","52","2020","120","CMR","Cameroon","M","Import","384","CIV","Côte d'Ivoire","0","W00","World","H5","HS","true","TOTAL","All Commodities","0","false","C00","TOTAL CPC","0","0","TOTAL MOT","-1","N/A","0","false","-1","N/A","0","false","0","false","0","false","51944584",,"51944584","0","false","true",
"C","A","20200101","2020","52","2020","120","CMR","Cameroon","M","Import","392","JPN","Japan","0","W00","World","H5","HS","true","TOTAL","All Commodities","0","false","C00","TOTAL CPC","0","0","TOTAL MOT","-1","N/A","0","false","-1","N/A","0","false","0","true","0","false","94817653.98",,"94817653.98","4","false","true",
"C","A","20200101","2020","52","2020","120","CMR","Cameroon","M","Import","400","JOR","Jordan","0","W00","World","H5","HS","true","TOTAL","All Commodities","0","false","C00","TOTAL CPC","0","0","TOTAL MOT","-1","N/A","0","false","-1","N/A","0","false","0","false","0","false","1681255.13",,"1681255.13","0","false","true",
"C","A","20200101","2020","52","2020","120","CMR","Cameroon","M","Import","404","KEN","Kenya","0","W00","World","H5","HS","true","TOTAL","All Commodities","0","false","C00","TOTAL CPC","0","0","TOTAL MOT","-1","N/A","0","false","-1","N/A","0","false","0","false","0","false","358816.92",,"358816.92","0","false","true",
"C","A","20200101","2020","52","2020","120","CMR","Cameroon","M","Import","408","PRK","Dem. People's Rep. of Korea","0","W00","World","H5","HS","true","TOTAL","All Commodities","0","false","C00","TOTAL CPC","0","0","TOTAL MOT","-1","N/A","0","false","-1","N/A","0","false","0","false","0","false","337883.9",,"337883.9","0","false","true",
"C","A","20200101","2020","52","2020","120","CMR","Cameroon","M","Import","410","KOR","Rep. of Korea","0","W00","World","H5","HS","true","TOTAL","All Commodities","0","false","C00","TOTAL CPC","0","0","TOTAL MOT","-1","N/A","0","false","-1","N/A","0","false","0","true","0","false","39218262.77",,"39218262.77","4","false","true",
"C","A","20200101","2020","52","2020","120","CMR","Cameroon","M","Import","414","KWT","Kuwait","0","W00","World","H5","HS","true","TOTAL","All Commodities","0","false","C00","TOTAL CPC","0","0","TOTAL MOT","-1","N/A","0","false","-1","N/A","0","false","0","false","0","false","1397120.6",,"1397120.6","0","false","true",
"C","A","20200101","2020","52","2020","120","CMR","Cameroon","M","Import","417","KGZ","Kyrgyzstan","0","W00","World","H5","HS","true","TOTAL","All Commodities","0","false","C00","TOTAL CPC","0","0","TOTAL MOT","-1","N/A","0","false","-1","N/A","0","false","0","false","0","false","4996.45",,"4996.45","0","false","true",
"C","A","20200101","2020","52","2020","120","CMR","Cameroon","M","Import","418","LAO","Lao People's Dem. Rep.","0","W00","World","H5","HS","true","TOTAL","All Commodities","0","false","C00","TOTAL CPC","0","0","TOTAL MOT","-1","N/A","0","false","-1","N/A","0","false","0","false","0","false","14289.66",,"14289.66","0","false","true",
"C","A","20200101","2020","52","2020","120","CMR","Cameroon","M","Import","422","LBN","Lebanon","0","W00","World","H5","HS","true","TOTAL","All Commodities","0","false","C00","TOTAL CPC","0","0","TOTAL MOT","-1","N/A","0","false","-1","N/A","0","false","0","false","0","false","9552890.07",,"9552890.07","0","false","true",
"C","A","20200101","2020","52","2020","120","CMR","Cameroon","M","Import","428","LVA","Latvia","0","W00","World","H5","HS","true","TOTAL","All Commodities","0","false","C00","TOTAL CPC","0","0","TOTAL MOT","-1","N/A","0","false","-1","N/A","0","false","0","false","0","false","6325260.56",,"6325260.56","0","false","true",
"C","A","20200101","2020","52","2020","120","CMR","Cameroon","M","Import","430","LBR","Liberia","0","W00","World","H5","HS","true","TOTAL","All Commodities","0","false","C00","TOTAL CPC","0","0","TOTAL MOT","-1","N/A","0","false","-1","N/A","0","false","0","false","0","false","6627261.86",,"6627261.86","0","false","true",
"C","A","20200101","2020","52","2020","120","CMR","Cameroon","M","Import","434","LBY","Libya","0","W00","World","H5","HS","true","TOTAL","All Commodities","0","false","C00","TOTAL CPC","0","0","TOTAL MOT","-1","N/A","0","false","-1","N/A","0","false","0","false","0","false","1337272.14",,"1337272.14","0","false","true",
"C","A","20200101","2020","52","2020","120","CMR","Cameroon","M","Import","440","LTU","Lithuania","0","W00","World","H5","HS","true","TOTAL","All Commodities","0","false","C00","TOTAL CPC","0","0","TOTAL MOT","-1","N/A","0","false","-1","N/A","0","false","0","false","0","false","5098277.61",,"5098277.61","0","false","true",
"C","A","20200101","2020","52","2020","120","CMR","Cameroon","M","Import","442","LUX","Luxembourg","0","W00","World","H5","HS","true","TOTAL","All Commodities","0","false","C00","TOTAL CPC","0","0","TOTAL MOT","-1","N/A","0","false","-1","N/A","0","false","0","false","0","false","1233205.1",,"1233205.1","0","false","true",
"C","A","20200101","2020","52","2020","120","CMR","Cameroon","M","Import","446","MAC","China, Macao SAR","0","W00","World","H5","HS","true","TOTAL","All Commodities","0","false","C00","TOTAL CPC","0","0","TOTAL MOT","-1","N/A","0","false","-1","N/A","0","false","0","false","0","false","487.98",,"487.98","0","false","true",
"C","A","20200101","2020","52","2020","120","CMR","Cameroon","M","Import","450","MDG","Madagascar","0","W00","World","H5","HS","true","TOTAL","All Commodities","0","false","C00","TOTAL CPC","0","0","TOTAL MOT","-1","N/A","0","false","-1","N/A","0","false","0","false","0","false","9588.74",,"9588.74","0","false","true",
"C","A","20200101","2020","52","2020","120","CMR","Cameroon","M","Import","454","MWI","Malawi","0","W00","World","H5","HS","true","TOTAL","All Commodities","0","false","C00","TOTAL CPC","0","0","TOTAL MOT","-1","N/A","0","false","-1","N/A","0","false","0","false","0","false","114.47",,"114.47","0","false","true",
"C","A","20200101","2020","52","2020","120","CMR","Cameroon","M","Import","458","MYS","Malaysia","0","W00","World","H5","HS","true","TOTAL","All Commodities","0","false","C00","TOTAL CPC","0","0","TOTAL MOT","-1","N/A","0","false","-1","N/A","0","false","0","false","0","false","38582627.17",,"38582627.17","0","false","true",
"C","A","20200101","2020","52","2020","120","CMR","Cameroon","M","Import","466","MLI","Mali","0","W00","World","H5","HS","true","TOTAL","All Commodities","0","false","C00","TOTAL CPC","0","0","TOTAL MOT","-1","N/A","0","false","-1","N/A","0","false","0","false","0","false","165748.8",,"165748.8","0","false","true",
"C","A","20200101","2020","52","2020","120","CMR","Cameroon","M","Import","470","MLT","Malta","0","W00","World","H5","HS","true","TOTAL","All Commodities","0","false","C00","TOTAL CPC","0","0","TOTAL MOT","-1","N/A","0","false","-1","N/A","0","false","0","false","0","false","1878452.25",,"1878452.25","0","false","true",
"C","A","20200101","2020","52","2020","120","CMR","Cameroon","M","Import","478","MRT","Mauritania","0","W00","World","H5","HS","true","TOTAL","All Commodities","0","false","C00","TOTAL CPC","0","0","TOTAL MOT","-1","N/A","0","false","-1","N/A","0","false","0","false","0","false","78772534.09",,"78772534.09","0","false","true",
"C","A","20200101","2020","52","2020","120","CMR","Cameroon","M","Import","480","MUS","Mauritius","0","W00","World","H5","HS","true","TOTAL","All Commodities","0","false","C00","TOTAL CPC","0","0","TOTAL MOT","-1","N/A","0","false","-1","N/A","0","false","0","false","0","false","497993.51",,"497993.51","0","false","true",
"C","A","20200101","2020","52","2020","120","CMR","Cameroon","M","Import","484","MEX","Mexico","0","W00","World","H5","HS","true","TOTAL","All Commodities","0","false","C00","TOTAL CPC","0","0","TOTAL MOT","-1","N/A","0","false","-1","N/A","0","false","0","false","0","false","11974657.69",,"11974657.69","0","false","true",
"C","A","20200101","2020","52","2020","120","CMR","Cameroon","M","Import","490","S19","Other Asia, nes","0","W00","World","H5","HS","true","TOTAL","All Commodities","0","false","C00","TOTAL CPC","0","0","TOTAL MOT","-1","N/A","0","false","-1","N/A","0","false","0","true","0","false","17305308.02",,"17305308.02","4","false","true",
"C","A","20200101","2020","52","2020","120","CMR","Cameroon","M","Import","496","MNG","Mongolia","0","W00","World","H5","HS","true","TOTAL","All Commodities","0","false","C00","TOTAL CPC","0","0","TOTAL MOT","-1","N/A","0","false","-1","N/A","0","false","0","false","0","false","1263.99",,"1263.99","0","false","true",
"C","A","20200101","2020","52","2020","120","CMR","Cameroon","M","Import","498","MDA","Rep. of Moldova","0","W00","World","H5","HS","true","TOTAL","All Commodities","0","false","C00","TOTAL CPC","0","0","TOTAL MOT","-1","N/A","0","false","-1","N/A","0","false","0","false","0","false","46425.59",,"46425.59","0","false","true",
"C","A","20200101","2020","52","2020","120","CMR","Cameroon","M","Import","504","MAR","Morocco","0","W00","World","H5","HS","true","TOTAL","All Commodities","0","false","C00","TOTAL CPC","0","0","TOTAL MOT","-1","N/A","0","false","-1","N/A","0","false","0","true","0","false","52850559.76",,"52850559.76","4","false","true",
"C","A","20200101","2020","52","2020","120","CMR","Cameroon","M","Import","508","MOZ","Mozambique","0","W00","World","H5","HS","true","TOTAL","All Commodities","0","false","C00","TOTAL CPC","0","0","TOTAL MOT","-1","N/A","0","false","-1","N/A","0","false","0","false","0","false","611719.21",,"611719.21","0","false","true",
"C","A","20200101","2020","52","2020","120","CMR","Cameroon","M","Import","512","OMN","Oman","0","W00","World","H5","HS","true","TOTAL","All Commodities","0","false","C00","TOTAL CPC","0","0","TOTAL MOT","-1","N/A","0","false","-1","N/A","0","false","0","false","0","false","15478639.25",,"15478639.25","0","false","true",
"C","A","20200101","2020","52","2020","120","CMR","Cameroon","M","Import","516","NAM","Namibia","0","W00","World","H5","HS","true","TOTAL","All Commodities","0","false","C00","TOTAL CPC","0","0","TOTAL MOT","-1","N/A","0","false","-1","N/A","0","false","0","false","0","false","11793612.61",,"11793612.61","0","false","true",
"C","A","20200101","2020","52","2020","120","CMR","Cameroon","M","Import","520","NRU","Naoero","0","W00","World","H5","HS","true","TOTAL","All Commodities","0","false","C00","TOTAL CPC","0","0","TOTAL MOT","-1","N/A","0","false","-1","N/A","0","false","0","false","0","false","9979.49",,"9979.49","0","false","true",
"C","A","20200101","2020","52","2020","120","CMR","Cameroon","M","Import","524","NPL","Nepal","0","W00","World","H5","HS","true","TOTAL","All Commodities","0","false","C00","TOTAL CPC","0","0","TOTAL MOT","-1","N/A","0","false","-1","N/A","0","false","0","false","0","false","1368",,"1368","0","false","true",
"C","A","20200101","2020","52","2020","120","CMR","Cameroon","M","Import","528","NLD","Netherlands","0","W00","World","H5","HS","true","TOTAL","All Commodities","0","false","C00","TOTAL CPC","0","0","TOTAL MOT","-1","N/A","0","false","-1","N/A","0","false","0","true","0","false","168671474.57",,"168671474.57","4","false","true",
"C","A","20200101","2020","52","2020","120","CMR","Cameroon","M","Import","540","NCL","New Caledonia","0","W00","World","H5","HS","true","TOTAL","All Commodities","0","false","C00","TOTAL CPC","0","0","TOTAL MOT","-1","N/A","0","false","-1","N/A","0","false","0","false","0","false","12880.44",,"12880.44","0","false","true",
"C","A","20200101","2020","52","2020","120","CMR","Cameroon","M","Import","554","NZL","New Zealand","0","W00","World","H5","HS","true","TOTAL","All Commodities","0","false","C00","TOTAL CPC","0","0","TOTAL MOT","-1","N/A","0","false","-1","N/A","0","false","0","true","0","false","22463540.6",,"22463540.6","4","false","true",
"C","A","20200101","2020","52","2020","120","CMR","Cameroon","M","Import","558","NIC","Nicaragua","0","W00","World","H5","HS","true","TOTAL","All Commodities","0","false","C00","TOTAL CPC","0","0","TOTAL MOT","-1","N/A","0","false","-1","N/A","0","false","0","false","0","false","1360.44",,"1360.44","0","false","true",
"C","A","20200101","2020","52","2020","120","CMR","Cameroon","M","Import","562","NER","Niger","0","W00","World","H5","HS","true","TOTAL","All Commodities","0","false","C00","TOTAL CPC","0","0","TOTAL MOT","-1","N/A","0","false","-1","N/A","0","false","0","false","0","false","20643.57",,"20643.57","0","false","true",
"C","A","20200101","2020","52","2020","120","CMR","Cameroon","M","Import","566","NGA","Nigeria","0","W00","World","H5","HS","true","TOTAL","All Commodities","0","false","C00","TOTAL CPC","0","0","TOTAL MOT","-1","N/A","0","false","-1","N/A","0","false","0","true","0","false","50616306.2",,"50616306.2","4","false","true",
"C","A","20200101","2020","52","2020","120","CMR","Cameroon","M","Import","568","E19","Other Europe, nes","0","W00","World","H5","HS","true","TOTAL","All Commodities","0","false","C00","TOTAL CPC","0","0","TOTAL MOT","-1","N/A","0","false","-1","N/A","0","false","0","false","0","false","286037.57",,"286037.57","0","false","true",
"C","A","20200101","2020","52","2020","120","CMR","Cameroon","M","Import","574","NFK","Norfolk Isds","0","W00","World","H5","HS","true","TOTAL","All Commodities","0","false","C00","TOTAL CPC","0","0","TOTAL MOT","-1","N/A","0","false","-1","N/A","0","false","0","false","0","false","190.11",,"190.11","0","false","true",
"C","A","20200101","2020","52","2020","120","CMR","Cameroon","M","Import","579","NOR","Norway","0","W00","World","H5","HS","true","TOTAL","All Commodities","0","false","C00","TOTAL CPC","0","0","TOTAL MOT","-1","N/A","0","false","-1","N/A","0","false","0","true","0","false","27798728.97",,"27798728.97","4","false","true",
"C","A","20200101","2020","52","2020","120","CMR","Cameroon","M","Import","581","UMI","United States Minor Outlying Islands","0","W00","World","H5","HS","true","TOTAL","All Commodities","0","false","C00","TOTAL CPC","0","0","TOTAL MOT","-1","N/A","0","false","-1","N/A","0","false","0","false","0","false","2480.37",,"2480.37","0","false","true",
"C","A","20200101","2020","52","2020","120","CMR","Cameroon","M","Import","585","PLW","Palau","0","W00","World","H5","HS","true","TOTAL","All Commodities","0","false","C00","TOTAL CPC","0","0","TOTAL MOT","-1","N/A","0","false","-1","N/A","0","false","0","false","0","false","11453.36",,"11453.36","0","false","true",
"C","A","20200101","2020","52","2020","120","CMR","Cameroon","M","Import","586","PAK","Pakistan","0","W00","World","H5","HS","true","TOTAL","All Commodities","0","false","C00","TOTAL CPC","0","0","TOTAL MOT","-1","N/A","0","false","-1","N/A","0","false","0","false","0","false","13137531.9",,"13137531.9","0","false","true",
"C","A","20200101","2020","52","2020","120","CMR","Cameroon","M","Import","598","PNG","Papua New Guinea","0","W00","World","H5","HS","true","TOTAL","All Commodities","0","false","C00","TOTAL CPC","0","0","TOTAL MOT","-1","N/A","0","false","-1","N/A","0","false","0","false","0","false","4554.23",,"4554.23","0","false","true",
"C","A","20200101","2020","52","2020","120","CMR","Cameroon","M","Import","600","PRY","Paraguay","0","W00","World","H5","HS","true","TOTAL","All Commodities","0","false","C00","TOTAL CPC","0","0","TOTAL MOT","-1","N/A","0","false","-1","N/A","0","false","0","false","0","false","491947.65",,"491947.65","0","false","true",
"C","A","20200101","2020","52","2020","120","CMR","Cameroon","M","Import","604","PER","Peru","0","W00","World","H5","HS","true","TOTAL","All Commodities","0","false","C00","TOTAL CPC","0","0","TOTAL MOT","-1","N/A","0","false","-1","N/A","0","false","0","false","0","false","238334.4",,"238334.4","0","false","true",
"C","A","20200101","2020","52","2020","120","CMR","Cameroon","M","Import","608","PHL","Philippines","0","W00","World","H5","HS","true","TOTAL","All Commodities","0","false","C00","TOTAL CPC","0","0","TOTAL MOT","-1","N/A","0","false","-1","N/A","0","false","0","true","0","false","1510883.81",,"1510883.81","4","false","true",
"C","A","20200101","2020","52","2020","120","CMR","Cameroon","M","Import","616","POL","Poland","0","W00","World","H5","HS","true","TOTAL","All Commodities","0","false","C00","TOTAL CPC","0","0","TOTAL MOT","-1","N/A","0","false","-1","N/A","0","false","0","true","0","false","30932248.81",,"30932248.81","4","false","true",
"C","A","20200101","2020","52","2020","120","CMR","Cameroon","M","Import","620","PRT","Portugal","0","W00","World","H5","HS","true","TOTAL","All Commodities","0","false","C00","TOTAL CPC","0","0","TOTAL MOT","-1","N/A","0","false","-1","N/A","0","false","0","true","0","false","37903559.88",,"37903559.88","4","false","true",
"C","A","20200101","2020","52","2020","120","CMR","Cameroon","M","Import","624","GNB","Guinea-Bissau","0","W00","World","H5","HS","true","TOTAL","All Commodities","0","false","C00","TOTAL CPC","0","0","TOTAL MOT","-1","N/A","0","false","-1","N/A","0","false","0","false","0","false","7413816.33",,"7413816.33","0","false","true",
"C","A","20200101","2020","52","2020","120","CMR","Cameroon","M","Import","634","QAT","Qatar","0","W00","World","H5","HS","true","TOTAL","All Commodities","0","false","C00","TOTAL CPC","0","0","TOTAL MOT","-1","N/A","0","false","-1","N/A","0","false","0","false","0","false","3330260.71",,"3330260.71","0","false","true",
"C","A","20200101","2020","52","2020","120","CMR","Cameroon","M","Import","642","ROU","Romania","0","W00","World","H5","HS","true","TOTAL","All Commodities","0","false","C00","TOTAL CPC","0","0","TOTAL MOT","-1","N/A","0","false","-1","N/A","0","false","0","true","0","false","6170925.67",,"6170925.67","4","false","true",
"C","A","20200101","2020","52","2020","120","CMR","Cameroon","M","Import","643","RUS","Russian Federation","0","W00","World","H5","HS","true","TOTAL","All Commodities","0","false","C00","TOTAL CPC","0","0","TOTAL MOT","-1","N/A","0","false","-1","N/A","0","false","0","true","0","false","168594256.97",,"168594256.97","4","false","true",
"C","A","20200101","2020","52","2020","120","CMR","Cameroon","M","Import","646","RWA","Rwanda","0","W00","World","H5","HS","true","TOTAL","All Commodities","0","false","C00","TOTAL CPC","0","0","TOTAL MOT","-1","N/A","0","false","-1","N/A","0","false","0","false","0","false","736.56",,"736.56","0","false","true",
"C","A","20200101","2020","52","2020","120","CMR","Cameroon","M","Import","652","BLM","Saint Barthélemy","0","W00","World","H5","HS","true","TOTAL","All Commodities","0","false","C00","TOTAL CPC","0","0","TOTAL MOT","-1","N/A","0","false","-1","N/A","0","false","0","false","0","false","44186372.82",,"44186372.82","0","false","true",
"C","A","20200101","2020","52","2020","120","CMR","Cameroon","M","Import","654","SHN","Saint Helena","0","W00","World","H5","HS","true","TOTAL","All Commodities","0","false","C00","TOTAL CPC","0","0","TOTAL MOT","-1","N/A","0","false","-1","N/A","0","false","0","false","0","false","1630.8",,"1630.8","0","false","true",
"C","A","20200101","2020","52","2020","120","CMR","Cameroon","M","Import","659","KNA","Saint Kitts and Nevis","0","W00","World","H5","HS","true","TOTAL","All Commodities","0","false","C00","TOTAL CPC","0","0","TOTAL MOT","-1","N/A","0","false","-1","N/A","0","false","0","false","0","false","209.42",,"209.42","0","false","true",
"C","A","20200101","2020","52","2020","120","CMR","Cameroon","M","Import","660","AIA","Anguilla","0","W00","World","H5","HS","true","TOTAL","All Commodities","0","false","C00","TOTAL CPC","0","0","TOTAL MOT","-1","N/A","0","false","-1","N/A","0","false","0","false","0","false","17.45",,"17.45","0","false","true",
"C","A","20200101","2020","52","2020","120","CMR","Cameroon","M","Import","674","SMR","San Marino","0","W00","World","H5","HS","true","TOTAL","All Commodities","0","false","C00","TOTAL CPC","0","0","TOTAL MOT","-1","N/A","0","false","-1","N/A","0","false","0","false","0","false","89956.27",,"89956.27","0","false","true",
"C","A","20200101","2020","52","2020","120","CMR","Cameroon","M","Import","678","STP","Sao Tome and Principe","0","W00","World","H5","HS","true","TOTAL","All Commodities","0","false","C00","TOTAL CPC","0","0","TOTAL MOT","-1","N/A","0","false","-1","N/A","0","false","0","false","0","false","879533.56",,"879533.56","0","false","true",
"C","A","20200101","2020","52","2020","120","CMR","Cameroon","M","Import","682","SAU","Saudi Arabia","0","W00","World","H5","HS","true","TOTAL","All Commodities","0","false","C00","TOTAL CPC","0","0","TOTAL MOT","-1","N/A","0","false","-1","N/A","0","false","0","false","0","false","23617198.31",,"23617198.31","0","false","true",
"C","A","20200101","2020","52","2020","120","CMR","Cameroon","M","Import","686","SEN","Senegal","0","W00","World","H5","HS","true","TOTAL","All Commodities","0","false","C00","TOTAL CPC","0","0","TOTAL MOT","-1","N/A","0","false","-1","N/A","0","false","0","true","0","false","29894267.56",,"29894267.56","4","false","true",
"C","A","20200101","2020","52","2020","120","CMR","Cameroon","M","Import","688","SRB","Serbia","0","W00","World","H5","HS","true","TOTAL","All Commodities","0","false","C00","TOTAL CPC","0","0","TOTAL MOT","-1","N/A","0","false","-1","N/A","0","false","0","false","0","false","1331575.04",,"1331575.04","0","false","true",
"C","A","20200101","2020","52","2020","120","CMR","Cameroon","M","Import","690","SYC","Seychelles","0","W00","World","H5","HS","true","TOTAL","All Commodities","0","false","C00","TOTAL CPC","0","0","TOTAL MOT","-1","N/A","0","false","-1","N/A","0","false","0","false","0","false","16044.05",,"16044.05","0","false","true",
"C","A","20200101","2020","52","2020","120","CMR","Cameroon","M","Import","694","SLE","Sierra Leone","0","W00","World","H5","HS","true","TOTAL","All Commodities","0","false","C00","TOTAL CPC","0","0","TOTAL MOT","-1","N/A","0","false","-1","N/A","0","false","0","false","0","false","48460.15",,"48460.15","0","false","true",
"C","A","20200101","2020","52","2020","120","CMR","Cameroon","M","Import","699","IND","India","0","W00","World","H5","HS","true","TOTAL","All Commodities","0","false","C00","TOTAL CPC","0","0","TOTAL MOT","-1","N/A","0","false","-1","N/A","0","false","0","true","0","false","280364331.41",,"280364331.41","4","false","true",
"C","A","20200101","2020","52","2020","120","CMR","Cameroon","M","Import","702","SGP","Singapore","0","W00","World","H5","HS","true","TOTAL","All Commodities","0","false","C00","TOTAL CPC","0","0","TOTAL MOT","-1","N/A","0","false","-1","N/A","0","false","0","true","0","false","49855636.05",,"49855636.05","4","false","true",
"C","A","20200101","2020","52","2020","120","CMR","Cameroon","M","Import","703","SVK","Slovakia","0","W00","World","H5","HS","true","TOTAL","All Commodities","0","false","C00","TOTAL CPC","0","0","TOTAL MOT","-1","N/A","0","false","-1","N/A","0","false","0","true","0","false","3009768.98",,"3009768.98","4","false","true",
"C","A","20200101","2020","52","2020","120","CMR","Cameroon","M","Import","704","VNM","Viet Nam","0","W00","World","H5","HS","true","TOTAL","All Commodities","0","false","C00","TOTAL CPC","0","0","TOTAL MOT","-1","N/A","0","false","-1","N/A","0","false","0","true","0","false","19343331.69",,"19343331.69","4","false","true",
"C","A","20200101","2020","52","2020","120","CMR","Cameroon","M","Import","705","SVN","Slovenia","0","W00","World","H5","HS","true","TOTAL","All Commodities","0","false","C00","TOTAL CPC","0","0","TOTAL MOT","-1","N/A","0","false","-1","N/A","0","false","0","true","0","false","2963310.93",,"2963310.93","4","false","true",
"C","A","20200101","2020","52","2020","120","CMR","Cameroon","M","Import","706","SOM","Somalia","0","W00","World","H5","HS","true","TOTAL","All Commodities","0","false","C00","TOTAL CPC","0","0","TOTAL MOT","-1","N/A","0","false","-1","N/A","0","false","0","false","0","false","7169.59",,"7169.59","0","false","true",
"C","A","20200101","2020","52","2020","120","CMR","Cameroon","M","Import","710","ZAF","South Africa","0","W00","World","H5","HS","true","TOTAL","All Commodities","0","false","C00","TOTAL CPC","0","0","TOTAL MOT","-1","N/A","0","false","-1","N/A","0","false","0","true","0","false","58654903.31",,"58654903.31","4","false","true",
"C","A","20200101","2020","52","2020","120","CMR","Cameroon","M","Import","716","ZWE","Zimbabwe","0","W00","World","H5","HS","true","TOTAL","All Commodities","0","false","C00","TOTAL CPC","0","0","TOTAL MOT","-1","N/A","0","false","-1","N/A","0","false","0","false","0","false","846.88",,"846.88","0","false","true",
"C","A","20200101","2020","52","2020","120","CMR","Cameroon","M","Import","724","ESP","Spain","0","W00","World","H5","HS","true","TOTAL","All Commodities","0","false","C00","TOTAL CPC","0","0","TOTAL MOT","-1","N/A","0","false","-1","N/A","0","false","0","true","0","false","145519408.43",,"145519408.43","4","false","true",
"C","A","20200101","2020","52","2020","120","CMR","Cameroon","M","Import","729","SDN","Sudan","0","W00","World","H5","HS","true","TOTAL","All Commodities","0","false","C00","TOTAL CPC","0","0","TOTAL MOT","-1","N/A","0","false","-1","N/A","0","false","0","false","0","false","17279.2",,"17279.2","0","false","true",
"C","A","20200101","2020","52","2020","120","CMR","Cameroon","M","Import","740","SUR","Suriname","0","W00","World","H5","HS","true","TOTAL","All Commodities","0","false","C00","TOTAL CPC","0","0","TOTAL MOT","-1","N/A","0","false","-1","N/A","0","false","0","false","0","false","622505.44",,"622505.44","0","false","true",
"C","A","20200101","2020","52","2020","120","CMR","Cameroon","M","Import","748","SWZ","Eswatini","0","W00","World","H5","HS","true","TOTAL","All Commodities","0","false","C00","TOTAL CPC","0","0","TOTAL MOT","-1","N/A","0","false","-1","N/A","0","false","0","false","0","false","939506.95",,"939506.95","0","false","true",
"C","A","20200101","2020","52","2020","120","CMR","Cameroon","M","Import","752","SWE","Sweden","0","W00","World","H5","HS","true","TOTAL","All Commodities","0","false","C00","TOTAL CPC","0","0","TOTAL MOT","-1","N/A","0","false","-1","N/A","0","false","0","true","0","false","16748041.42",,"16748041.42","4","false","true",
"C","A","20200101","2020","52","2020","120","CMR","Cameroon","M","Import","757","CHE","Switzerland","0","W00","World","H5","HS","true","TOTAL","All Commodities","0","false","C00","TOTAL CPC","0","0","TOTAL MOT","-1","N/A","0","false","-1","N/A","0","false","0","true","0","false","133114685.25",,"133114685.25","4","false","true",
"C","A","20200101","2020","52","2020","120","CMR","Cameroon","M","Import","764","THA","Thailand","0","W00","World","H5","HS","true","TOTAL","All Commodities","0","false","C00","TOTAL CPC","0","0","TOTAL MOT","-1","N/A","0","false","-1","N/A","0","false","0","false","0","false","161787271.43",,"161787271.43","0","false","true",
"C","A","20200101","2020","52","2020","120","CMR","Cameroon","M","Import","768","TGO","Togo","0","W00","World","H5","HS","true","TOTAL","All Commodities","0","false","C00","TOTAL CPC","0","0","TOTAL MOT","-1","N/A","0","false","-1","N/A","0","false","0","false","0","false","201764764.16",,"201764764.16","0","false","true",
"C","A","20200101","2020","52","2020","120","CMR","Cameroon","M","Import","772","TKL","Tokelau","0","W00","World","H5","HS","true","TOTAL","All Commodities","0","false","C00","TOTAL CPC","0","0","TOTAL MOT","-1","N/A","0","false","-1","N/A","0","false","0","false","0","false","1513.78",,"1513.78","0","false","true",
"C","A","20200101","2020","52","2020","120","CMR","Cameroon","M","Import","780","TTO","Trinidad and Tobago","0","W00","World","H5","HS","true","TOTAL","All Commodities","0","false","C00","TOTAL CPC","0","0","TOTAL MOT","-1","N/A","0","false","-1","N/A","0","false","0","false","0","false","4545175.58",,"4545175.58","0","false","true",
"C","A","20200101","2020","52","2020","120","CMR","Cameroon","M","Import","784","ARE","United Arab Emirates","0","W00","World","H5","HS","true","TOTAL","All Commodities","0","false","C00","TOTAL CPC","0","0","TOTAL MOT","-1","N/A","0","false","-1","N/A","0","false","0","true","0","false","101716063.69",,"101716063.69","4","false","true",
"C","A","20200101","2020","52","2020","120","CMR","Cameroon","M","Import","788","TUN","Tunisia","0","W00","World","H5","HS","true","TOTAL","All Commodities","0","false","C00","TOTAL CPC","0","0","TOTAL MOT","-1","N/A","0","false","-1","N/A","0","false","0","true","0","false","30013347.71",,"30013347.71","4","false","true",
"C","A","20200101","2020","52","2020","120","CMR","Cameroon","M","Import","792","TUR","Türkiye","0","W00","World","H5","HS","true","TOTAL","All Commodities","0","false","C00","TOTAL CPC","0","0","TOTAL MOT","-1","N/A","0","false","-1","N/A","0","false","0","true","0","false","221864639.83",,"221864639.83","4","false","true",
"C","A","20200101","2020","52","2020","120","CMR","Cameroon","M","Import","796","TCA","Turks and Caicos Isds","0","W00","World","H5","HS","true","TOTAL","All Commodities","0","false","C00","TOTAL CPC","0","0","TOTAL MOT","-1","N/A","0","false","-1","N/A","0","false","0","false","0","false","50376.59",,"50376.59","0","false","true",
"C","A","20200101","2020","52","2020","120","CMR","Cameroon","M","Import","800","UGA","Uganda","0","W00","World","H5","HS","true","TOTAL","All Commodities","0","false","C00","TOTAL CPC","0","0","TOTAL MOT","-1","N/A","0","false","-1","N/A","0","false","0","false","0","false","182247.16",,"182247.16","0","false","true",
"C","A","20200101","2020","52","2020","120","CMR","Cameroon","M","Import","804","UKR","Ukraine","0","W00","World","H5","HS","true","TOTAL","All Commodities","0","false","C00","TOTAL CPC","0","0","TOTAL MOT","-1","N/A","0","false","-1","N/A","0","false","0","false","0","false","111943298.26",,"111943298.26","0","false","true",
"C","A","20200101","2020","52","2020","120","CMR","Cameroon","M","Import","807","MKD","North Macedonia","0","W00","World","H5","HS","true","TOTAL","All Commodities","0","false","C00","TOTAL CPC","0","0","TOTAL MOT","-1","N/A","0","false","-1","N/A","0","false","0","false","0","false","52234.55",,"52234.55","0","false","true",
"C","A","20200101","2020","52","2020","120","CMR","Cameroon","M","Import","818","EGY","Egypt","0","W00","World","H5","HS","true","TOTAL","All Commodities","0","false","C00","TOTAL CPC","0","0","TOTAL MOT","-1","N/A","0","false","-1","N/A","0","false","0","true","0","false","50924325.24",,"50924325.24","4","false","true",
"C","A","20200101","2020","52","2020","120","CMR","Cameroon","M","Import","826","GBR","United Kingdom","0","W00","World","H5","HS","true","TOTAL","All Commodities","0","false","C00","TOTAL CPC","0","0","TOTAL MOT","-1","N/A","0","false","-1","N/A","0","false","0","true","0","false","80909657.15",,"80909657.15","4","false","true",
"C","A","20200101","2020","52","2020","120","CMR","Cameroon","M","Import","834","TZA","United Rep. of Tanzania","0","W00","World","H5","HS","true","TOTAL","All Commodities","0","false","C00","TOTAL CPC","0","0","TOTAL MOT","-1","N/A","0","false","-1","N/A","0","false","0","false","0","false","1237.31",,"1237.31","0","false","true",
"C","A","20200101","2020","52","2020","120","CMR","Cameroon","M","Import","842","USA","USA","0","W00","World","H5","HS","true","TOTAL","All Commodities","0","false","C00","TOTAL CPC","0","0","TOTAL MOT","-1","N/A","0","false","-1","N/A","0","false","0","true","0","false","245746347.8",,"245746347.8","4","false","true",
"C","A","20200101","2020","52","2020","120","CMR","Cameroon","M","Import","854","BFA","Burkina Faso","0","W00","World","H5","HS","true","TOTAL","All Commodities","0","false","C00","TOTAL CPC","0","0","TOTAL MOT","-1","N/A","0","false","-1","N/A","0","false","0","false","0","false","433902.51",,"433902.51","0","false","true",
"C","A","20200101","2020","52","2020","120","CMR","Cameroon","M","Import","858","URY","Uruguay","0","W00","World","H5","HS","true","TOTAL","All Commodities","0","false","C00","TOTAL CPC","0","0","TOTAL MOT","-1","N/A","0","false","-1","N/A","0","false","0","false","0","false","9401684.58",,"9401684.58","0","false","true",
"C","A","20200101","2020","52","2020","120","CMR","Cameroon","M","Import","862","VEN","Venezuela","0","W00","World","H5","HS","true","TOTAL","All Commodities","0","false","C00","TOTAL CPC","0","0","TOTAL MOT","-1","N/A","0","false","-1","N/A","0","false","0","false","0","false","7855.85",,"7855.85","0","false","true",
"C","A","20200101","2020","52","2020","120","CMR","Cameroon","M","Import","887","YEM","Yemen","0","W00","World","H5","HS","true","TOTAL","All Commodities","0","false","C00","TOTAL CPC","0","0","TOTAL MOT","-1","N/A","0","false","-1","N/A","0","false","0","false","0","false","32686.95",,"32686.95","0","false","true",
"C","A","20200101","2020","52","2020","120","CMR","Cameroon","M","Import","894","ZMB","Zambia","0","W00","World","H5","HS","true","TOTAL","All Commodities","0","false","C00","TOTAL CPC","0","0","TOTAL MOT","-1","N/A","0","false","-1","N/A","0","false","0","false","0","false","7396.73",,"7396.73","0","false","true",
"C","A","20200101","2020","52","2020","120","CMR","Cameroon","X","Export","0","W00","World","0","W00","World","H5","HS","true","TOTAL","All Commodities","0","false","C00","TOTAL CPC","0","0","TOTAL MOT","-1","N/A","0","false","-1","N/A","0","false","0","true","0","false",,"3152853063.23","3152853063.23","4","false","true",
"C","A","20200101","2020","52","2020","120","CMR","Cameroon","X","Export","4","AFG","Afghanistan","0","W00","World","H5","HS","true","TOTAL","All Commodities","0","false","C00","TOTAL CPC","0","0","TOTAL MOT","-1","N/A","0","false","-1","N/A","0","false","0","false","0","false",,"196622.39","196622.39","0","false","true",
"C","A","20200101","2020","52","2020","120","CMR","Cameroon","X","Export","8","ALB","Albania","0","W00","World","H5","HS","true","TOTAL","All Commodities","0","false","C00","TOTAL CPC","0","0","TOTAL MOT","-1","N/A","0","false","-1","N/A","0","false","0","false","0","false",,"500465","500465","0","false","true",
"C","A","20200101","2020","52","2020","120","CMR","Cameroon","X","Export","12","DZA","Algeria","0","W00","World","H5","HS","true","TOTAL","All Commodities","0","false","C00","TOTAL CPC","0","0","TOTAL MOT","-1","N/A","0","false","-1","N/A","0","false","0","false","0","false",,"6513518.89","6513518.89","0","false","true",
"C","A","20200101","2020","52","2020","120","CMR","Cameroon","X","Export","24","AGO","Angola","0","W00","World","H5","HS","true","TOTAL","All Commodities","0","false","C00","TOTAL CPC","0","0","TOTAL MOT","-1","N/A","0","false","-1","N/A","0","false","0","false","0","false",,"2074661.6","2074661.6","0","false","true",
"C","A","20200101","2020","52","2020","120","CMR","Cameroon","X","Export","36","AUS","Australia","0","W00","World","H5","HS","true","TOTAL","All Commodities","0","false","C00","TOTAL CPC","0","0","TOTAL MOT","-1","N/A","0","false","-1","N/A","0","false","0","false","0","false",,"863055.58","863055.58","0","false","true",
"C","A","20200101","2020","52","2020","120","CMR","Cameroon","X","Export","40","AUT","Austria","0","W00","World","H5","HS","true","TOTAL","All Commodities","0","false","C00","TOTAL CPC","0","0","TOTAL MOT","-1","N/A","0","false","-1","N/A","0","false","0","false","0","false",,"1257.48","1257.48","0","false","true",
"C","A","20200101","2020","52","2020","120","CMR","Cameroon","X","Export","50","BGD","Bangladesh","0","W00","World","H5","HS","true","TOTAL","All Commodities","0","false","C00","TOTAL CPC","0","0","TOTAL MOT","-1","N/A","0","false","-1","N/A","0","false","0","false","0","false",,"124054971.55","124054971.55","0","false","true",
"C","A","20200101","2020","52","2020","120","CMR","Cameroon","X","Export","51","ARM","Armenia","0","W00","World","H5","HS","true","TOTAL","All Commodities","0","false","C00","TOTAL CPC","0","0","TOTAL MOT","-1","N/A","0","false","-1","N/A","0","false","0","false","0","false",,"22918.11","22918.11","0","false","true",
"C","A","20200101","2020","52","2020","120","CMR","Cameroon","X","Export","56","BEL","Belgium","0","W00","World","H5","HS","true","TOTAL","All Commodities","0","false","C00","TOTAL CPC","0","0","TOTAL MOT","-1","N/A","0","false","-1","N/A","0","false","0","true","0","false",,"107039320.1","107039320.1","4","false","true",
"C","A","20200101","2020","52","2020","120","CMR","Cameroon","X","Export","68","BOL","Bolivia (Plurinational State of)","0","W00","World","H5","HS","true","TOTAL","All Commodities","0","false","C00","TOTAL CPC","0","0","TOTAL MOT","-1","N/A","0","false","-1","N/A","0","false","0","false","0","false",,"16993.68","16993.68","0","false","true",
"C","A","20200101","2020","52","2020","120","CMR","Cameroon","X","Export","76","BRA","Brazil","0","W00","World","H5","HS","true","TOTAL","All Commodities","0","false","C00","TOTAL CPC","0","0","TOTAL MOT","-1","N/A","0","false","-1","N/A","0","false","0","false","0","false",,"5684627.81","5684627.81","0","false","true",
"C","A","20200101","2020","52","2020","120","CMR","Cameroon","X","Export","84","BLZ","Belize","0","W00","World","H5","HS","true","TOTAL","All Commodities","0","false","C00","TOTAL CPC","0","0","TOTAL MOT","-1","N/A","0","false","-1","N/A","0","false","0","false","0","false",,"48187.78","48187.78","0","false","true",
"C","A","20200101","2020","52","2020","120","CMR","Cameroon","X","Export","96","BRN","Brunei Darussalam","0","W00","World","H5","HS","true","TOTAL","All Commodities","0","false","C00","TOTAL CPC","0","0","TOTAL MOT","-1","N/A","0","false","-1","N/A","0","false","0","false","0","false",,"121.98","121.98","0","false","true",
"C","A","20200101","2020","52","2020","120","CMR","Cameroon","X","Export","100","BGR","Bulgaria","0","W00","World","H5","HS","true","TOTAL","All Commodities","0","false","C00","TOTAL CPC","0","0","TOTAL MOT","-1","N/A","0","false","-1","N/A","0","false","0","false","0","false",,"4128376.39","4128376.39","0","false","true",
"C","A","20200101","2020","52","2020","120","CMR","Cameroon","X","Export","108","BDI","Burundi","0","W00","World","H5","HS","true","TOTAL","All Commodities","0","false","C00","TOTAL CPC","0","0","TOTAL MOT","-1","N/A","0","false","-1","N/A","0","false","0","false","0","false",,"77053.06","77053.06","0","false","true",
"C","A","20200101","2020","52","2020","120","CMR","Cameroon","X","Export","124","CAN","Canada","0","W00","World","H5","HS","true","TOTAL","All Commodities","0","false","C00","TOTAL CPC","0","0","TOTAL MOT","-1","N/A","0","false","-1","N/A","0","false","0","false","0","false",,"101442738.25","101442738.25","0","false","true",
"C","A","20200101","2020","52","2020","120","CMR","Cameroon","X","Export","132","CPV","Cabo Verde","0","W00","World","H5","HS","true","TOTAL","All Commodities","0","false","C00","TOTAL CPC","0","0","TOTAL MOT","-1","N/A","0","false","-1","N/A","0","false","0","false","0","false",,"178975.11","178975.11","0","false","true",
"C","A","20200101","2020","52","2020","120","CMR","Cameroon","X","Export","140","CAF","Central African Rep.","0","W00","World","H5","HS","true","TOTAL","All Commodities","0","false","C00","TOTAL CPC","0","0","TOTAL MOT","-1","N/A","0","false","-1","N/A","0","false","0","true","0","false",,"36058375.81","36058375.81","4","false","true",
"C","A","20200101","2020","52","2020","120","CMR","Cameroon","X","Export","144","LKA","Sri Lanka","0","W00","World","H5","HS","true","TOTAL","All Commodities","0","false","C00","TOTAL CPC","0","0","TOTAL MOT","-1","N/A","0","false","-1","N/A","0","false","0","false","0","false",,"56402.29","56402.29","0","false","true",
"C","A","20200101","2020","52","2020","120","CMR","Cameroon","X","Export","148","TCD","Chad","0","W00","World","H5","HS","true","TOTAL","All Commodities","0","false","C00","TOTAL CPC","0","0","TOTAL MOT","-1","N/A","0","false","-1","N/A","0","false","0","true","0","false",,"117487834.71","117487834.71","4","false","true",
"C","A","20200101","2020","52","2020","120","CMR","Cameroon","X","Export","152","CHL","Chile","0","W00","World","H5","HS","true","TOTAL","All Commodities","0","false","C00","TOTAL CPC","0","0","TOTAL MOT","-1","N/A","0","false","-1","N/A","0","false","0","false","0","false",,"18826.16","18826.16","0","false","true",
"C","A","20200101","2020","52","2020","120","CMR","Cameroon","X","Export","156","CHN","China","0","W00","World","H5","HS","true","TOTAL","All Commodities","0","false","C00","TOTAL CPC","0","0","TOTAL MOT","-1","N/A","0","false","-1","N/A","0","false","0","false","0","false",,"680845679.42","680845679.42","0","false","true",
"C","A","20200101","2020","52","2020","120","CMR","Cameroon","X","Export","170","COL","Colombia","0","W00","World","H5","HS","true","TOTAL","All Commodities","0","false","C00","TOTAL CPC","0","0","TOTAL MOT","-1","N/A","0","false","-1","N/A","0","false","0","false","0","false",,"170104.19","170104.19","0","false","true",
"C","A","20200101","2020","52","2020","120","CMR","Cameroon","X","Export","174","COM","Comoros","0","W00","World","H5","HS","true","TOTAL","All Commodities","0","false","C00","TOTAL CPC","0","0","TOTAL MOT","-1","N/A","0","false","-1","N/A","0","false","0","false","0","false",,"30709.58","30709.58","0","false","true",
"C","A","20200101","2020","52","2020","120","CMR","Cameroon","X","Export","178","COG","Congo","0","W00","World","H5","HS","true","TOTAL","All Commodities","0","false","C00","TOTAL CPC","0","0","TOTAL MOT","-1","N/A","0","false","-1","N/A","0","false","0","true","0","false",,"25258314.1","25258314.1","4","false","true",
"C","A","20200101","2020","52","2020","120","CMR","Cameroon","X","Export","180","COD","Dem. Rep. of the Congo","0","W00","World","H5","HS","true","TOTAL","All Commodities","0","false","C00","TOTAL CPC","0","0","TOTAL MOT","-1","N/A","0","false","-1","N/A","0","false","0","false","0","false",,"2919944.87","2919944.87","0","false","true",
"C","A","20200101","2020","52","2020","120","CMR","Cameroon","X","Export","191","HRV","Croatia","0","W00","World","H5","HS","true","TOTAL","All Commodities","0","false","C00","TOTAL CPC","0","0","TOTAL MOT","-1","N/A","0","false","-1","N/A","0","false","0","false","0","false",,"362616.87","362616.87","0","false","true",
"C","A","20200101","2020","52","2020","120","CMR","Cameroon","X","Export","192","CUB","Cuba","0","W00","World","H5","HS","true","TOTAL","All Commodities","0","false","C00","TOTAL CPC","0","0","TOTAL MOT","-1","N/A","0","false","-1","N/A","0","false","0","false","0","false",,"24984.32","24984.32","0","false","true",
"C","A","20200101","2020","52","2020","120","CMR","Cameroon","X","Export","196","CYP","Cyprus","0","W00","World","H5","HS","true","TOTAL","All Commodities","0","false","C00","TOTAL CPC","0","0","TOTAL MOT","-1","N/A","0","false","-1","N/A","0","false","0","false","0","false",,"57592.33","57592.33","0","false","true",
"C","A","20200101","2020","52","2020","120","CMR","Cameroon","X","Export","203","CZE","Czechia","0","W00","World","H5","HS","true","TOTAL","All Commodities","0","false","C00","TOTAL CPC","0","0","TOTAL MOT","-1","N/A","0","false","-1","N/A","0","false","0","false","0","false",,"465281.8","465281.8","0","false","true",
"C","A","20200101","2020","52","2020","120","CMR","Cameroon","X","Export","204","BEN","Benin","0","W00","World","H5","HS","true","TOTAL","All Commodities","0","false","C00","TOTAL CPC","0","0","TOTAL MOT","-1","N/A","0","false","-1","N/A","0","false","0","false","0","false",,"1113944.65","1113944.65","0","false","true",
"C","A","20200101","2020","52","2020","120","CMR","Cameroon","X","Export","208","DNK","Denmark","0","W00","World","H5","HS","true","TOTAL","All Commodities","0","false","C00","TOTAL CPC","0","0","TOTAL MOT","-1","N/A","0","false","-1","N/A","0","false","0","false","0","false",,"236324.65","236324.65","0","false","true",
"C","A","20200101","2020","52","2020","120","CMR","Cameroon","X","Export","212","DMA","Dominica","0","W00","World","H5","HS","true","TOTAL","All Commodities","0","false","C00","TOTAL CPC","0","0","TOTAL MOT","-1","N/A","0","false","-1","N/A","0","false","0","false","0","false",,"80196.72","80196.72","0","false","true",
"C","A","20200101","2020","52","2020","120","CMR","Cameroon","X","Export","214","DOM","Dominican Rep.","0","W00","World","H5","HS","true","TOTAL","All Commodities","0","false","C00","TOTAL CPC","0","0","TOTAL MOT","-1","N/A","0","false","-1","N/A","0","false","0","false","0","false",,"817013.14","817013.14","0","false","true",
"C","A","20200101","2020","52","2020","120","CMR","Cameroon","X","Export","226","GNQ","Equatorial Guinea","0","W00","World","H5","HS","true","TOTAL","All Commodities","0","false","C00","TOTAL CPC","0","0","TOTAL MOT","-1","N/A","0","false","-1","N/A","0","false","0","true","0","false",,"13685414.8","13685414.8","4","false","true",
"C","A","20200101","2020","52","2020","120","CMR","Cameroon","X","Export","232","ERI","Eritrea","0","W00","World","H5","HS","true","TOTAL","All Commodities","0","false","C00","TOTAL CPC","0","0","TOTAL MOT","-1","N/A","0","false","-1","N/A","0","false","0","false","0","false",,"33631.24","33631.24","0","false","true",
"C","A","20200101","2020","52","2020","120","CMR","Cameroon","X","Export","233","EST","Estonia","0","W00","World","H5","HS","true","TOTAL","All Commodities","0","false","C00","TOTAL CPC","0","0","TOTAL MOT","-1","N/A","0","false","-1","N/A","0","false","0","false","0","false",,"48317.48","48317.48","0","false","true",
"C","A","20200101","2020","52","2020","120","CMR","Cameroon","X","Export","246","FIN","Finland","0","W00","World","H5","HS","true","TOTAL","All Commodities","0","false","C00","TOTAL CPC","0","0","TOTAL MOT","-1","N/A","0","false","-1","N/A","0","false","0","false","0","false",,"484633.8","484633.8","0","false","true",
"C","A","20200101","2020","52","2020","120","CMR","Cameroon","X","Export","251","FRA","France","0","W00","World","H5","HS","true","TOTAL","All Commodities","0","false","C00","TOTAL CPC","0","0","TOTAL MOT","-1","N/A","0","false","-1","N/A","0","false","0","true","0","false",,"118535631.96","118535631.96","4","false","true",
"C","A","20200101","2020","52","2020","120","CMR","Cameroon","X","Export","260","ATF","Fr. South Antarctic Terr.","0","W00","World","H5","HS","true","TOTAL","All Commodities","0","false","C00","TOTAL CPC","0","0","TOTAL MOT","-1","N/A","0","false","-1","N/A","0","false","0","false","0","false",,"499.37","499.37","0","false","true",
"C","A","20200101","2020","52","2020","120","CMR","Cameroon","X","Export","266","GAB","Gabon","0","W00","World","H5","HS","true","TOTAL","All Commodities","0","false","C00","TOTAL CPC","0","0","TOTAL MOT","-1","N/A","0","false","-1","N/A","0","false","0","true","0","false",,"38276682.91","38276682.91","4","false","true",
"C","A","20200101","2020","52","2020","120","CMR","Cameroon","X","Export","268","GEO","Georgia","0","W00","World","H5","HS","true","TOTAL","All Commodities","0","false","C00","TOTAL CPC","0","0","TOTAL MOT","-1","N/A","0","false","-1","N/A","0","false","0","false","0","false",,"132281.82","132281.82","0","false","true",
"C","A","20200101","2020","52","2020","120","CMR","Cameroon","X","Export","270","GMB","Gambia","0","W00","World","H5","HS","true","TOTAL","All Commodities","0","false","C00","TOTAL CPC","0","0","TOTAL MOT","-1","N/A","0","false","-1","N/A","0","false","0","false","0","false",,"87836.09","87836.09","0","false","true",
"C","A","20200101","2020","52","2020","120","CMR","Cameroon","X","Export","276","DEU","Germany","0","W00","World","H5","HS","true","TOTAL","All Commodities","0","false","C00","TOTAL CPC","0","0","TOTAL MOT","-1","N/A","0","false","-1","N/A","0","false","0","false","0","false",,"38627541.34","38627541.34","0","false","true",
"C","A","20200101","2020","52","2020","120","CMR","Cameroon","X","Export","288","GHA","Ghana","0","W00","World","H5","HS","true","TOTAL","All Commodities","0","false","C00","TOTAL CPC","0","0","TOTAL MOT","-1","N/A","0","false","-1","N/A","0","false","0","false","0","false",,"1269401.4","1269401.4","0","false","true",
"C","A","20200101","2020","52","2020","120","CMR","Cameroon","X","Export","300","GRC","Greece","0","W00","World","H5","HS","true","TOTAL","All Commodities","0","false","C00","TOTAL CPC","0","0","TOTAL MOT","-1","N/A","0","false","-1","N/A","0","false","0","false","0","false",,"1294231.91","1294231.91","0","false","true",
"C","A","20200101","2020","52","2020","120","CMR","Cameroon","X","Export","324","GIN","Guinea","0","W00","World","H5","HS","true","TOTAL","All Commodities","0","false","C00","TOTAL CPC","0","0","TOTAL MOT","-1","N/A","0","false","-1","N/A","0","false","0","false","0","false",,"387047.53","387047.53","0","false","true",
"C","A","20200101","2020","52","2020","120","CMR","Cameroon","X","Export","344","HKG","China, Hong Kong SAR","0","W00","World","H5","HS","true","TOTAL","All Commodities","0","false","C00","TOTAL CPC","0","0","TOTAL MOT","-1","N/A","0","false","-1","N/A","0","false","0","false","0","false",,"805.13","805.13","0","false","true",
"C","A","20200101","2020","52","2020","120","CMR","Cameroon","X","Export","348","HUN","Hungary","0","W00","World","H5","HS","true","TOTAL","All Commodities","0","false","C00","TOTAL CPC","0","0","TOTAL MOT","-1","N/A","0","false","-1","N/A","0","false","0","false","0","false",,"6631.67","6631.67","0","false","true",
"C","A","20200101","2020","52","2020","120","CMR","Cameroon","X","Export","360","IDN","Indonesia","0","W00","World","H5","HS","true","TOTAL","All Commodities","0","false","C00","TOTAL CPC","0","0","TOTAL MOT","-1","N/A","0","false","-1","N/A","0","false","0","false","0","false",,"54480683.91","54480683.91","0","false","true",
"C","A","20200101","2020","52","2020","120","CMR","Cameroon","X","Export","368","IRQ","Iraq","0","W00","World","H5","HS","true","TOTAL","All Commodities","0","false","C00","TOTAL CPC","0","0","TOTAL MOT","-1","N/A","0","false","-1","N/A","0","false","0","false","0","false",,"23391.07","23391.07","0","false","true",
"C","A","20200101","2020","52","2020","120","CMR","Cameroon","X","Export","372","IRL","Ireland","0","W00","World","H5","HS","true","TOTAL","All Commodities","0","false","C00","TOTAL CPC","0","0","TOTAL MOT","-1","N/A","0","false","-1","N/A","0","false","0","false","0","false",,"3119465.48","3119465.48","0","false","true",
"C","A","20200101","2020","52","2020","120","CMR","Cameroon","X","Export","376","ISR","Israel","0","W00","World","H5","HS","true","TOTAL","All Commodities","0","false","C00","TOTAL CPC","0","0","TOTAL MOT","-1","N/A","0","false","-1","N/A","0","false","0","false","0","false",,"57.3","57.3","0","false","true",
"C","A","20200101","2020","52","2020","120","CMR","Cameroon","X","Export","380","ITA","Italy","0","W00","World","H5","HS","true","TOTAL","All Commodities","0","false","C00","TOTAL CPC","0","0","TOTAL MOT","-1","N/A","0","false","-1","N/A","0","false","0","false","0","false",,"316080756.29","316080756.29","0","false","true",
"C","A","20200101","2020","52","2020","120","CMR","Cameroon","X","Export","384","CIV","Côte d'Ivoire","0","W00","World","H5","HS","true","TOTAL","All Commodities","0","false","C00","TOTAL CPC","0","0","TOTAL MOT","-1","N/A","0","false","-1","N/A","0","false","0","false","0","false",,"1279192.43","1279192.43","0","false","true",
"C","A","20200101","2020","52","2020","120","CMR","Cameroon","X","Export","392","JPN","Japan","0","W00","World","H5","HS","true","TOTAL","All Commodities","0","false","C00","TOTAL CPC","0","0","TOTAL MOT","-1","N/A","0","false","-1","N/A","0","false","0","false","0","false",,"2468370.23","2468370.23","0","false","true",
"C","A","20200101","2020","52","2020","120","CMR","Cameroon","X","Export","400","JOR","Jordan","0","W00","World","H5","HS","true","TOTAL","All Commodities","0","false","C00","TOTAL CPC","0","0","TOTAL MOT","-1","N/A","0","false","-1","N/A","0","false","0","false","0","false",,"175269.11","175269.11","0","false","true",
"C","A","20200101","2020","52","2020","120","CMR","Cameroon","X","Export","404","KEN","Kenya","0","W00","World","H5","HS","true","TOTAL","All Commodities","0","false","C00","TOTAL CPC","0","0","TOTAL MOT","-1","N/A","0","false","-1","N/A","0","false","0","false","0","false",,"674047.23","674047.23","0","false","true",
"C","A","20200101","2020","52","2020","120","CMR","Cameroon","X","Export","408","PRK","Dem. People's Rep. of Korea","0","W00","World","H5","HS","true","TOTAL","All Commodities","0","false","C00","TOTAL CPC","0","0","TOTAL MOT","-1","N/A","0","false","-1","N/A","0","false","0","false","0","false",,"25516.85","25516.85","0","false","true",
"C","A","20200101","2020","52","2020","120","CMR","Cameroon","X","Export","410","KOR","Rep. of Korea","0","W00","World","H5","HS","true","TOTAL","All Commodities","0","false","C00","TOTAL CPC","0","0","TOTAL MOT","-1","N/A","0","false","-1","N/A","0","false","0","false","0","false",,"58200554.98","58200554.98","0","false","true",
"C","A","20200101","2020","52","2020","120","CMR","Cameroon","X","Export","414","KWT","Kuwait","0","W00","World","H5","HS","true","TOTAL","All Commodities","0","false","C00","TOTAL CPC","0","0","TOTAL MOT","-1","N/A","0","false","-1","N/A","0","false","0","false","0","false",,"25006554.87","25006554.87","0","false","true",
"C","A","20200101","2020","52","2020","120","CMR","Cameroon","X","Export","422","LBN","Lebanon","0","W00","World","H5","HS","true","TOTAL","All Commodities","0","false","C00","TOTAL CPC","0","0","TOTAL MOT","-1","N/A","0","false","-1","N/A","0","false","0","false","0","false",,"487756.09","487756.09","0","false","true",
"C","A","20200101","2020","52","2020","120","CMR","Cameroon","X","Export","430","LBR","Liberia","0","W00","World","H5","HS","true","TOTAL","All Commodities","0","false","C00","TOTAL CPC","0","0","TOTAL MOT","-1","N/A","0","false","-1","N/A","0","false","0","false","0","false",,"56972.71","56972.71","0","false","true",
"C","A","20200101","2020","52","2020","120","CMR","Cameroon","X","Export","434","LBY","Libya","0","W00","World","H5","HS","true","TOTAL","All Commodities","0","false","C00","TOTAL CPC","0","0","TOTAL MOT","-1","N/A","0","false","-1","N/A","0","false","0","false","0","false",,"127703.04","127703.04","0","false","true",
"C","A","20200101","2020","52","2020","120","CMR","Cameroon","X","Export","440","LTU","Lithuania","0","W00","World","H5","HS","true","TOTAL","All Commodities","0","false","C00","TOTAL CPC","0","0","TOTAL MOT","-1","N/A","0","false","-1","N/A","0","false","0","false","0","false",,"193957.29","193957.29","0","false","true",
"C","A","20200101","2020","52","2020","120","CMR","Cameroon","X","Export","442","LUX","Luxembourg","0","W00","World","H5","HS","true","TOTAL","All Commodities","0","false","C00","TOTAL CPC","0","0","TOTAL MOT","-1","N/A","0","false","-1","N/A","0","false","0","false","0","false",,"217.84","217.84","0","false","true",
"C","A","20200101","2020","52","2020","120","CMR","Cameroon","X","Export","450","MDG","Madagascar","0","W00","World","H5","HS","true","TOTAL","All Commodities","0","false","C00","TOTAL CPC","0","0","TOTAL MOT","-1","N/A","0","false","-1","N/A","0","false","0","false","0","false",,"312366.98","312366.98","0","false","true",
"C","A","20200101","2020","52","2020","120","CMR","Cameroon","X","Export","458","MYS","Malaysia","0","W00","World","H5","HS","true","TOTAL","All Commodities","0","false","C00","TOTAL CPC","0","0","TOTAL MOT","-1","N/A","0","false","-1","N/A","0","false","0","false","0","false",,"133946598.15","133946598.15","0","false","true",
"C","A","20200101","2020","52","2020","120","CMR","Cameroon","X","Export","466","MLI","Mali","0","W00","World","H5","HS","true","TOTAL","All Commodities","0","false","C00","TOTAL CPC","0","0","TOTAL MOT","-1","N/A","0","false","-1","N/A","0","false","0","false","0","false",,"540954.37","540954.37","0","false","true",
"C","A","20200101","2020","52","2020","120","CMR","Cameroon","X","Export","470","MLT","Malta","0","W00","World","H5","HS","true","TOTAL","All Commodities","0","false","C00","TOTAL CPC","0","0","TOTAL MOT","-1","N/A","0","false","-1","N/A","0","false","0","false","0","false",,"469029.57","469029.57","0","false","true",
"C","A","20200101","2020","52","2020","120","CMR","Cameroon","X","Export","478","MRT","Mauritania","0","W00","World","H5","HS","true","TOTAL","All Commodities","0","false","C00","TOTAL CPC","0","0","TOTAL MOT","-1","N/A","0","false","-1","N/A","0","false","0","false","0","false",,"2974.3","2974.3","0","false","true",
"C","A","20200101","2020","52","2020","120","CMR","Cameroon","X","Export","480","MUS","Mauritius","0","W00","World","H5","HS","true","TOTAL","All Commodities","0","false","C00","TOTAL CPC","0","0","TOTAL MOT","-1","N/A","0","false","-1","N/A","0","false","0","false","0","false",,"1498545.39","1498545.39","0","false","true",
"C","A","20200101","2020","52","2020","120","CMR","Cameroon","X","Export","484","MEX","Mexico","0","W00","World","H5","HS","true","TOTAL","All Commodities","0","false","C00","TOTAL CPC","0","0","TOTAL MOT","-1","N/A","0","false","-1","N/A","0","false","0","false","0","false",,"3276918.68","3276918.68","0","false","true",
"C","A","20200101","2020","52","2020","120","CMR","Cameroon","X","Export","490","S19","Other Asia, nes","0","W00","World","H5","HS","true","TOTAL","All Commodities","0","false","C00","TOTAL CPC","0","0","TOTAL MOT","-1","N/A","0","false","-1","N/A","0","false","0","false","0","false",,"18813879.37","18813879.37","0","false","true",
"C","A","20200101","2020","52","2020","120","CMR","Cameroon","X","Export","504","MAR","Morocco","0","W00","World","H5","HS","true","TOTAL","All Commodities","0","false","C00","TOTAL CPC","0","0","TOTAL MOT","-1","N/A","0","false","-1","N/A","0","false","0","false","0","false",,"1892592.29","1892592.29","0","false","true",
"C","A","20200101","2020","52","2020","120","CMR","Cameroon","X","Export","508","MOZ","Mozambique","0","W00","World","H5","HS","true","TOTAL","All Commodities","0","false","C00","TOTAL CPC","0","0","TOTAL MOT","-1","N/A","0","false","-1","N/A","0","false","0","false","0","false",,"201185.09","201185.09","0","false","true",
"C","A","20200101","2020","52","2020","120","CMR","Cameroon","X","Export","512","OMN","Oman","0","W00","World","H5","HS","true","TOTAL","All Commodities","0","false","C00","TOTAL CPC","0","0","TOTAL MOT","-1","N/A","0","false","-1","N/A","0","false","0","false","0","false",,"19977.28","19977.28","0","false","true",
"C","A","20200101","2020","52","2020","120","CMR","Cameroon","X","Export","528","NLD","Netherlands","0","W00","World","H5","HS","true","TOTAL","All Commodities","0","false","C00","TOTAL CPC","0","0","TOTAL MOT","-1","N/A","0","false","-1","N/A","0","false","0","false","0","false",,"295412437.45","295412437.45","0","false","true",
"C","A","20200101","2020","52","2020","120","CMR","Cameroon","X","Export","554","NZL","New Zealand","0","W00","World","H5","HS","true","TOTAL","All Commodities","0","false","C00","TOTAL CPC","0","0","TOTAL MOT","-1","N/A","0","false","-1","N/A","0","false","0","false","0","false",,"34027488.42","34027488.42","0","false","true",
"C","A","20200101","2020","52","2020","120","CMR","Cameroon","X","Export","558","NIC","Nicaragua","0","W00","World","H5","HS","true","TOTAL","All Commodities","0","false","C00","TOTAL CPC","0","0","TOTAL MOT","-1","N/A","0","false","-1","N/A","0","false","0","false","0","false",,"1079785.87","1079785.87","0","false","true",
"C","A","20200101","2020","52","2020","120","CMR","Cameroon","X","Export","562","NER","Niger","0","W00","World","H5","HS","true","TOTAL","All Commodities","0","false","C00","TOTAL CPC","0","0","TOTAL MOT","-1","N/A","0","false","-1","N/A","0","false","0","false","0","false",,"60376.69","60376.69","0","false","true",
"C","A","20200101","2020","52","2020","120","CMR","Cameroon","X","Export","566","NGA","Nigeria","0","W00","World","H5","HS","true","TOTAL","All Commodities","0","false","C00","TOTAL CPC","0","0","TOTAL MOT","-1","N/A","0","false","-1","N/A","0","false","0","true","0","false",,"27734557.87","27734557.87","4","false","true",
"C","A","20200101","2020","52","2020","120","CMR","Cameroon","X","Export","579","NOR","Norway","0","W00","World","H5","HS","true","TOTAL","All Commodities","0","false","C00","TOTAL CPC","0","0","TOTAL MOT","-1","N/A","0","false","-1","N/A","0","false","0","false","0","false",,"54186612.33","54186612.33","0","false","true",
"C","A","20200101","2020","52","2020","120","CMR","Cameroon","X","Export","586","PAK","Pakistan","0","W00","World","H5","HS","true","TOTAL","All Commodities","0","false","C00","TOTAL CPC","0","0","TOTAL MOT","-1","N/A","0","false","-1","N/A","0","false","0","false","0","false",,"17698375.57","17698375.57","0","false","true",
"C","A","20200101","2020","52","2020","120","CMR","Cameroon","X","Export","608","PHL","Philippines","0","W00","World","H5","HS","true","TOTAL","All Commodities","0","false","C00","TOTAL CPC","0","0","TOTAL MOT","-1","N/A","0","false","-1","N/A","0","false","0","false","0","false",,"159445.56","159445.56","0","false","true",
"C","A","20200101","2020","52","2020","120","CMR","Cameroon","X","Export","616","POL","Poland","0","W00","World","H5","HS","true","TOTAL","All Commodities","0","false","C00","TOTAL CPC","0","0","TOTAL MOT","-1","N/A","0","false","-1","N/A","0","false","0","false","0","false",,"1412913.16","1412913.16","0","false","true",
"C","A","20200101","2020","52","2020","120","CMR","Cameroon","X","Export","620","PRT","Portugal","0","W00","World","H5","HS","true","TOTAL","All Commodities","0","false","C00","TOTAL CPC","0","0","TOTAL MOT","-1","N/A","0","false","-1","N/A","0","false","0","false","0","false",,"7837298.86","7837298.86","0","false","true",
"C","A","20200101","2020","52","2020","120","CMR","Cameroon","X","Export","634","QAT","Qatar","0","W00","World","H5","HS","true","TOTAL","All Commodities","0","false","C00","TOTAL CPC","0","0","TOTAL MOT","-1","N/A","0","false","-1","N/A","0","false","0","false","0","false",,"876954.96","876954.96","0","false","true",
"C","A","20200101","2020","52","2020","120","CMR","Cameroon","X","Export","642","ROU","Romania","0","W00","World","H5","HS","true","TOTAL","All Commodities","0","false","C00","TOTAL CPC","0","0","TOTAL MOT","-1","N/A","0","false","-1","N/A","0","false","0","false","0","false",,"1052635.31","1052635.31","0","false","true",
"C","A","20200101","2020","52","2020","120","CMR","Cameroon","X","Export","643","RUS","Russian Federation","0","W00","World","H5","HS","true","TOTAL","All Commodities","0","false","C00","TOTAL CPC","0","0","TOTAL MOT","-1","N/A","0","false","-1","N/A","0","false","0","false","0","false",,"327651.62","327651.62","0","false","true",
"C","A","20200101","2020","52","2020","120","CMR","Cameroon","X","Export","646","RWA","Rwanda","0","W00","World","H5","HS","true","TOTAL","All Commodities","0","false","C00","TOTAL CPC","0","0","TOTAL MOT","-1","N/A","0","false","-1","N/A","0","false","0","false","0","false",,"28796.14","28796.14","0","false","true",
"C","A","20200101","2020","52","2020","120","CMR","Cameroon","X","Export","652","BLM","Saint Barthélemy","0","W00","World","H5","HS","true","TOTAL","All Commodities","0","false","C00","TOTAL CPC","0","0","TOTAL MOT","-1","N/A","0","false","-1","N/A","0","false","0","false","0","false",,"217.84","217.84","0","false","true",
"C","A","20200101","2020","52","2020","120","CMR","Cameroon","X","Export","674","SMR","San Marino","0","W00","World","H5","HS","true","TOTAL","All Commodities","0","false","C00","TOTAL CPC","0","0","TOTAL MOT","-1","N/A","0","false","-1","N/A","0","false","0","false","0","false",,"19554.91","19554.91","0","false","true",
"C","A","20200101","2020","52","2020","120","CMR","Cameroon","X","Export","678","STP","Sao Tome and Principe","0","W00","World","H5","HS","true","TOTAL","All Commodities","0","false","C00","TOTAL CPC","0","0","TOTAL MOT","-1","N/A","0","false","-1","N/A","0","false","0","false","0","false",,"216930.39","216930.39","0","false","true",
"C","A","20200101","2020","52","2020","120","CMR","Cameroon","X","Export","682","SAU","Saudi Arabia","0","W00","World","H5","HS","true","TOTAL","All Commodities","0","false","C00","TOTAL CPC","0","0","TOTAL MOT","-1","N/A","0","false","-1","N/A","0","false","0","false","0","false",,"1610000.05","1610000.05","0","false","true",
"C","A","20200101","2020","52","2020","120","CMR","Cameroon","X","Export","686","SEN","Senegal","0","W00","World","H5","HS","true","TOTAL","All Commodities","0","false","C00","TOTAL CPC","0","0","TOTAL MOT","-1","N/A","0","false","-1","N/A","0","false","0","false","0","false",,"19848589.29","19848589.29","0","false","true",
"C","A","20200101","2020","52","2020","120","CMR","Cameroon","X","Export","690","SYC","Seychelles","0","W00","World","H5","HS","true","TOTAL","All Commodities","0","false","C00","TOTAL CPC","0","0","TOTAL MOT","-1","N/A","0","false","-1","N/A","0","false","0","false","0","false",,"24516.93","24516.93","0","false","true",
"C","A","20200101","2020","52","2020","120","CMR","Cameroon","X","Export","694","SLE","Sierra Leone","0","W00","World","H5","HS","true","TOTAL","All Commodities","0","false","C00","TOTAL CPC","0","0","TOTAL MOT","-1","N/A","0","false","-1","N/A","0","false","0","false","0","false",,"1663.3","1663.3","0","false","true",
"C","A","20200101","2020","52","2020","120","CMR","Cameroon","X","Export","699","IND","India","0","W00","World","H5","HS","true","TOTAL","All Commodities","0","false","C00","TOTAL CPC","0","0","TOTAL MOT","-1","N/A","0","false","-1","N/A","0","false","0","false","0","false",,"127398511.03","127398511.03","0","false","true",
"C","A","20200101","2020","52","2020","120","CMR","Cameroon","X","Export","702","SGP","Singapore","0","W00","World","H5","HS","true","TOTAL","All Commodities","0","false","C00","TOTAL CPC","0","0","TOTAL MOT","-1","N/A","0","false","-1","N/A","0","false","0","false","0","false",,"18903912.61","18903912.61","0","false","true",
"C","A","20200101","2020","52","2020","120","CMR","Cameroon","X","Export","704","VNM","Viet Nam","0","W00","World","H5","HS","true","TOTAL","All Commodities","0","false","C00","TOTAL CPC","0","0","TOTAL MOT","-1","N/A","0","false","-1","N/A","0","false","0","false","0","false",,"88926390.07","88926390.07","0","false","true",
"C","A","20200101","2020","52","2020","120","CMR","Cameroon","X","Export","705","SVN","Slovenia","0","W00","World","H5","HS","true","TOTAL","All Commodities","0","false","C00","TOTAL CPC","0","0","TOTAL MOT","-1","N/A","0","false","-1","N/A","0","false","0","false","0","false",,"564421.61","564421.61","0","false","true",
"C","A","20200101","2020","52","2020","120","CMR","Cameroon","X","Export","706","SOM","Somalia","0","W00","World","H5","HS","true","TOTAL","All Commodities","0","false","C00","TOTAL CPC","0","0","TOTAL MOT","-1","N/A","0","false","-1","N/A","0","false","0","false","0","false",,"15353.06","15353.06","0","false","true",
"C","A","20200101","2020","52","2020","120","CMR","Cameroon","X","Export","710","ZAF","South Africa","0","W00","World","H5","HS","true","TOTAL","All Commodities","0","false","C00","TOTAL CPC","0","0","TOTAL MOT","-1","N/A","0","false","-1","N/A","0","false","0","false","0","false",,"3760556.6","3760556.6","0","false","true",
"C","A","20200101","2020","52","2020","120","CMR","Cameroon","X","Export","724","ESP","Spain","0","W00","World","H5","HS","true","TOTAL","All Commodities","0","false","C00","TOTAL CPC","0","0","TOTAL MOT","-1","N/A","0","false","-1","N/A","0","false","0","false","0","false",,"213500334.43","213500334.43","0","false","true",
"C","A","20200101","2020","52","2020","120","CMR","Cameroon","X","Export","729","SDN","Sudan","0","W00","World","H5","HS","true","TOTAL","All Commodities","0","false","C00","TOTAL CPC","0","0","TOTAL MOT","-1","N/A","0","false","-1","N/A","0","false","0","false","0","false",,"4356.85","4356.85","0","false","true",
"C","A","20200101","2020","52","2020","120","CMR","Cameroon","X","Export","752","SWE","Sweden","0","W00","World","H5","HS","true","TOTAL","All Commodities","0","false","C00","TOTAL CPC","0","0","TOTAL MOT","-1","N/A","0","false","-1","N/A","0","false","0","false","0","false",,"1130282.21","1130282.21","0","false","true",
"C","A","20200101","2020","52","2020","120","CMR","Cameroon","X","Export","757","CHE","Switzerland","0","W00","World","H5","HS","true","TOTAL","All Commodities","0","false","C00","TOTAL CPC","0","0","TOTAL MOT","-1","N/A","0","false","-1","N/A","0","false","0","false","0","false",,"578940.9","578940.9","0","false","true",
"C","A","20200101","2020","52","2020","120","CMR","Cameroon","X","Export","764","THA","Thailand","0","W00","World","H5","HS","true","TOTAL","All Commodities","0","false","C00","TOTAL CPC","0","0","TOTAL MOT","-1","N/A","0","false","-1","N/A","0","false","0","false","0","false",,"10949983.84","10949983.84","0","false","true",
"C","A","20200101","2020","52","2020","120","CMR","Cameroon","X","Export","768","TGO","Togo","0","W00","World","H5","HS","true","TOTAL","All Commodities","0","false","C00","TOTAL CPC","0","0","TOTAL MOT","-1","N/A","0","false","-1","N/A","0","false","0","false","0","false",,"1056511.43","1056511.43","0","false","true",
"C","A","20200101","2020","52","2020","120","CMR","Cameroon","X","Export","784","ARE","United Arab Emirates","0","W00","World","H5","HS","true","TOTAL","All Commodities","0","false","C00","TOTAL CPC","0","0","TOTAL MOT","-1","N/A","0","false","-1","N/A","0","false","0","false","0","false",,"4079293.63","4079293.63","0","false","true",
"C","A","20200101","2020","52","2020","120","CMR","Cameroon","X","Export","788","TUN","Tunisia","0","W00","World","H5","HS","true","TOTAL","All Commodities","0","false","C00","TOTAL CPC","0","0","TOTAL MOT","-1","N/A","0","false","-1","N/A","0","false","0","false","0","false",,"1178879.6","1178879.6","0","false","true",
"C","A","20200101","2020","52","2020","120","CMR","Cameroon","X","Export","792","TUR","Türkiye","0","W00","World","H5","HS","true","TOTAL","All Commodities","0","false","C00","TOTAL CPC","0","0","TOTAL MOT","-1","N/A","0","false","-1","N/A","0","false","0","false","0","false",,"52059052.67","52059052.67","0","false","true",
"C","A","20200101","2020","52","2020","120","CMR","Cameroon","X","Export","796","TCA","Turks and Caicos Isds","0","W00","World","H5","HS","true","TOTAL","All Commodities","0","false","C00","TOTAL CPC","0","0","TOTAL MOT","-1","N/A","0","false","-1","N/A","0","false","0","false","0","false",,"99731.54","99731.54","0","false","true",
"C","A","20200101","2020","52","2020","120","CMR","Cameroon","X","Export","800","UGA","Uganda","0","W00","World","H5","HS","true","TOTAL","All Commodities","0","false","C00","TOTAL CPC","0","0","TOTAL MOT","-1","N/A","0","false","-1","N/A","0","false","0","false","0","false",,"67904.03","67904.03","0","false","true",
"C","A","20200101","2020","52","2020","120","CMR","Cameroon","X","Export","804","UKR","Ukraine","0","W00","World","H5","HS","true","TOTAL","All Commodities","0","false","C00","TOTAL CPC","0","0","TOTAL MOT","-1","N/A","0","false","-1","N/A","0","false","0","false","0","false",,"83251.52","83251.52","0","false","true",
"C","A","20200101","2020","52","2020","120","CMR","Cameroon","X","Export","818","EGY","Egypt","0","W00","World","H5","HS","true","TOTAL","All Commodities","0","false","C00","TOTAL CPC","0","0","TOTAL MOT","-1","N/A","0","false","-1","N/A","0","false","0","false","0","false",,"1488828.41","1488828.41","0","false","true",
"C","A","20200101","2020","52","2020","120","CMR","Cameroon","X","Export","826","GBR","United Kingdom","0","W00","World","H5","HS","true","TOTAL","All Commodities","0","false","C00","TOTAL CPC","0","0","TOTAL MOT","-1","N/A","0","false","-1","N/A","0","false","0","true","0","false",,"15957809.99","15957809.99","4","false","true",
"C","A","20200101","2020","52","2020","120","CMR","Cameroon","X","Export","834","TZA","United Rep. of Tanzania","0","W00","World","H5","HS","true","TOTAL","All Commodities","0","false","C00","TOTAL CPC","0","0","TOTAL MOT","-1","N/A","0","false","-1","N/A","0","false","0","false","0","false",,"287005.09","287005.09","0","false","true",
"C","A","20200101","2020","52","2020","120","CMR","Cameroon","X","Export","842","USA","USA","0","W00","World","H5","HS","true","TOTAL","All Commodities","0","false","C00","TOTAL CPC","0","0","TOTAL MOT","-1","N/A","0","false","-1","N/A","0","false","0","false","0","false",,"90757159.17","90757159.17","0","false","true",
"C","A","20200101","2020","52","2020","120","CMR","Cameroon","X","Export","854","BFA","Burkina Faso","0","W00","World","H5","HS","true","TOTAL","All Commodities","0","false","C00","TOTAL CPC","0","0","TOTAL MOT","-1","N/A","0","false","-1","N/A","0","false","0","false","0","false",,"831515.38","831515.38","0","false","true",
"C","A","20200101","2020","52","2020","120","CMR","Cameroon","X","Export","858","URY","Uruguay","0","W00","World","H5","HS","true","TOTAL","All Commodities","0","false","C00","TOTAL CPC","0","0","TOTAL MOT","-1","N/A","0","false","-1","N/A","0","false","0","false","0","false",,"25386.03","25386.03","0","false","true",
"C","A","20200101","2020","52","2020","120","CMR","Cameroon","X","Export","862","VEN","Venezuela","0","W00","World","H5","HS","true","TOTAL","All Commodities","0","false","C00","TOTAL CPC","0","0","TOTAL MOT","-1","N/A","0","false","-1","N/A","0","false","0","false","0","false",,"436802","436802","0","false","true",
"C","A","20210101","2021","52","2021","120","CMR","Cameroon","M","Import","0","W00","World","0","W00","World","H5","HS","true","TOTAL","All Commodities","0","false","C00","TOTAL CPC","0","0","TOTAL MOT","-1","N/A","0","false","-1","N/A","0","false","0","true","0","false","6966293016.781",,"6966293016.781","4","false","true",
"C","A","20210101","2021","52","2021","120","CMR","Cameroon","M","Import","4","AFG","Afghanistan","0","W00","World","H5","HS","true","TOTAL","All Commodities","0","false","C00","TOTAL CPC","0","0","TOTAL MOT","-1","N/A","0","false","-1","N/A","0","false","0","false","0","false","2112.02",,"2112.02","0","false","true",
"C","A","20210101","2021","52","2021","120","CMR","Cameroon","M","Import","8","ALB","Albania","0","W00","World","H5","HS","true","TOTAL","All Commodities","0","false","C00","TOTAL CPC","0","0","TOTAL MOT","-1","N/A","0","false","-1","N/A","0","false","0","false","0","false","2354447.89",,"2354447.89","0","false","true",
"C","A","20210101","2021","52","2021","120","CMR","Cameroon","M","Import","12","DZA","Algeria","0","W00","World","H5","HS","true","TOTAL","All Commodities","0","false","C00","TOTAL CPC","0","0","TOTAL MOT","-1","N/A","0","false","-1","N/A","0","false","0","false","0","false","34248942.96",,"34248942.96","0","false","true",
"C","A","20210101","2021","52","2021","120","CMR","Cameroon","M","Import","20","AND","Andorra","0","W00","World","H5","HS","true","TOTAL","All Commodities","0","false","C00","TOTAL CPC","0","0","TOTAL MOT","-1","N/A","0","false","-1","N/A","0","false","0","false","0","false","50",,"50","0","false","true",
"C","A","20210101","2021","52","2021","120","CMR","Cameroon","M","Import","24","AGO","Angola","0","W00","World","H5","HS","true","TOTAL","All Commodities","0","false","C00","TOTAL CPC","0","0","TOTAL MOT","-1","N/A","0","false","-1","N/A","0","false","0","false","0","false","23810255.27",,"23810255.27","0","false","true",
"C","A","20210101","2021","52","2021","120","CMR","Cameroon","M","Import","32","ARG","Argentina","0","W00","World","H5","HS","true","TOTAL","All Commodities","0","false","C00","TOTAL CPC","0","0","TOTAL MOT","-1","N/A","0","false","-1","N/A","0","false","0","false","0","false","52710932.67",,"52710932.67","0","false","true",
"C","A","20210101","2021","52","2021","120","CMR","Cameroon","M","Import","36","AUS","Australia","0","W00","World","H5","HS","true","TOTAL","All Commodities","0","false","C00","TOTAL CPC","0","0","TOTAL MOT","-1","N/A","0","false","-1","N/A","0","false","0","true","0","false","1841407.16",,"1841407.16","4","false","true",
"C","A","20210101","2021","52","2021","120","CMR","Cameroon","M","Import","40","AUT","Austria","0","W00","World","H5","HS","true","TOTAL","All Commodities","0","false","C00","TOTAL CPC","0","0","TOTAL MOT","-1","N/A","0","false","-1","N/A","0","false","0","true","0","false","7970819.22",,"7970819.22","4","false","true",
"C","A","20210101","2021","52","2021","120","CMR","Cameroon","M","Import","48","BHR","Bahrain","0","W00","World","H5","HS","true","TOTAL","All Commodities","0","false","C00","TOTAL CPC","0","0","TOTAL MOT","-1","N/A","0","false","-1","N/A","0","false","0","false","0","false","1187864.07",,"1187864.07","0","false","true",
"C","A","20210101","2021","52","2021","120","CMR","Cameroon","M","Import","50","BGD","Bangladesh","0","W00","World","H5","HS","true","TOTAL","All Commodities","0","false","C00","TOTAL CPC","0","0","TOTAL MOT","-1","N/A","0","false","-1","N/A","0","false","0","true","0","false","4556219.063",,"4556219.063","4","false","true",
"C","A","20210101","2021","52","2021","120","CMR","Cameroon","M","Import","51","ARM","Armenia","0","W00","World","H5","HS","true","TOTAL","All Commodities","0","false","C00","TOTAL CPC","0","0","TOTAL MOT","-1","N/A","0","false","-1","N/A","0","false","0","false","0","false","1462.35",,"1462.35","0","false","true",
"C","A","20210101","2021","52","2021","120","CMR","Cameroon","M","Import","52","BRB","Barbados","0","W00","World","H5","HS","true","TOTAL","All Commodities","0","false","C00","TOTAL CPC","0","0","TOTAL MOT","-1","N/A","0","false","-1","N/A","0","false","0","false","0","false","2808.86",,"2808.86","0","false","true",
"C","A","20210101","2021","52","2021","120","CMR","Cameroon","M","Import","56","BEL","Belgium","0","W00","World","H5","HS","true","TOTAL","All Commodities","0","false","C00","TOTAL CPC","0","0","TOTAL MOT","-1","N/A","0","false","-1","N/A","0","false","0","true","0","false","266447127.09",,"266447127.09","4","false","true",
"C","A","20210101","2021","52","2021","120","CMR","Cameroon","M","Import","64","BTN","Bhutan","0","W00","World","H5","HS","true","TOTAL","All Commodities","0","false","C00","TOTAL CPC","0","0","TOTAL MOT","-1","N/A","0","false","-1","N/A","0","false","0","false","0","false","26.75",,"26.75","0","false","true",
"C","A","20210101","2021","52","2021","120","CMR","Cameroon","M","Import","68","BOL","Bolivia (Plurinational State of)","0","W00","World","H5","HS","true","TOTAL","All Commodities","0","false","C00","TOTAL CPC","0","0","TOTAL MOT","-1","N/A","0","false","-1","N/A","0","false","0","false","0","false","2028903.6",,"2028903.6","0","false","true",
"C","A","20210101","2021","52","2021","120","CMR","Cameroon","M","Import","70","BIH","Bosnia Herzegovina","0","W00","World","H5","HS","true","TOTAL","All Commodities","0","false","C00","TOTAL CPC","0","0","TOTAL MOT","-1","N/A","0","false","-1","N/A","0","false","0","false","0","false","81395.74",,"81395.74","0","false","true",
"C","A","20210101","2021","52","2021","120","CMR","Cameroon","M","Import","72","BWA","Botswana","0","W00","World","H5","HS","true","TOTAL","All Commodities","0","false","C00","TOTAL CPC","0","0","TOTAL MOT","-1","N/A","0","false","-1","N/A","0","false","0","false","0","false","2755.87",,"2755.87","0","false","true",
"C","A","20210101","2021","52","2021","120","CMR","Cameroon","M","Import","76","BRA","Brazil","0","W00","World","H5","HS","true","TOTAL","All Commodities","0","false","C00","TOTAL CPC","0","0","TOTAL MOT","-1","N/A","0","false","-1","N/A","0","false","0","false","0","false","73633229.89",,"73633229.89","0","false","true",
"C","A","20210101","2021","52","2021","120","CMR","Cameroon","M","Import","84","BLZ","Belize","0","W00","World","H5","HS","true","TOTAL","All Commodities","0","false","C00","TOTAL CPC","0","0","TOTAL MOT","-1","N/A","0","false","-1","N/A","0","false","0","false","0","false","1913.77",,"1913.77","0","false","true",
"C","A","20210101","2021","52","2021","120","CMR","Cameroon","M","Import","92","VGB","Br. Virgin Isds","0","W00","World","H5","HS","true","TOTAL","All Commodities","0","false","C00","TOTAL CPC","0","0","TOTAL MOT","-1","N/A","0","false","-1","N/A","0","false","0","false","0","false","9746.96",,"9746.96","0","false","true",
"C","A","20210101","2021","52","2021","120","CMR","Cameroon","M","Import","100","BGR","Bulgaria","0","W00","World","H5","HS","true","TOTAL","All Commodities","0","false","C00","TOTAL CPC","0","0","TOTAL MOT","-1","N/A","0","false","-1","N/A","0","false","0","false","0","false","3257066.8",,"3257066.8","0","false","true",
"C","A","20210101","2021","52","2021","120","CMR","Cameroon","M","Import","104","MMR","Myanmar","0","W00","World","H5","HS","true","TOTAL","All Commodities","0","false","C00","TOTAL CPC","0","0","TOTAL MOT","-1","N/A","0","false","-1","N/A","0","false","0","false","0","false","17571642.98",,"17571642.98","0","false","true",
"C","A","20210101","2021","52","2021","120","CMR","Cameroon","M","Import","108","BDI","Burundi","0","W00","World","H5","HS","true","TOTAL","All Commodities","0","false","C00","TOTAL CPC","0","0","TOTAL MOT","-1","N/A","0","false","-1","N/A","0","false","0","false","0","false","2158.57",,"2158.57","0","false","true",
"C","A","20210101","2021","52","2021","120","CMR","Cameroon","M","Import","116","KHM","Cambodia","0","W00","World","H5","HS","true","TOTAL","All Commodities","0","false","C00","TOTAL CPC","0","0","TOTAL MOT","-1","N/A","0","false","-1","N/A","0","false","0","false","0","false","462865.73",,"462865.73","0","false","true",
"C","A","20210101","2021","52","2021","120","CMR","Cameroon","M","Import","124","CAN","Canada","0","W00","World","H5","HS","true","TOTAL","All Commodities","0","false","C00","TOTAL CPC","0","0","TOTAL MOT","-1","N/A","0","false","-1","N/A","0","false","0","true","0","false","69949217.56",,"69949217.56","4","false","true",
"C","A","20210101","2021","52","2021","120","CMR","Cameroon","M","Import","132","CPV","Cabo Verde","0","W00","World","H5","HS","true","TOTAL","All Commodities","0","false","C00","TOTAL CPC","0","0","TOTAL MOT","-1","N/A","0","false","-1","N/A","0","false","0","false","0","false","202.01",,"202.01","0","false","true",
"C","A","20210101","2021","52","2021","120","CMR","Cameroon","M","Import","136","CYM","Cayman Isds","0","W00","World","H5","HS","true","TOTAL","All Commodities","0","false","C00","TOTAL CPC","0","0","TOTAL MOT","-1","N/A","0","false","-1","N/A","0","false","0","false","0","false","1491.95",,"1491.95","0","false","true",
"C","A","20210101","2021","52","2021","120","CMR","Cameroon","M","Import","140","CAF","Central African Rep.","0","W00","World","H5","HS","true","TOTAL","All Commodities","0","false","C00","TOTAL CPC","0","0","TOTAL MOT","-1","N/A","0","false","-1","N/A","0","false","0","true","0","false","414148.724",,"414148.724","4","false","true",
"C","A","20210101","2021","52","2021","120","CMR","Cameroon","M","Import","144","LKA","Sri Lanka","0","W00","World","H5","HS","true","TOTAL","All Commodities","0","false","C00","TOTAL CPC","0","0","TOTAL MOT","-1","N/A","0","false","-1","N/A","0","false","0","false","0","false","450116.42",,"450116.42","0","false","true",
"C","A","20210101","2021","52","2021","120","CMR","Cameroon","M","Import","148","TCD","Chad","0","W00","World","H5","HS","true","TOTAL","All Commodities","0","false","C00","TOTAL CPC","0","0","TOTAL MOT","-1","N/A","0","false","-1","N/A","0","false","0","true","0","false","3643327.46",,"3643327.46","4","false","true",
"C","A","20210101","2021","52","2021","120","CMR","Cameroon","M","Import","152","CHL","Chile","0","W00","World","H5","HS","true","TOTAL","All Commodities","0","false","C00","TOTAL CPC","0","0","TOTAL MOT","-1","N/A","0","false","-1","N/A","0","false","0","false","0","false","6190751.09",,"6190751.09","0","false","true",
"C","A","20210101","2021","52","2021","120","CMR","Cameroon","M","Import","156","CHN","China","0","W00","World","H5","HS","true","TOTAL","All Commodities","0","false","C00","TOTAL CPC","0","0","TOTAL MOT","-1","N/A","0","false","-1","N/A","0","false","0","true","0","false","1186756831.848",,"1186756831.848","4","false","true",
"C","A","20210101","2021","52","2021","120","CMR","Cameroon","M","Import","170","COL","Colombia","0","W00","World","H5","HS","true","TOTAL","All Commodities","0","false","C00","TOTAL CPC","0","0","TOTAL MOT","-1","N/A","0","false","-1","N/A","0","false","0","false","0","false","1341457.95",,"1341457.95","0","false","true",
"C","A","20210101","2021","52","2021","120","CMR","Cameroon","M","Import","174","COM","Comoros","0","W00","World","H5","HS","true","TOTAL","All Commodities","0","false","C00","TOTAL CPC","0","0","TOTAL MOT","-1","N/A","0","false","-1","N/A","0","false","0","false","0","false","24209.6",,"24209.6","0","false","true",
"C","A","20210101","2021","52","2021","120","CMR","Cameroon","M","Import","178","COG","Congo","0","W00","World","H5","HS","true","TOTAL","All Commodities","0","false","C00","TOTAL CPC","0","0","TOTAL MOT","-1","N/A","0","false","-1","N/A","0","false","0","false","0","false","40969784.28",,"40969784.28","0","false","true",
"C","A","20210101","2021","52","2021","120","CMR","Cameroon","M","Import","180","COD","Dem. Rep. of the Congo","0","W00","World","H5","HS","true","TOTAL","All Commodities","0","false","C00","TOTAL CPC","0","0","TOTAL MOT","-1","N/A","0","false","-1","N/A","0","false","0","false","0","false","116088.98",,"116088.98","0","false","true",
"C","A","20210101","2021","52","2021","120","CMR","Cameroon","M","Import","184","COK","Cook Isds","0","W00","World","H5","HS","true","TOTAL","All Commodities","0","false","C00","TOTAL CPC","0","0","TOTAL MOT","-1","N/A","0","false","-1","N/A","0","false","0","false","0","false","8106.62",,"8106.62","0","false","true",
"C","A","20210101","2021","52","2021","120","CMR","Cameroon","M","Import","188","CRI","Costa Rica","0","W00","World","H5","HS","true","TOTAL","All Commodities","0","false","C00","TOTAL CPC","0","0","TOTAL MOT","-1","N/A","0","false","-1","N/A","0","false","0","false","0","false","374136.09",,"374136.09","0","false","true",
"C","A","20210101","2021","52","2021","120","CMR","Cameroon","M","Import","191","HRV","Croatia","0","W00","World","H5","HS","true","TOTAL","All Commodities","0","false","C00","TOTAL CPC","0","0","TOTAL MOT","-1","N/A","0","false","-1","N/A","0","false","0","false","0","false","428575.91",,"428575.91","0","false","true",
"C","A","20210101","2021","52","2021","120","CMR","Cameroon","M","Import","192","CUB","Cuba","0","W00","World","H5","HS","true","TOTAL","All Commodities","0","false","C00","TOTAL CPC","0","0","TOTAL MOT","-1","N/A","0","false","-1","N/A","0","false","0","false","0","false","677.6",,"677.6","0","false","true",
"C","A","20210101","2021","52","2021","120","CMR","Cameroon","M","Import","196","CYP","Cyprus","0","W00","World","H5","HS","true","TOTAL","All Commodities","0","false","C00","TOTAL CPC","0","0","TOTAL MOT","-1","N/A","0","false","-1","N/A","0","false","0","true","0","false","2971933.06",,"2971933.06","4","false","true",
"C","A","20210101","2021","52","2021","120","CMR","Cameroon","M","Import","203","CZE","Czechia","0","W00","World","H5","HS","true","TOTAL","All Commodities","0","false","C00","TOTAL CPC","0","0","TOTAL MOT","-1","N/A","0","false","-1","N/A","0","false","0","false","0","false","9245580.3",,"9245580.3","0","false","true",
"C","A","20210101","2021","52","2021","120","CMR","Cameroon","M","Import","204","BEN","Benin","0","W00","World","H5","HS","true","TOTAL","All Commodities","0","false","C00","TOTAL CPC","0","0","TOTAL MOT","-1","N/A","0","false","-1","N/A","0","false","0","false","0","false","1119923.89",,"1119923.89","0","false","true",
"C","A","20210101","2021","52","2021","120","CMR","Cameroon","M","Import","208","DNK","Denmark","0","W00","World","H5","HS","true","TOTAL","All Commodities","0","false","C00","TOTAL CPC","0","0","TOTAL MOT","-1","N/A","0","false","-1","N/A","0","false","0","true","0","false","10025849.8",,"10025849.8","4","false","true",
"C","A","20210101","2021","52","2021","120","CMR","Cameroon","M","Import","212","DMA","Dominica","0","W00","World","H5","HS","true","TOTAL","All Commodities","0","false","C00","TOTAL CPC","0","0","TOTAL MOT","-1","N/A","0","false","-1","N/A","0","false","0","false","0","false","6118.33",,"6118.33","0","false","true",
"C","A","20210101","2021","52","2021","120","CMR","Cameroon","M","Import","214","DOM","Dominican Rep.","0","W00","World","H5","HS","true","TOTAL","All Commodities","0","false","C00","TOTAL CPC","0","0","TOTAL MOT","-1","N/A","0","false","-1","N/A","0","false","0","false","0","false","209714.28",,"209714.28","0","false","true",
"C","A","20210101","2021","52","2021","120","CMR","Cameroon","M","Import","218","ECU","Ecuador","0","W00","World","H5","HS","true","TOTAL","All Commodities","0","false","C00","TOTAL CPC","0","0","TOTAL MOT","-1","N/A","0","false","-1","N/A","0","false","0","false","0","false","1978879.49",,"1978879.49","0","false","true",
"C","A","20210101","2021","52","2021","120","CMR","Cameroon","M","Import","222","SLV","El Salvador","0","W00","World","H5","HS","true","TOTAL","All Commodities","0","false","C00","TOTAL CPC","0","0","TOTAL MOT","-1","N/A","0","false","-1","N/A","0","false","0","false","0","false","16035.97",,"16035.97","0","false","true",
"C","A","20210101","2021","52","2021","120","CMR","Cameroon","M","Import","226","GNQ","Equatorial Guinea","0","W00","World","H5","HS","true","TOTAL","All Commodities","0","false","C00","TOTAL CPC","0","0","TOTAL MOT","-1","N/A","0","false","-1","N/A","0","false","0","true","0","false","92972623.35",,"92972623.35","4","false","true",
"C","A","20210101","2021","52","2021","120","CMR","Cameroon","M","Import","231","ETH","Ethiopia","0","W00","World","H5","HS","true","TOTAL","All Commodities","0","false","C00","TOTAL CPC","0","0","TOTAL MOT","-1","N/A","0","false","-1","N/A","0","false","0","false","0","false","184856.11",,"184856.11","0","false","true",
"C","A","20210101","2021","52","2021","120","CMR","Cameroon","M","Import","233","EST","Estonia","0","W00","World","H5","HS","true","TOTAL","All Commodities","0","false","C00","TOTAL CPC","0","0","TOTAL MOT","-1","N/A","0","false","-1","N/A","0","false","0","false","0","false","2046219.81",,"2046219.81","0","false","true",
"C","A","20210101","2021","52","2021","120","CMR","Cameroon","M","Import","234","FRO","Faroe Isds","0","W00","World","H5","HS","true","TOTAL","All Commodities","0","false","C00","TOTAL CPC","0","0","TOTAL MOT","-1","N/A","0","false","-1","N/A","0","false","0","false","0","false","233526.63",,"233526.63","0","false","true",
"C","A","20210101","2021","52","2021","120","CMR","Cameroon","M","Import","246","FIN","Finland","0","W00","World","H5","HS","true","TOTAL","All Commodities","0","false","C00","TOTAL CPC","0","0","TOTAL MOT","-1","N/A","0","false","-1","N/A","0","false","0","true","0","false","18677968.59",,"18677968.59","4","false","true",
"C","A","20210101","2021","52","2021","120","CMR","Cameroon","M","Import","251","FRA","France","0","W00","World","H5","HS","true","TOTAL","All Commodities","0","false","C00","TOTAL CPC","0","0","TOTAL MOT","-1","N/A","0","false","-1","N/A","0","false","0","true","0","false","623866143.63",,"623866143.63","4","false","true",
"C","A","20210101","2021","52","2021","120","CMR","Cameroon","M","Import","260","ATF","Fr. South Antarctic Terr.","0","W00","World","H5","HS","true","TOTAL","All Commodities","0","false","C00","TOTAL CPC","0","0","TOTAL MOT","-1","N/A","0","false","-1","N/A","0","false","0","false","0","false","176863.95",,"176863.95","0","false","true",
"C","A","20210101","2021","52","2021","120","CMR","Cameroon","M","Import","262","DJI","Djibouti","0","W00","World","H5","HS","true","TOTAL","All Commodities","0","false","C00","TOTAL CPC","0","0","TOTAL MOT","-1","N/A","0","false","-1","N/A","0","false","0","false","0","false","7065.72",,"7065.72","0","false","true",
"C","A","20210101","2021","52","2021","120","CMR","Cameroon","M","Import","266","GAB","Gabon","0","W00","World","H5","HS","true","TOTAL","All Commodities","0","false","C00","TOTAL CPC","0","0","TOTAL MOT","-1","N/A","0","false","-1","N/A","0","false","0","false","0","false","41339205.76",,"41339205.76","0","false","true",
"C","A","20210101","2021","52","2021","120","CMR","Cameroon","M","Import","268","GEO","Georgia","0","W00","World","H5","HS","true","TOTAL","All Commodities","0","false","C00","TOTAL CPC","0","0","TOTAL MOT","-1","N/A","0","false","-1","N/A","0","false","0","false","0","false","372879.78",,"372879.78","0","false","true",
"C","A","20210101","2021","52","2021","120","CMR","Cameroon","M","Import","270","GMB","Gambia","0","W00","World","H5","HS","true","TOTAL","All Commodities","0","false","C00","TOTAL CPC","0","0","TOTAL MOT","-1","N/A","0","false","-1","N/A","0","false","0","false","0","false","883152.77",,"883152.77","0","false","true",
"C","A","20210101","2021","52","2021","120","CMR","Cameroon","M","Import","276","DEU","Germany","0","W00","World","H5","HS","true","TOTAL","All Commodities","0","false","C00","TOTAL CPC","0","0","TOTAL MOT","-1","N/A","0","false","-1","N/A","0","false","0","true","0","false","216992851.03",,"216992851.03","4","false","true",
"C","A","20210101","2021","52","2021","120","CMR","Cameroon","M","Import","288","GHA","Ghana","0","W00","World","H5","HS","true","TOTAL","All Commodities","0","false","C00","TOTAL CPC","0","0","TOTAL MOT","-1","N/A","0","false","-1","N/A","0","false","0","true","0","false","3995004.89",,"3995004.89","4","false","true",
"C","A","20210101","2021","52","2021","120","CMR","Cameroon","M","Import","292","GIB","Gibraltar","0","W00","World","H5","HS","true","TOTAL","All Commodities","0","false","C00","TOTAL CPC","0","0","TOTAL MOT","-1","N/A","0","false","-1","N/A","0","false","0","false","0","false","1393.49",,"1393.49","0","false","true",
"C","A","20210101","2021","52","2021","120","CMR","Cameroon","M","Import","300","GRC","Greece","0","W00","World","H5","HS","true","TOTAL","All Commodities","0","false","C00","TOTAL CPC","0","0","TOTAL MOT","-1","N/A","0","false","-1","N/A","0","false","0","true","0","false","22924477.17",,"22924477.17","4","false","true",
"C","A","20210101","2021","52","2021","120","CMR","Cameroon","M","Import","320","GTM","Guatemala","0","W00","World","H5","HS","true","TOTAL","All Commodities","0","false","C00","TOTAL CPC","0","0","TOTAL MOT","-1","N/A","0","false","-1","N/A","0","false","0","false","0","false","817769.96",,"817769.96","0","false","true",
"C","A","20210101","2021","52","2021","120","CMR","Cameroon","M","Import","324","GIN","Guinea","0","W00","World","H5","HS","true","TOTAL","All Commodities","0","false","C00","TOTAL CPC","0","0","TOTAL MOT","-1","N/A","0","false","-1","N/A","0","false","0","false","0","false","46010424.66",,"46010424.66","0","false","true",
"C","A","20210101","2021","52","2021","120","CMR","Cameroon","M","Import","328","GUY","Guyana","0","W00","World","H5","HS","true","TOTAL","All Commodities","0","false","C00","TOTAL CPC","0","0","TOTAL MOT","-1","N/A","0","false","-1","N/A","0","false","0","false","0","false","38.43",,"38.43","0","false","true",
"C","A","20210101","2021","52","2021","120","CMR","Cameroon","M","Import","340","HND","Honduras","0","W00","World","H5","HS","true","TOTAL","All Commodities","0","false","C00","TOTAL CPC","0","0","TOTAL MOT","-1","N/A","0","false","-1","N/A","0","false","0","false","0","false","19507.89",,"19507.89","0","false","true",
"C","A","20210101","2021","52","2021","120","CMR","Cameroon","M","Import","344","HKG","China, Hong Kong SAR","0","W00","World","H5","HS","true","TOTAL","All Commodities","0","false","C00","TOTAL CPC","0","0","TOTAL MOT","-1","N/A","0","false","-1","N/A","0","false","0","false","0","false","7860542.56",,"7860542.56","0","false","true",
"C","A","20210101","2021","52","2021","120","CMR","Cameroon","M","Import","348","HUN","Hungary","0","W00","World","H5","HS","true","TOTAL","All Commodities","0","false","C00","TOTAL CPC","0","0","TOTAL MOT","-1","N/A","0","false","-1","N/A","0","false","0","false","0","false","12338025.68",,"12338025.68","0","false","true",
"C","A","20210101","2021","52","2021","120","CMR","Cameroon","M","Import","352","ISL","Iceland","0","W00","World","H5","HS","true","TOTAL","All Commodities","0","false","C00","TOTAL CPC","0","0","TOTAL MOT","-1","N/A","0","false","-1","N/A","0","false","0","false","0","false","310079.08",,"310079.08","0","false","true",
"C","A","20210101","2021","52","2021","120","CMR","Cameroon","M","Import","360","IDN","Indonesia","0","W00","World","H5","HS","true","TOTAL","All Commodities","0","false","C00","TOTAL CPC","0","0","TOTAL MOT","-1","N/A","0","false","-1","N/A","0","false","0","true","0","false","19359521.64",,"19359521.64","4","false","true",
"C","A","20210101","2021","52","2021","120","CMR","Cameroon","M","Import","364","IRN","Iran","0","W00","World","H5","HS","true","TOTAL","All Commodities","0","false","C00","TOTAL CPC","0","0","TOTAL MOT","-1","N/A","0","false","-1","N/A","0","false","0","false","0","false","431160.63",,"431160.63","0","false","true",
"C","A","20210101","2021","52","2021","120","CMR","Cameroon","M","Import","368","IRQ","Iraq","0","W00","World","H5","HS","true","TOTAL","All Commodities","0","false","C00","TOTAL CPC","0","0","TOTAL MOT","-1","N/A","0","false","-1","N/A","0","false","0","false","0","false","208450.03",,"208450.03","0","false","true",
"C","A","20210101","2021","52","2021","120","CMR","Cameroon","M","Import","372","IRL","Ireland","0","W00","World","H5","HS","true","TOTAL","All Commodities","0","false","C00","TOTAL CPC","0","0","TOTAL MOT","-1","N/A","0","false","-1","N/A","0","false","0","true","0","false","37334706.36",,"37334706.36","4","false","true",
"C","A","20210101","2021","52","2021","120","CMR","Cameroon","M","Import","376","ISR","Israel","0","W00","World","H5","HS","true","TOTAL","All Commodities","0","false","C00","TOTAL CPC","0","0","TOTAL MOT","-1","N/A","0","false","-1","N/A","0","false","0","false","0","false","9843247.97",,"9843247.97","0","false","true",
"C","A","20210101","2021","52","2021","120","CMR","Cameroon","M","Import","380","ITA","Italy","0","W00","World","H5","HS","true","TOTAL","All Commodities","0","false","C00","TOTAL CPC","0","0","TOTAL MOT","-1","N/A","0","false","-1","N/A","0","false","0","true","0","false","174749647.09",,"174749647.09","4","false","true",
"C","A","20210101","2021","52","2021","120","CMR","Cameroon","M","Import","384","CIV","Côte d'Ivoire","0","W00","World","H5","HS","true","TOTAL","All Commodities","0","false","C00","TOTAL CPC","0","0","TOTAL MOT","-1","N/A","0","false","-1","N/A","0","false","0","false","0","false","42978988.15",,"42978988.15","0","false","true",
"C","A","20210101","2021","52","2021","120","CMR","Cameroon","M","Import","388","JAM","Jamaica","0","W00","World","H5","HS","true","TOTAL","All Commodities","0","false","C00","TOTAL CPC","0","0","TOTAL MOT","-1","N/A","0","false","-1","N/A","0","false","0","false","0","false","4006315.29",,"4006315.29","0","false","true",
"C","A","20210101","2021","52","2021","120","CMR","Cameroon","M","Import","392","JPN","Japan","0","W00","World","H5","HS","true","TOTAL","All Commodities","0","false","C00","TOTAL CPC","0","0","TOTAL MOT","-1","N/A","0","false","-1","N/A","0","false","0","true","0","false","169726005.52",,"169726005.52","4","false","true",
"C","A","20210101","2021","52","2021","120","CMR","Cameroon","M","Import","400","JOR","Jordan","0","W00","World","H5","HS","true","TOTAL","All Commodities","0","false","C00","TOTAL CPC","0","0","TOTAL MOT","-1","N/A","0","false","-1","N/A","0","false","0","false","0","false","3578331.27",,"3578331.27","0","false","true",
"C","A","20210101","2021","52","2021","120","CMR","Cameroon","M","Import","404","KEN","Kenya","0","W00","World","H5","HS","true","TOTAL","All Commodities","0","false","C00","TOTAL CPC","0","0","TOTAL MOT","-1","N/A","0","false","-1","N/A","0","false","0","true","0","false","586797.69",,"586797.69","4","false","true",
"C","A","20210101","2021","52","2021","120","CMR","Cameroon","M","Import","408","PRK","Dem. People's Rep. of Korea","0","W00","World","H5","HS","true","TOTAL","All Commodities","0","false","C00","TOTAL CPC","0","0","TOTAL MOT","-1","N/A","0","false","-1","N/A","0","false","0","false","0","false","701421.81",,"701421.81","0","false","true",
"C","A","20210101","2021","52","2021","120","CMR","Cameroon","M","Import","410","KOR","Rep. of Korea","0","W00","World","H5","HS","true","TOTAL","All Commodities","0","false","C00","TOTAL CPC","0","0","TOTAL MOT","-1","N/A","0","false","-1","N/A","0","false","0","true","0","false","146757463.9",,"146757463.9","4","false","true",
"C","A","20210101","2021","52","2021","120","CMR","Cameroon","M","Import","414","KWT","Kuwait","0","W00","World","H5","HS","true","TOTAL","All Commodities","0","false","C00","TOTAL CPC","0","0","TOTAL MOT","-1","N/A","0","false","-1","N/A","0","false","0","false","0","false","2205318.84",,"2205318.84","0","false","true",
"C","A","20210101","2021","52","2021","120","CMR","Cameroon","M","Import","418","LAO","Lao People's Dem. Rep.","0","W00","World","H5","HS","true","TOTAL","All Commodities","0","false","C00","TOTAL CPC","0","0","TOTAL MOT","-1","N/A","0","false","-1","N/A","0","false","0","false","0","false","686.17",,"686.17","0","false","true",
"C","A","20210101","2021","52","2021","120","CMR","Cameroon","M","Import","422","LBN","Lebanon","0","W00","World","H5","HS","true","TOTAL","All Commodities","0","false","C00","TOTAL CPC","0","0","TOTAL MOT","-1","N/A","0","false","-1","N/A","0","false","0","false","0","false","6761592.92",,"6761592.92","0","false","true",
"C","A","20210101","2021","52","2021","120","CMR","Cameroon","M","Import","428","LVA","Latvia","0","W00","World","H5","HS","true","TOTAL","All Commodities","0","false","C00","TOTAL CPC","0","0","TOTAL MOT","-1","N/A","0","false","-1","N/A","0","false","0","false","0","false","106496.03",,"106496.03","0","false","true",
"C","A","20210101","2021","52","2021","120","CMR","Cameroon","M","Import","430","LBR","Liberia","0","W00","World","H5","HS","true","TOTAL","All Commodities","0","false","C00","TOTAL CPC","0","0","TOTAL MOT","-1","N/A","0","false","-1","N/A","0","false","0","false","0","false","29812059.69",,"29812059.69","0","false","true",
"C","A","20210101","2021","52","2021","120","CMR","Cameroon","M","Import","434","LBY","Libya","0","W00","World","H5","HS","true","TOTAL","All Commodities","0","false","C00","TOTAL CPC","0","0","TOTAL MOT","-1","N/A","0","false","-1","N/A","0","false","0","false","0","false","9939.52",,"9939.52","0","false","true",
"C","A","20210101","2021","52","2021","120","CMR","Cameroon","M","Import","440","LTU","Lithuania","0","W00","World","H5","HS","true","TOTAL","All Commodities","0","false","C00","TOTAL CPC","0","0","TOTAL MOT","-1","N/A","0","false","-1","N/A","0","false","0","false","0","false","12446872.83",,"12446872.83","0","false","true",
"C","A","20210101","2021","52","2021","120","CMR","Cameroon","M","Import","442","LUX","Luxembourg","0","W00","World","H5","HS","true","TOTAL","All Commodities","0","false","C00","TOTAL CPC","0","0","TOTAL MOT","-1","N/A","0","false","-1","N/A","0","false","0","true","0","false","2631022.41",,"2631022.41","4","false","true",
"C","A","20210101","2021","52","2021","120","CMR","Cameroon","M","Import","446","MAC","China, Macao SAR","0","W00","World","H5","HS","true","TOTAL","All Commodities","0","false","C00","TOTAL CPC","0","0","TOTAL MOT","-1","N/A","0","false","-1","N/A","0","false","0","false","0","false","4568.53",,"4568.53","0","false","true",
"C","A","20210101","2021","52","2021","120","CMR","Cameroon","M","Import","450","MDG","Madagascar","0","W00","World","H5","HS","true","TOTAL","All Commodities","0","false","C00","TOTAL CPC","0","0","TOTAL MOT","-1","N/A","0","false","-1","N/A","0","false","0","false","0","false","167828.62",,"167828.62","0","false","true",
"C","A","20210101","2021","52","2021","120","CMR","Cameroon","M","Import","458","MYS","Malaysia","0","W00","World","H5","HS","true","TOTAL","All Commodities","0","false","C00","TOTAL CPC","0","0","TOTAL MOT","-1","N/A","0","false","-1","N/A","0","false","0","false","0","false","41798008.81",,"41798008.81","0","false","true",
"C","A","20210101","2021","52","2021","120","CMR","Cameroon","M","Import","462","MDV","Maldives","0","W00","World","H5","HS","true","TOTAL","All Commodities","0","false","C00","TOTAL CPC","0","0","TOTAL MOT","-1","N/A","0","false","-1","N/A","0","false","0","false","0","false","19.4",,"19.4","0","false","true",
"C","A","20210101","2021","52","2021","120","CMR","Cameroon","M","Import","466","MLI","Mali","0","W00","World","H5","HS","true","TOTAL","All Commodities","0","false","C00","TOTAL CPC","0","0","TOTAL MOT","-1","N/A","0","false","-1","N/A","0","false","0","false","0","false","96318.93",,"96318.93","0","false","true",
"C","A","20210101","2021","52","2021","120","CMR","Cameroon","M","Import","470","MLT","Malta","0","W00","World","H5","HS","true","TOTAL","All Commodities","0","false","C00","TOTAL CPC","0","0","TOTAL MOT","-1","N/A","0","false","-1","N/A","0","false","0","false","0","false","1747108.89",,"1747108.89","0","false","true",
"C","A","20210101","2021","52","2021","120","CMR","Cameroon","M","Import","478","MRT","Mauritania","0","W00","World","H5","HS","true","TOTAL","All Commodities","0","false","C00","TOTAL CPC","0","0","TOTAL MOT","-1","N/A","0","false","-1","N/A","0","false","0","false","0","false","50041339.79",,"50041339.79","0","false","true",
"C","A","20210101","2021","52","2021","120","CMR","Cameroon","M","Import","480","MUS","Mauritius","0","W00","World","H5","HS","true","TOTAL","All Commodities","0","false","C00","TOTAL CPC","0","0","TOTAL MOT","-1","N/A","0","false","-1","N/A","0","false","0","false","0","false","1432356.96",,"1432356.96","0","false","true",
"C","A","20210101","2021","52","2021","120","CMR","Cameroon","M","Import","484","MEX","Mexico","0","W00","World","H5","HS","true","TOTAL","All Commodities","0","false","C00","TOTAL CPC","0","0","TOTAL MOT","-1","N/A","0","false","-1","N/A","0","false","0","true","0","false","14980312.81",,"14980312.81","4","false","true",
"C","A","20210101","2021","52","2021","120","CMR","Cameroon","M","Import","490","S19","Other Asia, nes","0","W00","World","H5","HS","true","TOTAL","All Commodities","0","false","C00","TOTAL CPC","0","0","TOTAL MOT","-1","N/A","0","false","-1","N/A","0","false","0","true","0","false","19307953.12",,"19307953.12","4","false","true",
"C","A","20210101","2021","52","2021","120","CMR","Cameroon","M","Import","498","MDA","Rep. of Moldova","0","W00","World","H5","HS","true","TOTAL","All Commodities","0","false","C00","TOTAL CPC","0","0","TOTAL MOT","-1","N/A","0","false","-1","N/A","0","false","0","false","0","false","48635.31",,"48635.31","0","false","true",
"C","A","20210101","2021","52","2021","120","CMR","Cameroon","M","Import","504","MAR","Morocco","0","W00","World","H5","HS","true","TOTAL","All Commodities","0","false","C00","TOTAL CPC","0","0","TOTAL MOT","-1","N/A","0","false","-1","N/A","0","false","0","true","0","false","79464959.43",,"79464959.43","4","false","true",
"C","A","20210101","2021","52","2021","120","CMR","Cameroon","M","Import","508","MOZ","Mozambique","0","W00","World","H5","HS","true","TOTAL","All Commodities","0","false","C00","TOTAL CPC","0","0","TOTAL MOT","-1","N/A","0","false","-1","N/A","0","false","0","false","0","false","270618.7",,"270618.7","0","false","true",
"C","A","20210101","2021","52","2021","120","CMR","Cameroon","M","Import","512","OMN","Oman","0","W00","World","H5","HS","true","TOTAL","All Commodities","0","false","C00","TOTAL CPC","0","0","TOTAL MOT","-1","N/A","0","false","-1","N/A","0","false","0","false","0","false","57151739.81",,"57151739.81","0","false","true",
"C","A","20210101","2021","52","2021","120","CMR","Cameroon","M","Import","516","NAM","Namibia","0","W00","World","H5","HS","true","TOTAL","All Commodities","0","false","C00","TOTAL CPC","0","0","TOTAL MOT","-1","N/A","0","false","-1","N/A","0","false","0","false","0","false","7502197.95",,"7502197.95","0","false","true",
"C","A","20210101","2021","52","2021","120","CMR","Cameroon","M","Import","520","NRU","Naoero","0","W00","World","H5","HS","true","TOTAL","All Commodities","0","false","C00","TOTAL CPC","0","0","TOTAL MOT","-1","N/A","0","false","-1","N/A","0","false","0","false","0","false","11164.05",,"11164.05","0","false","true",
"C","A","20210101","2021","52","2021","120","CMR","Cameroon","M","Import","524","NPL","Nepal","0","W00","World","H5","HS","true","TOTAL","All Commodities","0","false","C00","TOTAL CPC","0","0","TOTAL MOT","-1","N/A","0","false","-1","N/A","0","false","0","false","0","false","1076.23",,"1076.23","0","false","true",
"C","A","20210101","2021","52","2021","120","CMR","Cameroon","M","Import","528","NLD","Netherlands","0","W00","World","H5","HS","true","TOTAL","All Commodities","0","false","C00","TOTAL CPC","0","0","TOTAL MOT","-1","N/A","0","false","-1","N/A","0","false","0","true","0","false","196535609.24",,"196535609.24","4","false","true",
"C","A","20210101","2021","52","2021","120","CMR","Cameroon","M","Import","531","CUW","Curaçao","0","W00","World","H5","HS","true","TOTAL","All Commodities","0","false","C00","TOTAL CPC","0","0","TOTAL MOT","-1","N/A","0","false","-1","N/A","0","false","0","false","0","false","26007.21",,"26007.21","0","false","true",
"C","A","20210101","2021","52","2021","120","CMR","Cameroon","M","Import","540","NCL","New Caledonia","0","W00","World","H5","HS","true","TOTAL","All Commodities","0","false","C00","TOTAL CPC","0","0","TOTAL MOT","-1","N/A","0","false","-1","N/A","0","false","0","false","0","false","27750.45",,"27750.45","0","false","true",
"C","A","20210101","2021","52","2021","120","CMR","Cameroon","M","Import","554","NZL","New Zealand","0","W00","World","H5","HS","true","TOTAL","All Commodities","0","false","C00","TOTAL CPC","0","0","TOTAL MOT","-1","N/A","0","false","-1","N/A","0","false","0","false","0","false","20457678.33",,"20457678.33","0","false","true",
"C","A","20210101","2021","52","2021","120","CMR","Cameroon","M","Import","558","NIC","Nicaragua","0","W00","World","H5","HS","true","TOTAL","All Commodities","0","false","C00","TOTAL CPC","0","0","TOTAL MOT","-1","N/A","0","false","-1","N/A","0","false","0","false","0","false","4514.99",,"4514.99","0","false","true",
"C","A","20210101","2021","52","2021","120","CMR","Cameroon","M","Import","562","NER","Niger","0","W00","World","H5","HS","true","TOTAL","All Commodities","0","false","C00","TOTAL CPC","0","0","TOTAL MOT","-1","N/A","0","false","-1","N/A","0","false","0","false","0","false","18630.35",,"18630.35","0","false","true",
"C","A","20210101","2021","52","2021","120","CMR","Cameroon","M","Import","566","NGA","Nigeria","0","W00","World","H5","HS","true","TOTAL","All Commodities","0","false","C00","TOTAL CPC","0","0","TOTAL MOT","-1","N/A","0","false","-1","N/A","0","false","0","true","0","false","58555095.909",,"58555095.909","4","false","true",
"C","A","20210101","2021","52","2021","120","CMR","Cameroon","M","Import","568","E19","Other Europe, nes","0","W00","World","H5","HS","true","TOTAL","All Commodities","0","false","C00","TOTAL CPC","0","0","TOTAL MOT","-1","N/A","0","false","-1","N/A","0","false","0","false","0","false","660041.43",,"660041.43","0","false","true",
"C","A","20210101","2021","52","2021","120","CMR","Cameroon","M","Import","570","NIU","Niue","0","W00","World","H5","HS","true","TOTAL","All Commodities","0","false","C00","TOTAL CPC","0","0","TOTAL MOT","-1","N/A","0","false","-1","N/A","0","false","0","false","0","false","1141.91",,"1141.91","0","false","true",
"C","A","20210101","2021","52","2021","120","CMR","Cameroon","M","Import","579","NOR","Norway","0","W00","World","H5","HS","true","TOTAL","All Commodities","0","false","C00","TOTAL CPC","0","0","TOTAL MOT","-1","N/A","0","false","-1","N/A","0","false","0","true","0","false","51346249.9",,"51346249.9","4","false","true",
"C","A","20210101","2021","52","2021","120","CMR","Cameroon","M","Import","586","PAK","Pakistan","0","W00","World","H5","HS","true","TOTAL","All Commodities","0","false","C00","TOTAL CPC","0","0","TOTAL MOT","-1","N/A","0","false","-1","N/A","0","false","0","true","0","false","13039476.82",,"13039476.82","4","false","true",
"C","A","20210101","2021","52","2021","120","CMR","Cameroon","M","Import","591","PAN","Panama","0","W00","World","H5","HS","true","TOTAL","All Commodities","0","false","C00","TOTAL CPC","0","0","TOTAL MOT","-1","N/A","0","false","-1","N/A","0","false","0","false","0","false","5715.01",,"5715.01","0","false","true",
"C","A","20210101","2021","52","2021","120","CMR","Cameroon","M","Import","604","PER","Peru","0","W00","World","H5","HS","true","TOTAL","All Commodities","0","false","C00","TOTAL CPC","0","0","TOTAL MOT","-1","N/A","0","false","-1","N/A","0","false","0","false","0","false","7441096.04",,"7441096.04","0","false","true",
"C","A","20210101","2021","52","2021","120","CMR","Cameroon","M","Import","608","PHL","Philippines","0","W00","World","H5","HS","true","TOTAL","All Commodities","0","false","C00","TOTAL CPC","0","0","TOTAL MOT","-1","N/A","0","false","-1","N/A","0","false","0","false","0","false","2382686.91",,"2382686.91","0","false","true",
"C","A","20210101","2021","52","2021","120","CMR","Cameroon","M","Import","616","POL","Poland","0","W00","World","H5","HS","true","TOTAL","All Commodities","0","false","C00","TOTAL CPC","0","0","TOTAL MOT","-1","N/A","0","false","-1","N/A","0","false","0","false","0","false","37313998.38",,"37313998.38","0","false","true",
"C","A","20210101","2021","52","2021","120","CMR","Cameroon","M","Import","620","PRT","Portugal","0","W00","World","H5","HS","true","TOTAL","All Commodities","0","false","C00","TOTAL CPC","0","0","TOTAL MOT","-1","N/A","0","false","-1","N/A","0","false","0","true","0","false","29918564.41",,"29918564.41","4","false","true",
"C","A","20210101","2021","52","2021","120","CMR","Cameroon","M","Import","624","GNB","Guinea-Bissau","0","W00","World","H5","HS","true","TOTAL","All Commodities","0","false","C00","TOTAL CPC","0","0","TOTAL MOT","-1","N/A","0","false","-1","N/A","0","false","0","false","0","false","43059.1",,"43059.1","0","false","true",
"C","A","20210101","2021","52","2021","120","CMR","Cameroon","M","Import","634","QAT","Qatar","0","W00","World","H5","HS","true","TOTAL","All Commodities","0","false","C00","TOTAL CPC","0","0","TOTAL MOT","-1","N/A","0","false","-1","N/A","0","false","0","false","0","false","6447466.66",,"6447466.66","0","false","true",
"C","A","20210101","2021","52","2021","120","CMR","Cameroon","M","Import","642","ROU","Romania","0","W00","World","H5","HS","true","TOTAL","All Commodities","0","false","C00","TOTAL CPC","0","0","TOTAL MOT","-1","N/A","0","false","-1","N/A","0","false","0","false","0","false","6508539.31",,"6508539.31","0","false","true",
"C","A","20210101","2021","52","2021","120","CMR","Cameroon","M","Import","643","RUS","Russian Federation","0","W00","World","H5","HS","true","TOTAL","All Commodities","0","false","C00","TOTAL CPC","0","0","TOTAL MOT","-1","N/A","0","false","-1","N/A","0","false","0","true","0","false","475209387.7",,"475209387.7","4","false","true",
"C","A","20210101","2021","52","2021","120","CMR","Cameroon","M","Import","646","RWA","Rwanda","0","W00","World","H5","HS","true","TOTAL","All Commodities","0","false","C00","TOTAL CPC","0","0","TOTAL MOT","-1","N/A","0","false","-1","N/A","0","false","0","false","0","false","8678.64",,"8678.64","0","false","true",
"C","A","20210101","2021","52","2021","120","CMR","Cameroon","M","Import","652","BLM","Saint Barthélemy","0","W00","World","H5","HS","true","TOTAL","All Commodities","0","false","C00","TOTAL CPC","0","0","TOTAL MOT","-1","N/A","0","false","-1","N/A","0","false","0","false","0","false","22550186.49",,"22550186.49","0","false","true",
"C","A","20210101","2021","52","2021","120","CMR","Cameroon","M","Import","654","SHN","Saint Helena","0","W00","World","H5","HS","true","TOTAL","All Commodities","0","false","C00","TOTAL CPC","0","0","TOTAL MOT","-1","N/A","0","false","-1","N/A","0","false","0","false","0","false","105996.8",,"105996.8","0","false","true",
"C","A","20210101","2021","52","2021","120","CMR","Cameroon","M","Import","659","KNA","Saint Kitts and Nevis","0","W00","World","H5","HS","true","TOTAL","All Commodities","0","false","C00","TOTAL CPC","0","0","TOTAL MOT","-1","N/A","0","false","-1","N/A","0","false","0","false","0","false","50.34",,"50.34","0","false","true",
"C","A","20210101","2021","52","2021","120","CMR","Cameroon","M","Import","670","VCT","Saint Vincent and the Grenadines","0","W00","World","H5","HS","true","TOTAL","All Commodities","0","false","C00","TOTAL CPC","0","0","TOTAL MOT","-1","N/A","0","false","-1","N/A","0","false","0","false","0","false","2063.32",,"2063.32","0","false","true",
"C","A","20210101","2021","52","2021","120","CMR","Cameroon","M","Import","674","SMR","San Marino","0","W00","World","H5","HS","true","TOTAL","All Commodities","0","false","C00","TOTAL CPC","0","0","TOTAL MOT","-1","N/A","0","false","-1","N/A","0","false","0","false","0","false","38990.88",,"38990.88","0","false","true",
"C","A","20210101","2021","52","2021","120","CMR","Cameroon","M","Import","678","STP","Sao Tome and Principe","0","W00","World","H5","HS","true","TOTAL","All Commodities","0","false","C00","TOTAL CPC","0","0","TOTAL MOT","-1","N/A","0","false","-1","N/A","0","false","0","false","0","false","313471.78",,"313471.78","0","false","true",
"C","A","20210101","2021","52","2021","120","CMR","Cameroon","M","Import","682","SAU","Saudi Arabia","0","W00","World","H5","HS","true","TOTAL","All Commodities","0","false","C00","TOTAL CPC","0","0","TOTAL MOT","-1","N/A","0","false","-1","N/A","0","false","0","false","0","false","55474735.29",,"55474735.29","0","false","true",
"C","A","20210101","2021","52","2021","120","CMR","Cameroon","M","Import","686","SEN","Senegal","0","W00","World","H5","HS","true","TOTAL","All Commodities","0","false","C00","TOTAL CPC","0","0","TOTAL MOT","-1","N/A","0","false","-1","N/A","0","false","0","true","0","false","23152302.53",,"23152302.53","4","false","true",
"C","A","20210101","2021","52","2021","120","CMR","Cameroon","M","Import","688","SRB","Serbia","0","W00","World","H5","HS","true","TOTAL","All Commodities","0","false","C00","TOTAL CPC","0","0","TOTAL MOT","-1","N/A","0","false","-1","N/A","0","false","0","false","0","false","2807351.07",,"2807351.07","0","false","true",
"C","A","20210101","2021","52","2021","120","CMR","Cameroon","M","Import","690","SYC","Seychelles","0","W00","World","H5","HS","true","TOTAL","All Commodities","0","false","C00","TOTAL CPC","0","0","TOTAL MOT","-1","N/A","0","false","-1","N/A","0","false","0","false","0","false","113088.43",,"113088.43","0","false","true",
"C","A","20210101","2021","52","2021","120","CMR","Cameroon","M","Import","694","SLE","Sierra Leone","0","W00","World","H5","HS","true","TOTAL","All Commodities","0","false","C00","TOTAL CPC","0","0","TOTAL MOT","-1","N/A","0","false","-1","N/A","0","false","0","false","0","false","949356.2",,"949356.2","0","false","true",
"C","A","20210101","2021","52","2021","120","CMR","Cameroon","M","Import","699","IND","India","0","W00","World","H5","HS","true","TOTAL","All Commodities","0","false","C00","TOTAL CPC","0","0","TOTAL MOT","-1","N/A","0","false","-1","N/A","0","false","0","true","0","false","504607492.02",,"504607492.02","4","false","true",
"C","A","20210101","2021","52","2021","120","CMR","Cameroon","M","Import","702","SGP","Singapore","0","W00","World","H5","HS","true","TOTAL","All Commodities","0","false","C00","TOTAL CPC","0","0","TOTAL MOT","-1","N/A","0","false","-1","N/A","0","false","0","false","0","false","139934309.39",,"139934309.39","0","false","true",
"C","A","20210101","2021","52","2021","120","CMR","Cameroon","M","Import","703","SVK","Slovakia","0","W00","World","H5","HS","true","TOTAL","All Commodities","0","false","C00","TOTAL CPC","0","0","TOTAL MOT","-1","N/A","0","false","-1","N/A","0","false","0","false","0","false","1484555.26",,"1484555.26","0","false","true",
"C","A","20210101","2021","52","2021","120","CMR","Cameroon","M","Import","704","VNM","Viet Nam","0","W00","World","H5","HS","true","TOTAL","All Commodities","0","false","C00","TOTAL CPC","0","0","TOTAL MOT","-1","N/A","0","false","-1","N/A","0","false","0","true","0","false","14592552.24",,"14592552.24","4","false","true",
"C","A","20210101","2021","52","2021","120","CMR","Cameroon","M","Import","705","SVN","Slovenia","0","W00","World","H5","HS","true","TOTAL","All Commodities","0","false","C00","TOTAL CPC","0","0","TOTAL MOT","-1","N/A","0","false","-1","N/A","0","false","0","false","0","false","7287784.22",,"7287784.22","0","false","true",
"C","A","20210101","2021","52","2021","120","CMR","Cameroon","M","Import","706","SOM","Somalia","0","W00","World","H5","HS","true","TOTAL","All Commodities","0","false","C00","TOTAL CPC","0","0","TOTAL MOT","-1","N/A","0","false","-1","N/A","0","false","0","false","0","false","5817.44",,"5817.44","0","false","true",
"C","A","20210101","2021","52","2021","120","CMR","Cameroon","M","Import","710","ZAF","South Africa","0","W00","World","H5","HS","true","TOTAL","All Commodities","0","false","C00","TOTAL CPC","0","0","TOTAL MOT","-1","N/A","0","false","-1","N/A","0","false","0","true","0","false","70501651.794",,"70501651.794","4","false","true",
"C","A","20210101","2021","52","2021","120","CMR","Cameroon","M","Import","716","ZWE","Zimbabwe","0","W00","World","H5","HS","true","TOTAL","All Commodities","0","false","C00","TOTAL CPC","0","0","TOTAL MOT","-1","N/A","0","false","-1","N/A","0","false","0","false","0","false","2176.75",,"2176.75","0","false","true",
"C","A","20210101","2021","52","2021","120","CMR","Cameroon","M","Import","724","ESP","Spain","0","W00","World","H5","HS","true","TOTAL","All Commodities","0","false","C00","TOTAL CPC","0","0","TOTAL MOT","-1","N/A","0","false","-1","N/A","0","false","0","true","0","false","184978700.32",,"184978700.32","4","false","true",
"C","A","20210101","2021","52","2021","120","CMR","Cameroon","M","Import","729","SDN","Sudan","0","W00","World","H5","HS","true","TOTAL","All Commodities","0","false","C00","TOTAL CPC","0","0","TOTAL MOT","-1","N/A","0","false","-1","N/A","0","false","0","false","0","false","50.34",,"50.34","0","false","true",
"C","A","20210101","2021","52","2021","120","CMR","Cameroon","M","Import","740","SUR","Suriname","0","W00","World","H5","HS","true","TOTAL","All Commodities","0","false","C00","TOTAL CPC","0","0","TOTAL MOT","-1","N/A","0","false","-1","N/A","0","false","0","false","0","false","766.37",,"766.37","0","false","true",
"C","A","20210101","2021","52","2021","120","CMR","Cameroon","M","Import","748","SWZ","Eswatini","0","W00","World","H5","HS","true","TOTAL","All Commodities","0","false","C00","TOTAL CPC","0","0","TOTAL MOT","-1","N/A","0","false","-1","N/A","0","false","0","false","0","false","65342.52",,"65342.52","0","false","true",
"C","A","20210101","2021","52","2021","120","CMR","Cameroon","M","Import","752","SWE","Sweden","0","W00","World","H5","HS","true","TOTAL","All Commodities","0","false","C00","TOTAL CPC","0","0","TOTAL MOT","-1","N/A","0","false","-1","N/A","0","false","0","true","0","false","15697022.67",,"15697022.67","4","false","true",
"C","A","20210101","2021","52","2021","120","CMR","Cameroon","M","Import","757","CHE","Switzerland","0","W00","World","H5","HS","true","TOTAL","All Commodities","0","false","C00","TOTAL CPC","0","0","TOTAL MOT","-1","N/A","0","false","-1","N/A","0","false","0","true","0","false","29042370.15",,"29042370.15","4","false","true",
"C","A","20210101","2021","52","2021","120","CMR","Cameroon","M","Import","760","SYR","Syria","0","W00","World","H5","HS","true","TOTAL","All Commodities","0","false","C00","TOTAL CPC","0","0","TOTAL MOT","-1","N/A","0","false","-1","N/A","0","false","0","false","0","false","467.27",,"467.27","0","false","true",
"C","A","20210101","2021","52","2021","120","CMR","Cameroon","M","Import","762","TJK","Tajikistan","0","W00","World","H5","HS","true","TOTAL","All Commodities","0","false","C00","TOTAL CPC","0","0","TOTAL MOT","-1","N/A","0","false","-1","N/A","0","false","0","false","0","false","16.84",,"16.84","0","false","true",
"C","A","20210101","2021","52","2021","120","CMR","Cameroon","M","Import","764","THA","Thailand","0","W00","World","H5","HS","true","TOTAL","All Commodities","0","false","C00","TOTAL CPC","0","0","TOTAL MOT","-1","N/A","0","false","-1","N/A","0","false","0","true","0","false","150409097.56",,"150409097.56","4","false","true",
"C","A","20210101","2021","52","2021","120","CMR","Cameroon","M","Import","768","TGO","Togo","0","W00","World","H5","HS","true","TOTAL","All Commodities","0","false","C00","TOTAL CPC","0","0","TOTAL MOT","-1","N/A","0","false","-1","N/A","0","false","0","false","0","false","20654573.52",,"20654573.52","0","false","true",
"C","A","20210101","2021","52","2021","120","CMR","Cameroon","M","Import","772","TKL","Tokelau","0","W00","World","H5","HS","true","TOTAL","All Commodities","0","false","C00","TOTAL CPC","0","0","TOTAL MOT","-1","N/A","0","false","-1","N/A","0","false","0","false","0","false","12918.61",,"12918.61","0","false","true",
"C","A","20210101","2021","52","2021","120","CMR","Cameroon","M","Import","780","TTO","Trinidad and Tobago","0","W00","World","H5","HS","true","TOTAL","All Commodities","0","false","C00","TOTAL CPC","0","0","TOTAL MOT","-1","N/A","0","false","-1","N/A","0","false","0","false","0","false","35908.29",,"35908.29","0","false","true",
"C","A","20210101","2021","52","2021","120","CMR","Cameroon","M","Import","784","ARE","United Arab Emirates","0","W00","World","H5","HS","true","TOTAL","All Commodities","0","false","C00","TOTAL CPC","0","0","TOTAL MOT","-1","N/A","0","false","-1","N/A","0","false","0","true","0","false","137618638.672",,"137618638.672","4","false","true",
"C","A","20210101","2021","52","2021","120","CMR","Cameroon","M","Import","788","TUN","Tunisia","0","W00","World","H5","HS","true","TOTAL","All Commodities","0","false","C00","TOTAL CPC","0","0","TOTAL MOT","-1","N/A","0","false","-1","N/A","0","false","0","true","0","false","36290984.66",,"36290984.66","4","false","true",
"C","A","20210101","2021","52","2021","120","CMR","Cameroon","M","Import","792","TUR","Türkiye","0","W00","World","H5","HS","true","TOTAL","All Commodities","0","false","C00","TOTAL CPC","0","0","TOTAL MOT","-1","N/A","0","false","-1","N/A","0","false","0","true","0","false","242267273.16",,"242267273.16","4","false","true",
"C","A","20210101","2021","52","2021","120","CMR","Cameroon","M","Import","796","TCA","Turks and Caicos Isds","0","W00","World","H5","HS","true","TOTAL","All Commodities","0","false","C00","TOTAL CPC","0","0","TOTAL MOT","-1","N/A","0","false","-1","N/A","0","false","0","false","0","false","10266.78",,"10266.78","0","false","true",
"C","A","20210101","2021","52","2021","120","CMR","Cameroon","M","Import","800","UGA","Uganda","0","W00","World","H5","HS","true","TOTAL","All Commodities","0","false","C00","TOTAL CPC","0","0","TOTAL MOT","-1","N/A","0","false","-1","N/A","0","false","0","false","0","false","15449.78",,"15449.78","0","false","true",
"C","A","20210101","2021","52","2021","120","CMR","Cameroon","M","Import","804","UKR","Ukraine","0","W00","World","H5","HS","true","TOTAL","All Commodities","0","false","C00","TOTAL CPC","0","0","TOTAL MOT","-1","N/A","0","false","-1","N/A","0","false","0","false","0","false","185311580.13",,"185311580.13","0","false","true",
"C","A","20210101","2021","52","2021","120","CMR","Cameroon","M","Import","807","MKD","North Macedonia","0","W00","World","H5","HS","true","TOTAL","All Commodities","0","false","C00","TOTAL CPC","0","0","TOTAL MOT","-1","N/A","0","false","-1","N/A","0","false","0","false","0","false","59378.16",,"59378.16","0","false","true",
"C","A","20210101","2021","52","2021","120","CMR","Cameroon","M","Import","818","EGY","Egypt","0","W00","World","H5","HS","true","TOTAL","All Commodities","0","false","C00","TOTAL CPC","0","0","TOTAL MOT","-1","N/A","0","false","-1","N/A","0","false","0","true","0","false","77713447.74",,"77713447.74","4","false","true",
"C","A","20210101","2021","52","2021","120","CMR","Cameroon","M","Import","826","GBR","United Kingdom","0","W00","World","H5","HS","true","TOTAL","All Commodities","0","false","C00","TOTAL CPC","0","0","TOTAL MOT","-1","N/A","0","false","-1","N/A","0","false","0","true","0","false","64691747.28",,"64691747.28","4","false","true",
"C","A","20210101","2021","52","2021","120","CMR","Cameroon","M","Import","834","TZA","United Rep. of Tanzania","0","W00","World","H5","HS","true","TOTAL","All Commodities","0","false","C00","TOTAL CPC","0","0","TOTAL MOT","-1","N/A","0","false","-1","N/A","0","false","0","true","0","false","22423.56",,"22423.56","4","false","true",
"C","A","20210101","2021","52","2021","120","CMR","Cameroon","M","Import","842","USA","USA","0","W00","World","H5","HS","true","TOTAL","All Commodities","0","false","C00","TOTAL CPC","0","0","TOTAL MOT","-1","N/A","0","false","-1","N/A","0","false","0","true","0","false","197735680.262",,"197735680.262","4","false","true",
"C","A","20210101","2021","52","2021","120","CMR","Cameroon","M","Import","854","BFA","Burkina Faso","0","W00","World","H5","HS","true","TOTAL","All Commodities","0","false","C00","TOTAL CPC","0","0","TOTAL MOT","-1","N/A","0","false","-1","N/A","0","false","0","false","0","false","294009.57",,"294009.57","0","false","true",
"C","A","20210101","2021","52","2021","120","CMR","Cameroon","M","Import","858","URY","Uruguay","0","W00","World","H5","HS","true","TOTAL","All Commodities","0","false","C00","TOTAL CPC","0","0","TOTAL MOT","-1","N/A","0","false","-1","N/A","0","false","0","false","0","false","9383511.92",,"9383511.92","0","false","true",
"C","A","20210101","2021","52","2021","120","CMR","Cameroon","M","Import","862","VEN","Venezuela","0","W00","World","H5","HS","true","TOTAL","All Commodities","0","false","C00","TOTAL CPC","0","0","TOTAL MOT","-1","N/A","0","false","-1","N/A","0","false","0","false","0","false","1525.18",,"1525.18","0","false","true",
"C","A","20210101","2021","52","2021","120","CMR","Cameroon","M","Import","887","YEM","Yemen","0","W00","World","H5","HS","true","TOTAL","All Commodities","0","false","C00","TOTAL CPC","0","0","TOTAL MOT","-1","N/A","0","false","-1","N/A","0","false","0","false","0","false","1051709.39",,"1051709.39","0","false","true",
"C","A","20210101","2021","52","2021","120","CMR","Cameroon","M","Import","899","_X ","Areas, nes","0","W00","World","H5","HS","true","TOTAL","All Commodities","0","false","C00","TOTAL CPC","0","0","TOTAL MOT","-1","N/A","0","false","-1","N/A","0","false","0","false","0","false","4330646.6",,"4330646.6","0","false","true",
"C","A","20210101","2021","52","2021","120","CMR","Cameroon","X","Export","0","W00","World","0","W00","World","H5","HS","true","TOTAL","All Commodities","0","false","C00","TOTAL CPC","0","0","TOTAL MOT","-1","N/A","0","false","-1","N/A","0","false","0","true","0","false",,"4294055976.357","4294055976.357","4","false","true",
"C","A","20210101","2021","52","2021","120","CMR","Cameroon","X","Export","8","ALB","Albania","0","W00","World","H5","HS","true","TOTAL","All Commodities","0","false","C00","TOTAL CPC","0","0","TOTAL MOT","-1","N/A","0","false","-1","N/A","0","false","0","false","0","false",,"326520.34","326520.34","0","false","true",
"C","A","20210101","2021","52","2021","120","CMR","Cameroon","X","Export","12","DZA","Algeria","0","W00","World","H5","HS","true","TOTAL","All Commodities","0","false","C00","TOTAL CPC","0","0","TOTAL MOT","-1","N/A","0","false","-1","N/A","0","false","0","false","0","false",,"5821880.7","5821880.7","0","false","true",
"C","A","20210101","2021","52","2021","120","CMR","Cameroon","X","Export","24","AGO","Angola","0","W00","World","H5","HS","true","TOTAL","All Commodities","0","false","C00","TOTAL CPC","0","0","TOTAL MOT","-1","N/A","0","false","-1","N/A","0","false","0","false","0","false",,"4579405.18","4579405.18","0","false","true",
"C","A","20210101","2021","52","2021","120","CMR","Cameroon","X","Export","31","AZE","Azerbaijan","0","W00","World","H5","HS","true","TOTAL","All Commodities","0","false","C00","TOTAL CPC","0","0","TOTAL MOT","-1","N/A","0","false","-1","N/A","0","false","0","false","0","false",,"904.06","904.06","0","false","true",
"C","A","20210101","2021","52","2021","120","CMR","Cameroon","X","Export","32","ARG","Argentina","0","W00","World","H5","HS","true","TOTAL","All Commodities","0","false","C00","TOTAL CPC","0","0","TOTAL MOT","-1","N/A","0","false","-1","N/A","0","false","0","false","0","false",,"316126.36","316126.36","0","false","true",
"C","A","20210101","2021","52","2021","120","CMR","Cameroon","X","Export","36","AUS","Australia","0","W00","World","H5","HS","true","TOTAL","All Commodities","0","false","C00","TOTAL CPC","0","0","TOTAL MOT","-1","N/A","0","false","-1","N/A","0","false","0","false","0","false",,"290359.27","290359.27","0","false","true",
"C","A","20210101","2021","52","2021","120","CMR","Cameroon","X","Export","40","AUT","Austria","0","W00","World","H5","HS","true","TOTAL","All Commodities","0","false","C00","TOTAL CPC","0","0","TOTAL MOT","-1","N/A","0","false","-1","N/A","0","false","0","false","0","false",,"539124.52","539124.52","0","false","true",
"C","A","20210101","2021","52","2021","120","CMR","Cameroon","X","Export","48","BHR","Bahrain","0","W00","World","H5","HS","true","TOTAL","All Commodities","0","false","C00","TOTAL CPC","0","0","TOTAL MOT","-1","N/A","0","false","-1","N/A","0","false","0","false","0","false",,"1521861.95","1521861.95","0","false","true",
"C","A","20210101","2021","52","2021","120","CMR","Cameroon","X","Export","50","BGD","Bangladesh","0","W00","World","H5","HS","true","TOTAL","All Commodities","0","false","C00","TOTAL CPC","0","0","TOTAL MOT","-1","N/A","0","false","-1","N/A","0","false","0","false","0","false",,"171369634.68","171369634.68","0","false","true",
"C","A","20210101","2021","52","2021","120","CMR","Cameroon","X","Export","56","BEL","Belgium","0","W00","World","H5","HS","true","TOTAL","All Commodities","0","false","C00","TOTAL CPC","0","0","TOTAL MOT","-1","N/A","0","false","-1","N/A","0","false","0","true","0","false",,"152345293.29","152345293.29","4","false","true",
"C","A","20210101","2021","52","2021","120","CMR","Cameroon","X","Export","76","BRA","Brazil","0","W00","World","H5","HS","true","TOTAL","All Commodities","0","false","C00","TOTAL CPC","0","0","TOTAL MOT","-1","N/A","0","false","-1","N/A","0","false","0","false","0","false",,"2263156.47","2263156.47","0","false","true",
"C","A","20210101","2021","52","2021","120","CMR","Cameroon","X","Export","100","BGR","Bulgaria","0","W00","World","H5","HS","true","TOTAL","All Commodities","0","false","C00","TOTAL CPC","0","0","TOTAL MOT","-1","N/A","0","false","-1","N/A","0","false","0","false","0","false",,"2649428.45","2649428.45","0","false","true",
"C","A","20210101","2021","52","2021","120","CMR","Cameroon","X","Export","108","BDI","Burundi","0","W00","World","H5","HS","true","TOTAL","All Commodities","0","false","C00","TOTAL CPC","0","0","TOTAL MOT","-1","N/A","0","false","-1","N/A","0","false","0","false","0","false",,"112527.03","112527.03","0","false","true",
"C","A","20210101","2021","52","2021","120","CMR","Cameroon","X","Export","124","CAN","Canada","0","W00","World","H5","HS","true","TOTAL","All Commodities","0","false","C00","TOTAL CPC","0","0","TOTAL MOT","-1","N/A","0","false","-1","N/A","0","false","0","true","0","false",,"71893565.15","71893565.15","4","false","true",
"C","A","20210101","2021","52","2021","120","CMR","Cameroon","X","Export","132","CPV","Cabo Verde","0","W00","World","H5","HS","true","TOTAL","All Commodities","0","false","C00","TOTAL CPC","0","0","TOTAL MOT","-1","N/A","0","false","-1","N/A","0","false","0","false","0","false",,"103923.61","103923.61","0","false","true",
"C","A","20210101","2021","52","2021","120","CMR","Cameroon","X","Export","140","CAF","Central African Rep.","0","W00","World","H5","HS","true","TOTAL","All Commodities","0","false","C00","TOTAL CPC","0","0","TOTAL MOT","-1","N/A","0","false","-1","N/A","0","false","0","false","0","false",,"54158609.8","54158609.8","0","false","true",
"C","A","20210101","2021","52","2021","120","CMR","Cameroon","X","Export","144","LKA","Sri Lanka","0","W00","World","H5","HS","true","TOTAL","All Commodities","0","false","C00","TOTAL CPC","0","0","TOTAL MOT","-1","N/A","0","false","-1","N/A","0","false","0","false","0","false",,"4239972.67","4239972.67","0","false","true",
"C","A","20210101","2021","52","2021","120","CMR","Cameroon","X","Export","148","TCD","Chad","0","W00","World","H5","HS","true","TOTAL","All Commodities","0","false","C00","TOTAL CPC","0","0","TOTAL MOT","-1","N/A","0","false","-1","N/A","0","false","0","false","0","false",,"158770299.91","158770299.91","0","false","true",
"C","A","20210101","2021","52","2021","120","CMR","Cameroon","X","Export","152","CHL","Chile","0","W00","World","H5","HS","true","TOTAL","All Commodities","0","false","C00","TOTAL CPC","0","0","TOTAL MOT","-1","N/A","0","false","-1","N/A","0","false","0","false","0","false",,"32344.71","32344.71","0","false","true",
"C","A","20210101","2021","52","2021","120","CMR","Cameroon","X","Export","156","CHN","China","0","W00","World","H5","HS","true","TOTAL","All Commodities","0","false","C00","TOTAL CPC","0","0","TOTAL MOT","-1","N/A","0","false","-1","N/A","0","false","0","false","0","false",,"1111717927.44","1111717927.44","0","false","true",
"C","A","20210101","2021","52","2021","120","CMR","Cameroon","X","Export","170","COL","Colombia","0","W00","World","H5","HS","true","TOTAL","All Commodities","0","false","C00","TOTAL CPC","0","0","TOTAL MOT","-1","N/A","0","false","-1","N/A","0","false","0","false","0","false",,"886096.51","886096.51","0","false","true",
"C","A","20210101","2021","52","2021","120","CMR","Cameroon","X","Export","174","COM","Comoros","0","W00","World","H5","HS","true","TOTAL","All Commodities","0","false","C00","TOTAL CPC","0","0","TOTAL MOT","-1","N/A","0","false","-1","N/A","0","false","0","false","0","false",,"24507.49","24507.49","0","false","true",
"C","A","20210101","2021","52","2021","120","CMR","Cameroon","X","Export","178","COG","Congo","0","W00","World","H5","HS","true","TOTAL","All Commodities","0","false","C00","TOTAL CPC","0","0","TOTAL MOT","-1","N/A","0","false","-1","N/A","0","false","0","true","0","false",,"33111592.24","33111592.24","4","false","true",
"C","A","20210101","2021","52","2021","120","CMR","Cameroon","X","Export","180","COD","Dem. Rep. of the Congo","0","W00","World","H5","HS","true","TOTAL","All Commodities","0","false","C00","TOTAL CPC","0","0","TOTAL MOT","-1","N/A","0","false","-1","N/A","0","false","0","false","0","false",,"4808428.77","4808428.77","0","false","true",
"C","A","20210101","2021","52","2021","120","CMR","Cameroon","X","Export","191","HRV","Croatia","0","W00","World","H5","HS","true","TOTAL","All Commodities","0","false","C00","TOTAL CPC","0","0","TOTAL MOT","-1","N/A","0","false","-1","N/A","0","false","0","false","0","false",,"247950.06","247950.06","0","false","true",
"C","A","20210101","2021","52","2021","120","CMR","Cameroon","X","Export","192","CUB","Cuba","0","W00","World","H5","HS","true","TOTAL","All Commodities","0","false","C00","TOTAL CPC","0","0","TOTAL MOT","-1","N/A","0","false","-1","N/A","0","false","0","false","0","false",,"29953.16","29953.16","0","false","true",
"C","A","20210101","2021","52","2021","120","CMR","Cameroon","X","Export","196","CYP","Cyprus","0","W00","World","H5","HS","true","TOTAL","All Commodities","0","false","C00","TOTAL CPC","0","0","TOTAL MOT","-1","N/A","0","false","-1","N/A","0","false","0","false","0","false",,"100011.09","100011.09","0","false","true",
"C","A","20210101","2021","52","2021","120","CMR","Cameroon","X","Export","203","CZE","Czechia","0","W00","World","H5","HS","true","TOTAL","All Commodities","0","false","C00","TOTAL CPC","0","0","TOTAL MOT","-1","N/A","0","false","-1","N/A","0","false","0","false","0","false",,"469.45","469.45","0","false","true",
"C","A","20210101","2021","52","2021","120","CMR","Cameroon","X","Export","204","BEN","Benin","0","W00","World","H5","HS","true","TOTAL","All Commodities","0","false","C00","TOTAL CPC","0","0","TOTAL MOT","-1","N/A","0","false","-1","N/A","0","false","0","true","0","false",,"3679344.03","3679344.03","4","false","true",
"C","A","20210101","2021","52","2021","120","CMR","Cameroon","X","Export","208","DNK","Denmark","0","W00","World","H5","HS","true","TOTAL","All Commodities","0","false","C00","TOTAL CPC","0","0","TOTAL MOT","-1","N/A","0","false","-1","N/A","0","false","0","false","0","false",,"446059.11","446059.11","0","false","true",
"C","A","20210101","2021","52","2021","120","CMR","Cameroon","X","Export","212","DMA","Dominica","0","W00","World","H5","HS","true","TOTAL","All Commodities","0","false","C00","TOTAL CPC","0","0","TOTAL MOT","-1","N/A","0","false","-1","N/A","0","false","0","false","0","false",,"280438.03","280438.03","0","false","true",
"C","A","20210101","2021","52","2021","120","CMR","Cameroon","X","Export","214","DOM","Dominican Rep.","0","W00","World","H5","HS","true","TOTAL","All Commodities","0","false","C00","TOTAL CPC","0","0","TOTAL MOT","-1","N/A","0","false","-1","N/A","0","false","0","false","0","false",,"1379294.37","1379294.37","0","false","true",
"C","A","20210101","2021","52","2021","120","CMR","Cameroon","X","Export","226","GNQ","Equatorial Guinea","0","W00","World","H5","HS","true","TOTAL","All Commodities","0","false","C00","TOTAL CPC","0","0","TOTAL MOT","-1","N/A","0","false","-1","N/A","0","false","0","true","0","false",,"14692425.132","14692425.132","4","false","true",
"C","A","20210101","2021","52","2021","120","CMR","Cameroon","X","Export","231","ETH","Ethiopia","0","W00","World","H5","HS","true","TOTAL","All Commodities","0","false","C00","TOTAL CPC","0","0","TOTAL MOT","-1","N/A","0","false","-1","N/A","0","false","0","false","0","false",,"41055.24","41055.24","0","false","true",
"C","A","20210101","2021","52","2021","120","CMR","Cameroon","X","Export","233","EST","Estonia","0","W00","World","H5","HS","true","TOTAL","All Commodities","0","false","C00","TOTAL CPC","0","0","TOTAL MOT","-1","N/A","0","false","-1","N/A","0","false","0","false","0","false",,"70033.1","70033.1","0","false","true",
"C","A","20210101","2021","52","2021","120","CMR","Cameroon","X","Export","246","FIN","Finland","0","W00","World","H5","HS","true","TOTAL","All Commodities","0","false","C00","TOTAL CPC","0","0","TOTAL MOT","-1","N/A","0","false","-1","N/A","0","false","0","false","0","false",,"1560386.14","1560386.14","0","false","true",
"C","A","20210101","2021","52","2021","120","CMR","Cameroon","X","Export","251","FRA","France","0","W00","World","H5","HS","true","TOTAL","All Commodities","0","false","C00","TOTAL CPC","0","0","TOTAL MOT","-1","N/A","0","false","-1","N/A","0","false","0","true","0","false",,"129160823.23","129160823.23","4","false","true",
"C","A","20210101","2021","52","2021","120","CMR","Cameroon","X","Export","262","DJI","Djibouti","0","W00","World","H5","HS","true","TOTAL","All Commodities","0","false","C00","TOTAL CPC","0","0","TOTAL MOT","-1","N/A","0","false","-1","N/A","0","false","0","false","0","false",,"431812.17","431812.17","0","false","true",
"C","A","20210101","2021","52","2021","120","CMR","Cameroon","X","Export","266","GAB","Gabon","0","W00","World","H5","HS","true","TOTAL","All Commodities","0","false","C00","TOTAL CPC","0","0","TOTAL MOT","-1","N/A","0","false","-1","N/A","0","false","0","false","0","false",,"48444244.925","48444244.925","0","false","true",
"C","A","20210101","2021","52","2021","120","CMR","Cameroon","X","Export","268","GEO","Georgia","0","W00","World","H5","HS","true","TOTAL","All Commodities","0","false","C00","TOTAL CPC","0","0","TOTAL MOT","-1","N/A","0","false","-1","N/A","0","false","0","false","0","false",,"108317.97","108317.97","0","false","true",
"C","A","20210101","2021","52","2021","120","CMR","Cameroon","X","Export","270","GMB","Gambia","0","W00","World","H5","HS","true","TOTAL","All Commodities","0","false","C00","TOTAL CPC","0","0","TOTAL MOT","-1","N/A","0","false","-1","N/A","0","false","0","false","0","false",,"25417.86","25417.86","0","false","true",
"C","A","20210101","2021","52","2021","120","CMR","Cameroon","X","Export","276","DEU","Germany","0","W00","World","H5","HS","true","TOTAL","All Commodities","0","false","C00","TOTAL CPC","0","0","TOTAL MOT","-1","N/A","0","false","-1","N/A","0","false","0","true","0","false",,"51279827.44","51279827.44","4","false","true",
"C","A","20210101","2021","52","2021","120","CMR","Cameroon","X","Export","288","GHA","Ghana","0","W00","World","H5","HS","true","TOTAL","All Commodities","0","false","C00","TOTAL CPC","0","0","TOTAL MOT","-1","N/A","0","false","-1","N/A","0","false","0","true","0","false",,"2550619.25","2550619.25","4","false","true",
"C","A","20210101","2021","52","2021","120","CMR","Cameroon","X","Export","300","GRC","Greece","0","W00","World","H5","HS","true","TOTAL","All Commodities","0","false","C00","TOTAL CPC","0","0","TOTAL MOT","-1","N/A","0","false","-1","N/A","0","false","0","false","0","false",,"2994392.27","2994392.27","0","false","true",
"C","A","20210101","2021","52","2021","120","CMR","Cameroon","X","Export","324","GIN","Guinea","0","W00","World","H5","HS","true","TOTAL","All Commodities","0","false","C00","TOTAL CPC","0","0","TOTAL MOT","-1","N/A","0","false","-1","N/A","0","false","0","false","0","false",,"398410.53","398410.53","0","false","true",
"C","A","20210101","2021","52","2021","120","CMR","Cameroon","X","Export","344","HKG","China, Hong Kong SAR","0","W00","World","H5","HS","true","TOTAL","All Commodities","0","false","C00","TOTAL CPC","0","0","TOTAL MOT","-1","N/A","0","false","-1","N/A","0","false","0","false","0","false",,"10450.58","10450.58","0","false","true",
"C","A","20210101","2021","52","2021","120","CMR","Cameroon","X","Export","348","HUN","Hungary","0","W00","World","H5","HS","true","TOTAL","All Commodities","0","false","C00","TOTAL CPC","0","0","TOTAL MOT","-1","N/A","0","false","-1","N/A","0","false","0","false","0","false",,"54129.6","54129.6","0","false","true",
"C","A","20210101","2021","52","2021","120","CMR","Cameroon","X","Export","352","ISL","Iceland","0","W00","World","H5","HS","true","TOTAL","All Commodities","0","false","C00","TOTAL CPC","0","0","TOTAL MOT","-1","N/A","0","false","-1","N/A","0","false","0","false","0","false",,"33990.92","33990.92","0","false","true",
"C","A","20210101","2021","52","2021","120","CMR","Cameroon","X","Export","360","IDN","Indonesia","0","W00","World","H5","HS","true","TOTAL","All Commodities","0","false","C00","TOTAL CPC","0","0","TOTAL MOT","-1","N/A","0","false","-1","N/A","0","false","0","false","0","false",,"46581304.87","46581304.87","0","false","true",
"C","A","20210101","2021","52","2021","120","CMR","Cameroon","X","Export","368","IRQ","Iraq","0","W00","World","H5","HS","true","TOTAL","All Commodities","0","false","C00","TOTAL CPC","0","0","TOTAL MOT","-1","N/A","0","false","-1","N/A","0","false","0","false","0","false",,"100368.3","100368.3","0","false","true",
"C","A","20210101","2021","52","2021","120","CMR","Cameroon","X","Export","372","IRL","Ireland","0","W00","World","H5","HS","true","TOTAL","All Commodities","0","false","C00","TOTAL CPC","0","0","TOTAL MOT","-1","N/A","0","false","-1","N/A","0","false","0","false","0","false",,"2920316.32","2920316.32","0","false","true",
"C","A","20210101","2021","52","2021","120","CMR","Cameroon","X","Export","376","ISR","Israel","0","W00","World","H5","HS","true","TOTAL","All Commodities","0","false","C00","TOTAL CPC","0","0","TOTAL MOT","-1","N/A","0","false","-1","N/A","0","false","0","false","0","false",,"71980.26","71980.26","0","false","true",
"C","A","20210101","2021","52","2021","120","CMR","Cameroon","X","Export","380","ITA","Italy","0","W00","World","H5","HS","true","TOTAL","All Commodities","0","false","C00","TOTAL CPC","0","0","TOTAL MOT","-1","N/A","0","false","-1","N/A","0","false","0","false","0","false",,"307223300.49","307223300.49","0","false","true",
"C","A","20210101","2021","52","2021","120","CMR","Cameroon","X","Export","384","CIV","Côte d'Ivoire","0","W00","World","H5","HS","true","TOTAL","All Commodities","0","false","C00","TOTAL CPC","0","0","TOTAL MOT","-1","N/A","0","false","-1","N/A","0","false","0","false","0","false",,"14968208.78","14968208.78","0","false","true",
"C","A","20210101","2021","52","2021","120","CMR","Cameroon","X","Export","392","JPN","Japan","0","W00","World","H5","HS","true","TOTAL","All Commodities","0","false","C00","TOTAL CPC","0","0","TOTAL MOT","-1","N/A","0","false","-1","N/A","0","false","0","false","0","false",,"1455923.33","1455923.33","0","false","true",
"C","A","20210101","2021","52","2021","120","CMR","Cameroon","X","Export","400","JOR","Jordan","0","W00","World","H5","HS","true","TOTAL","All Commodities","0","false","C00","TOTAL CPC","0","0","TOTAL MOT","-1","N/A","0","false","-1","N/A","0","false","0","false","0","false",,"408559.84","408559.84","0","false","true",
"C","A","20210101","2021","52","2021","120","CMR","Cameroon","X","Export","404","KEN","Kenya","0","W00","World","H5","HS","true","TOTAL","All Commodities","0","false","C00","TOTAL CPC","0","0","TOTAL MOT","-1","N/A","0","false","-1","N/A","0","false","0","false","0","false",,"96219.69","96219.69","0","false","true",
"C","A","20210101","2021","52","2021","120","CMR","Cameroon","X","Export","408","PRK","Dem. People's Rep. of Korea","0","W00","World","H5","HS","true","TOTAL","All Commodities","0","false","C00","TOTAL CPC","0","0","TOTAL MOT","-1","N/A","0","false","-1","N/A","0","false","0","false","0","false",,"10193.99","10193.99","0","false","true",
"C","A","20210101","2021","52","2021","120","CMR","Cameroon","X","Export","410","KOR","Rep. of Korea","0","W00","World","H5","HS","true","TOTAL","All Commodities","0","false","C00","TOTAL CPC","0","0","TOTAL MOT","-1","N/A","0","false","-1","N/A","0","false","0","false","0","false",,"89735062.73","89735062.73","0","false","true",
"C","A","20210101","2021","52","2021","120","CMR","Cameroon","X","Export","414","KWT","Kuwait","0","W00","World","H5","HS","true","TOTAL","All Commodities","0","false","C00","TOTAL CPC","0","0","TOTAL MOT","-1","N/A","0","false","-1","N/A","0","false","0","true","0","false",,"23459000.76","23459000.76","4","false","true",
"C","A","20210101","2021","52","2021","120","CMR","Cameroon","X","Export","422","LBN","Lebanon","0","W00","World","H5","HS","true","TOTAL","All Commodities","0","false","C00","TOTAL CPC","0","0","TOTAL MOT","-1","N/A","0","false","-1","N/A","0","false","0","false","0","false",,"911330.84","911330.84","0","false","true",
"C","A","20210101","2021","52","2021","120","CMR","Cameroon","X","Export","430","LBR","Liberia","0","W00","World","H5","HS","true","TOTAL","All Commodities","0","false","C00","TOTAL CPC","0","0","TOTAL MOT","-1","N/A","0","false","-1","N/A","0","false","0","false","0","false",,"510590.49","510590.49","0","false","true",
"C","A","20210101","2021","52","2021","120","CMR","Cameroon","X","Export","434","LBY","Libya","0","W00","World","H5","HS","true","TOTAL","All Commodities","0","false","C00","TOTAL CPC","0","0","TOTAL MOT","-1","N/A","0","false","-1","N/A","0","false","0","false","0","false",,"28462.83","28462.83","0","false","true",
"C","A","20210101","2021","52","2021","120","CMR","Cameroon","X","Export","440","LTU","Lithuania","0","W00","World","H5","HS","true","TOTAL","All Commodities","0","false","C00","TOTAL CPC","0","0","TOTAL MOT","-1","N/A","0","false","-1","N/A","0","false","0","false","0","false",,"1853889.34","1853889.34","0","false","true",
"C","A","20210101","2021","52","2021","120","CMR","Cameroon","X","Export","442","LUX","Luxembourg","0","W00","World","H5","HS","true","TOTAL","All Commodities","0","false","C00","TOTAL CPC","0","0","TOTAL MOT","-1","N/A","0","false","-1","N/A","0","false","0","false","0","false",,"32296.29","32296.29","0","false","true",
"C","A","20210101","2021","52","2021","120","CMR","Cameroon","X","Export","450","MDG","Madagascar","0","W00","World","H5","HS","true","TOTAL","All Commodities","0","false","C00","TOTAL CPC","0","0","TOTAL MOT","-1","N/A","0","false","-1","N/A","0","false","0","false","0","false",,"19161.24","19161.24","0","false","true",
"C","A","20210101","2021","52","2021","120","CMR","Cameroon","X","Export","458","MYS","Malaysia","0","W00","World","H5","HS","true","TOTAL","All Commodities","0","false","C00","TOTAL CPC","0","0","TOTAL MOT","-1","N/A","0","false","-1","N/A","0","false","0","false","0","false",,"84877621.97","84877621.97","0","false","true",
"C","A","20210101","2021","52","2021","120","CMR","Cameroon","X","Export","466","MLI","Mali","0","W00","World","H5","HS","true","TOTAL","All Commodities","0","false","C00","TOTAL CPC","0","0","TOTAL MOT","-1","N/A","0","false","-1","N/A","0","false","0","false","0","false",,"297554.7","297554.7","0","false","true",
"C","A","20210101","2021","52","2021","120","CMR","Cameroon","X","Export","470","MLT","Malta","0","W00","World","H5","HS","true","TOTAL","All Commodities","0","false","C00","TOTAL CPC","0","0","TOTAL MOT","-1","N/A","0","false","-1","N/A","0","false","0","false","0","false",,"347816.26","347816.26","0","false","true",
"C","A","20210101","2021","52","2021","120","CMR","Cameroon","X","Export","478","MRT","Mauritania","0","W00","World","H5","HS","true","TOTAL","All Commodities","0","false","C00","TOTAL CPC","0","0","TOTAL MOT","-1","N/A","0","false","-1","N/A","0","false","0","false","0","false",,"244347.05","244347.05","0","false","true",
"C","A","20210101","2021","52","2021","120","CMR","Cameroon","X","Export","480","MUS","Mauritius","0","W00","World","H5","HS","true","TOTAL","All Commodities","0","false","C00","TOTAL CPC","0","0","TOTAL MOT","-1","N/A","0","false","-1","N/A","0","false","0","false","0","false",,"2766379.61","2766379.61","0","false","true",
"C","A","20210101","2021","52","2021","120","CMR","Cameroon","X","Export","484","MEX","Mexico","0","W00","World","H5","HS","true","TOTAL","All Commodities","0","false","C00","TOTAL CPC","0","0","TOTAL MOT","-1","N/A","0","false","-1","N/A","0","false","0","false","0","false",,"2337136.64","2337136.64","0","false","true",
"C","A","20210101","2021","52","2021","120","CMR","Cameroon","X","Export","490","S19","Other Asia, nes","0","W00","World","H5","HS","true","TOTAL","All Commodities","0","false","C00","TOTAL CPC","0","0","TOTAL MOT","-1","N/A","0","false","-1","N/A","0","false","0","false","0","false",,"40399689.86","40399689.86","0","false","true",
"C","A","20210101","2021","52","2021","120","CMR","Cameroon","X","Export","504","MAR","Morocco","0","W00","World","H5","HS","true","TOTAL","All Commodities","0","false","C00","TOTAL CPC","0","0","TOTAL MOT","-1","N/A","0","false","-1","N/A","0","false","0","false","0","false",,"896004.26","896004.26","0","false","true",
"C","A","20210101","2021","52","2021","120","CMR","Cameroon","X","Export","508","MOZ","Mozambique","0","W00","World","H5","HS","true","TOTAL","All Commodities","0","false","C00","TOTAL CPC","0","0","TOTAL MOT","-1","N/A","0","false","-1","N/A","0","false","0","false","0","false",,"56927.78","56927.78","0","false","true",
"C","A","20210101","2021","52","2021","120","CMR","Cameroon","X","Export","512","OMN","Oman","0","W00","World","H5","HS","true","TOTAL","All Commodities","0","false","C00","TOTAL CPC","0","0","TOTAL MOT","-1","N/A","0","false","-1","N/A","0","false","0","false","0","false",,"91221.94","91221.94","0","false","true",
"C","A","20210101","2021","52","2021","120","CMR","Cameroon","X","Export","516","NAM","Namibia","0","W00","World","H5","HS","true","TOTAL","All Commodities","0","false","C00","TOTAL CPC","0","0","TOTAL MOT","-1","N/A","0","false","-1","N/A","0","false","0","false","0","false",,"11301.05","11301.05","0","false","true",
"C","A","20210101","2021","52","2021","120","CMR","Cameroon","X","Export","528","NLD","Netherlands","0","W00","World","H5","HS","true","TOTAL","All Commodities","0","false","C00","TOTAL CPC","0","0","TOTAL MOT","-1","N/A","0","false","-1","N/A","0","false","0","false","0","false",,"532923392.51","532923392.51","0","false","true",
"C","A","20210101","2021","52","2021","120","CMR","Cameroon","X","Export","554","NZL","New Zealand","0","W00","World","H5","HS","true","TOTAL","All Commodities","0","false","C00","TOTAL CPC","0","0","TOTAL MOT","-1","N/A","0","false","-1","N/A","0","false","0","false","0","false",,"53.96","53.96","0","false","true",
"C","A","20210101","2021","52","2021","120","CMR","Cameroon","X","Export","562","NER","Niger","0","W00","World","H5","HS","true","TOTAL","All Commodities","0","false","C00","TOTAL CPC","0","0","TOTAL MOT","-1","N/A","0","false","-1","N/A","0","false","0","false","0","false",,"44310.74","44310.74","0","false","true",
"C","A","20210101","2021","52","2021","120","CMR","Cameroon","X","Export","566","NGA","Nigeria","0","W00","World","H5","HS","true","TOTAL","All Commodities","0","false","C00","TOTAL CPC","0","0","TOTAL MOT","-1","N/A","0","false","-1","N/A","0","false","0","true","0","false",,"33141850.12","33141850.12","4","false","true",
"C","A","20210101","2021","52","2021","120","CMR","Cameroon","X","Export","579","NOR","Norway","0","W00","World","H5","HS","true","TOTAL","All Commodities","0","false","C00","TOTAL CPC","0","0","TOTAL MOT","-1","N/A","0","false","-1","N/A","0","false","0","false","0","false",,"96757.81","96757.81","0","false","true",
"C","A","20210101","2021","52","2021","120","CMR","Cameroon","X","Export","584","MHL","Marshall Isds","0","W00","World","H5","HS","true","TOTAL","All Commodities","0","false","C00","TOTAL CPC","0","0","TOTAL MOT","-1","N/A","0","false","-1","N/A","0","false","0","false","0","false",,"57127.6","57127.6","0","false","true",
"C","A","20210101","2021","52","2021","120","CMR","Cameroon","X","Export","586","PAK","Pakistan","0","W00","World","H5","HS","true","TOTAL","All Commodities","0","false","C00","TOTAL CPC","0","0","TOTAL MOT","-1","N/A","0","false","-1","N/A","0","false","0","false","0","false",,"18513779.42","18513779.42","0","false","true",
"C","A","20210101","2021","52","2021","120","CMR","Cameroon","X","Export","591","PAN","Panama","0","W00","World","H5","HS","true","TOTAL","All Commodities","0","false","C00","TOTAL CPC","0","0","TOTAL MOT","-1","N/A","0","false","-1","N/A","0","false","0","false","0","false",,"59649.43","59649.43","0","false","true",
"C","A","20210101","2021","52","2021","120","CMR","Cameroon","X","Export","608","PHL","Philippines","0","W00","World","H5","HS","true","TOTAL","All Commodities","0","false","C00","TOTAL CPC","0","0","TOTAL MOT","-1","N/A","0","false","-1","N/A","0","false","0","false","0","false",,"73518.83","73518.83","0","false","true",
"C","A","20210101","2021","52","2021","120","CMR","Cameroon","X","Export","616","POL","Poland","0","W00","World","H5","HS","true","TOTAL","All Commodities","0","false","C00","TOTAL CPC","0","0","TOTAL MOT","-1","N/A","0","false","-1","N/A","0","false","0","false","0","false",,"359387.76","359387.76","0","false","true",
"C","A","20210101","2021","52","2021","120","CMR","Cameroon","X","Export","620","PRT","Portugal","0","W00","World","H5","HS","true","TOTAL","All Commodities","0","false","C00","TOTAL CPC","0","0","TOTAL MOT","-1","N/A","0","false","-1","N/A","0","false","0","false","0","false",,"8814630.16","8814630.16","0","false","true",
"C","A","20210101","2021","52","2021","120","CMR","Cameroon","X","Export","624","GNB","Guinea-Bissau","0","W00","World","H5","HS","true","TOTAL","All Commodities","0","false","C00","TOTAL CPC","0","0","TOTAL MOT","-1","N/A","0","false","-1","N/A","0","false","0","false","0","false",,"512893.76","512893.76","0","false","true",
"C","A","20210101","2021","52","2021","120","CMR","Cameroon","X","Export","634","QAT","Qatar","0","W00","World","H5","HS","true","TOTAL","All Commodities","0","false","C00","TOTAL CPC","0","0","TOTAL MOT","-1","N/A","0","false","-1","N/A","0","false","0","false","0","false",,"114310.31","114310.31","0","false","true",
"C","A","20210101","2021","52","2021","120","CMR","Cameroon","X","Export","642","ROU","Romania","0","W00","World","H5","HS","true","TOTAL","All Commodities","0","false","C00","TOTAL CPC","0","0","TOTAL MOT","-1","N/A","0","false","-1","N/A","0","false","0","false","0","false",,"1792464.14","1792464.14","0","false","true",
"C","A","20210101","2021","52","2021","120","CMR","Cameroon","X","Export","643","RUS","Russian Federation","0","W00","World","H5","HS","true","TOTAL","All Commodities","0","false","C00","TOTAL CPC","0","0","TOTAL MOT","-1","N/A","0","false","-1","N/A","0","false","0","false","0","false",,"675432.4","675432.4","0","false","true",
"C","A","20210101","2021","52","2021","120","CMR","Cameroon","X","Export","646","RWA","Rwanda","0","W00","World","H5","HS","true","TOTAL","All Commodities","0","false","C00","TOTAL CPC","0","0","TOTAL MOT","-1","N/A","0","false","-1","N/A","0","false","0","false","0","false",,"381668.45","381668.45","0","false","true",
"C","A","20210101","2021","52","2021","120","CMR","Cameroon","X","Export","678","STP","Sao Tome and Principe","0","W00","World","H5","HS","true","TOTAL","All Commodities","0","false","C00","TOTAL CPC","0","0","TOTAL MOT","-1","N/A","0","false","-1","N/A","0","false","0","false","0","false",,"9236.2","9236.2","0","false","true",
"C","A","20210101","2021","52","2021","120","CMR","Cameroon","X","Export","682","SAU","Saudi Arabia","0","W00","World","H5","HS","true","TOTAL","All Commodities","0","false","C00","TOTAL CPC","0","0","TOTAL MOT","-1","N/A","0","false","-1","N/A","0","false","0","false","0","false",,"1272732.86","1272732.86","0","false","true",
"C","A","20210101","2021","52","2021","120","CMR","Cameroon","X","Export","686","SEN","Senegal","0","W00","World","H5","HS","true","TOTAL","All Commodities","0","false","C00","TOTAL CPC","0","0","TOTAL MOT","-1","N/A","0","false","-1","N/A","0","false","0","false","0","false",,"30664751.03","30664751.03","0","false","true",
"C","A","20210101","2021","52","2021","120","CMR","Cameroon","X","Export","690","SYC","Seychelles","0","W00","World","H5","HS","true","TOTAL","All Commodities","0","false","C00","TOTAL CPC","0","0","TOTAL MOT","-1","N/A","0","false","-1","N/A","0","false","0","false","0","false",,"43574.49","43574.49","0","false","true",
"C","A","20210101","2021","52","2021","120","CMR","Cameroon","X","Export","694","SLE","Sierra Leone","0","W00","World","H5","HS","true","TOTAL","All Commodities","0","false","C00","TOTAL CPC","0","0","TOTAL MOT","-1","N/A","0","false","-1","N/A","0","false","0","false","0","false",,"22314.4","22314.4","0","false","true",
"C","A","20210101","2021","52","2021","120","CMR","Cameroon","X","Export","699","IND","India","0","W00","World","H5","HS","true","TOTAL","All Commodities","0","false","C00","TOTAL CPC","0","0","TOTAL MOT","-1","N/A","0","false","-1","N/A","0","false","0","false","0","false",,"415338474.13","415338474.13","0","false","true",
"C","A","20210101","2021","52","2021","120","CMR","Cameroon","X","Export","702","SGP","Singapore","0","W00","World","H5","HS","true","TOTAL","All Commodities","0","false","C00","TOTAL CPC","0","0","TOTAL MOT","-1","N/A","0","false","-1","N/A","0","false","0","false","0","false",,"34541891.72","34541891.72","0","false","true",
"C","A","20210101","2021","52","2021","120","CMR","Cameroon","X","Export","703","SVK","Slovakia","0","W00","World","H5","HS","true","TOTAL","All Commodities","0","false","C00","TOTAL CPC","0","0","TOTAL MOT","-1","N/A","0","false","-1","N/A","0","false","0","false","0","false",,"179.87","179.87","0","false","true",
"C","A","20210101","2021","52","2021","120","CMR","Cameroon","X","Export","704","VNM","Viet Nam","0","W00","World","H5","HS","true","TOTAL","All Commodities","0","false","C00","TOTAL CPC","0","0","TOTAL MOT","-1","N/A","0","false","-1","N/A","0","false","0","false","0","false",,"96428530.65","96428530.65","0","false","true",
"C","A","20210101","2021","52","2021","120","CMR","Cameroon","X","Export","705","SVN","Slovenia","0","W00","World","H5","HS","true","TOTAL","All Commodities","0","false","C00","TOTAL CPC","0","0","TOTAL MOT","-1","N/A","0","false","-1","N/A","0","false","0","false","0","false",,"284147.2","284147.2","0","false","true",
"C","A","20210101","2021","52","2021","120","CMR","Cameroon","X","Export","710","ZAF","South Africa","0","W00","World","H5","HS","true","TOTAL","All Commodities","0","false","C00","TOTAL CPC","0","0","TOTAL MOT","-1","N/A","0","false","-1","N/A","0","false","0","false","0","false",,"3312883.55","3312883.55","0","false","true",
"C","A","20210101","2021","52","2021","120","CMR","Cameroon","X","Export","716","ZWE","Zimbabwe","0","W00","World","H5","HS","true","TOTAL","All Commodities","0","false","C00","TOTAL CPC","0","0","TOTAL MOT","-1","N/A","0","false","-1","N/A","0","false","0","false","0","false",,"251370.12","251370.12","0","false","true",
"C","A","20210101","2021","52","2021","120","CMR","Cameroon","X","Export","724","ESP","Spain","0","W00","World","H5","HS","true","TOTAL","All Commodities","0","false","C00","TOTAL CPC","0","0","TOTAL MOT","-1","N/A","0","false","-1","N/A","0","false","0","false","0","false",,"262500304.11","262500304.11","0","false","true",
"C","A","20210101","2021","52","2021","120","CMR","Cameroon","X","Export","729","SDN","Sudan","0","W00","World","H5","HS","true","TOTAL","All Commodities","0","false","C00","TOTAL CPC","0","0","TOTAL MOT","-1","N/A","0","false","-1","N/A","0","false","0","false","0","false",,"89.93","89.93","0","false","true",
"C","A","20210101","2021","52","2021","120","CMR","Cameroon","X","Export","752","SWE","Sweden","0","W00","World","H5","HS","true","TOTAL","All Commodities","0","false","C00","TOTAL CPC","0","0","TOTAL MOT","-1","N/A","0","false","-1","N/A","0","false","0","false","0","false",,"544094.32","544094.32","0","false","true",
"C","A","20210101","2021","52","2021","120","CMR","Cameroon","X","Export","757","CHE","Switzerland","0","W00","World","H5","HS","true","TOTAL","All Commodities","0","false","C00","TOTAL CPC","0","0","TOTAL MOT","-1","N/A","0","false","-1","N/A","0","false","0","true","0","false",,"697549.35","697549.35","4","false","true",
"C","A","20210101","2021","52","2021","120","CMR","Cameroon","X","Export","764","THA","Thailand","0","W00","World","H5","HS","true","TOTAL","All Commodities","0","false","C00","TOTAL CPC","0","0","TOTAL MOT","-1","N/A","0","false","-1","N/A","0","false","0","false","0","false",,"349461.37","349461.37","0","false","true",
"C","A","20210101","2021","52","2021","120","CMR","Cameroon","X","Export","768","TGO","Togo","0","W00","World","H5","HS","true","TOTAL","All Commodities","0","false","C00","TOTAL CPC","0","0","TOTAL MOT","-1","N/A","0","false","-1","N/A","0","false","0","false","0","false",,"714433.83","714433.83","0","false","true",
"C","A","20210101","2021","52","2021","120","CMR","Cameroon","X","Export","784","ARE","United Arab Emirates","0","W00","World","H5","HS","true","TOTAL","All Commodities","0","false","C00","TOTAL CPC","0","0","TOTAL MOT","-1","N/A","0","false","-1","N/A","0","false","0","false","0","false",,"7817075.76","7817075.76","0","false","true",
"C","A","20210101","2021","52","2021","120","CMR","Cameroon","X","Export","788","TUN","Tunisia","0","W00","World","H5","HS","true","TOTAL","All Commodities","0","false","C00","TOTAL CPC","0","0","TOTAL MOT","-1","N/A","0","false","-1","N/A","0","false","0","false","0","false",,"1250107.69","1250107.69","0","false","true",
"C","A","20210101","2021","52","2021","120","CMR","Cameroon","X","Export","792","TUR","Türkiye","0","W00","World","H5","HS","true","TOTAL","All Commodities","0","false","C00","TOTAL CPC","0","0","TOTAL MOT","-1","N/A","0","false","-1","N/A","0","false","0","false","0","false",,"38491069.97","38491069.97","0","false","true",
"C","A","20210101","2021","52","2021","120","CMR","Cameroon","X","Export","800","UGA","Uganda","0","W00","World","H5","HS","true","TOTAL","All Commodities","0","false","C00","TOTAL CPC","0","0","TOTAL MOT","-1","N/A","0","false","-1","N/A","0","false","0","false","0","false",,"56274.98","56274.98","0","false","true",
"C","A","20210101","2021","52","2021","120","CMR","Cameroon","X","Export","804","UKR","Ukraine","0","W00","World","H5","HS","true","TOTAL","All Commodities","0","false","C00","TOTAL CPC","0","0","TOTAL MOT","-1","N/A","0","false","-1","N/A","0","false","0","false","0","false",,"59055.32","59055.32","0","false","true",
"C","A","20210101","2021","52","2021","120","CMR","Cameroon","X","Export","807","MKD","North Macedonia","0","W00","World","H5","HS","true","TOTAL","All Commodities","0","false","C00","TOTAL CPC","0","0","TOTAL MOT","-1","N/A","0","false","-1","N/A","0","false","0","false","0","false",,"8495.13","8495.13","0","false","true",
"C","A","20210101","2021","52","2021","120","CMR","Cameroon","X","Export","818","EGY","Egypt","0","W00","World","H5","HS","true","TOTAL","All Commodities","0","false","C00","TOTAL CPC","0","0","TOTAL MOT","-1","N/A","0","false","-1","N/A","0","false","0","false","0","false",,"877959.65","877959.65","0","false","true",
"C","A","20210101","2021","52","2021","120","CMR","Cameroon","X","Export","826","GBR","United Kingdom","0","W00","World","H5","HS","true","TOTAL","All Commodities","0","false","C00","TOTAL CPC","0","0","TOTAL MOT","-1","N/A","0","false","-1","N/A","0","false","0","true","0","false",,"22740386.01","22740386.01","4","false","true",
"C","A","20210101","2021","52","2021","120","CMR","Cameroon","X","Export","834","TZA","United Rep. of Tanzania","0","W00","World","H5","HS","true","TOTAL","All Commodities","0","false","C00","TOTAL CPC","0","0","TOTAL MOT","-1","N/A","0","false","-1","N/A","0","false","0","false","0","false",,"11002","11002","0","false","true",
"C","A","20210101","2021","52","2021","120","CMR","Cameroon","X","Export","842","USA","USA","0","W00","World","H5","HS","true","TOTAL","All Commodities","0","false","C00","TOTAL CPC","0","0","TOTAL MOT","-1","N/A","0","false","-1","N/A","0","false","0","true","0","false",,"113282234.17","113282234.17","4","false","true",
"C","A","20210101","2021","52","2021","120","CMR","Cameroon","X","Export","854","BFA","Burkina Faso","0","W00","World","H5","HS","true","TOTAL","All Commodities","0","false","C00","TOTAL CPC","0","0","TOTAL MOT","-1","N/A","0","false","-1","N/A","0","false","0","false","0","false",,"1346565.02","1346565.02","0","false","true",
"C","A","20210101","2021","52","2021","120","CMR","Cameroon","X","Export","858","URY","Uruguay","0","W00","World","H5","HS","true","TOTAL","All Commodities","0","false","C00","TOTAL CPC","0","0","TOTAL MOT","-1","N/A","0","false","-1","N/A","0","false","0","false","0","false",,"883669.7","883669.7","0","false","true",
"C","A","20210101","2021","52","2021","120","CMR","Cameroon","X","Export","894","ZMB","Zambia","0","W00","World","H5","HS","true","TOTAL","All Commodities","0","false","C00","TOTAL CPC","0","0","TOTAL MOT","-1","N/A","0","false","-1","N/A","0","false","0","false","0","false",,"79316.66","79316.66","0","false","true",
"C","A","20220101","2022","52","2022","120","CMR","Cameroon","M","Import","0","W00","World","0","W00","World","H6","HS","true","TOTAL","All Commodities","0","false","C00","TOTAL CPC","0","0","TOTAL MOT","-1","N/A","0","false","-1","N/A","0","false",,"false","0","false","7926780025.424",,"7926780025.424","0","false","true",
"C","A","20220101","2022","52","2022","120","CMR","Cameroon","M","Import","8","ALB","Albania","0","W00","World","H6","HS","true","TOTAL","All Commodities","0","false","C00","TOTAL CPC","0","0","TOTAL MOT","-1","N/A","0","false","-1","N/A","0","false","0","false","0","false","240987.284",,"240987.284","0","false","true",
"C","A","20220101","2022","52","2022","120","CMR","Cameroon","M","Import","10","ATA","Antarctica","0","W00","World","H6","HS","true","TOTAL","All Commodities","0","false","C00","TOTAL CPC","0","0","TOTAL MOT","-1","N/A","0","false","-1","N/A","0","false","0","false","0","false","209689.193",,"209689.193","0","false","true",
"C","A","20220101","2022","52","2022","120","CMR","Cameroon","M","Import","12","DZA","Algeria","0","W00","World","H6","HS","true","TOTAL","All Commodities","0","false","C00","TOTAL CPC","0","0","TOTAL MOT","-1","N/A","0","false","-1","N/A","0","false","0","false","0","false","84595383.514",,"84595383.514","0","false","true",
"C","A","20220101","2022","52","2022","120","CMR","Cameroon","M","Import","16","ASM","American Samoa","0","W00","World","H6","HS","true","TOTAL","All Commodities","0","false","C00","TOTAL CPC","0","0","TOTAL MOT","-1","N/A","0","false","-1","N/A","0","false","0","false","0","false","614.149",,"614.149","0","false","true",
"C","A","20220101","2022","52","2022","120","CMR","Cameroon","M","Import","24","AGO","Angola","0","W00","World","H6","HS","true","TOTAL","All Commodities","0","false","C00","TOTAL CPC","0","0","TOTAL MOT","-1","N/A","0","false","-1","N/A","0","false","0","false","0","false","32755140.706",,"32755140.706","0","false","true",
"C","A","20220101","2022","52","2022","120","CMR","Cameroon","M","Import","28","ATG","Antigua and Barbuda","0","W00","World","H6","HS","true","TOTAL","All Commodities","0","false","C00","TOTAL CPC","0","0","TOTAL MOT","-1","N/A","0","false","-1","N/A","0","false","0","false","0","false","8843.257",,"8843.257","0","false","true",
"C","A","20220101","2022","52","2022","120","CMR","Cameroon","M","Import","31","AZE","Azerbaijan","0","W00","World","H6","HS","true","TOTAL","All Commodities","0","false","C00","TOTAL CPC","0","0","TOTAL MOT","-1","N/A","0","false","-1","N/A","0","false","0","false","0","false","11323.773",,"11323.773","0","false","true",
"C","A","20220101","2022","52","2022","120","CMR","Cameroon","M","Import","32","ARG","Argentina","0","W00","World","H6","HS","true","TOTAL","All Commodities","0","false","C00","TOTAL CPC","0","0","TOTAL MOT","-1","N/A","0","false","-1","N/A","0","false","0","true","0","false","152066323.903",,"152066323.903","4","false","true",
"C","A","20220101","2022","52","2022","120","CMR","Cameroon","M","Import","36","AUS","Australia","0","W00","World","H6","HS","true","TOTAL","All Commodities","0","false","C00","TOTAL CPC","0","0","TOTAL MOT","-1","N/A","0","false","-1","N/A","0","false","0","true","0","false","1598617.502",,"1598617.502","4","false","true",
"C","A","20220101","2022","52","2022","120","CMR","Cameroon","M","Import","40","AUT","Austria","0","W00","World","H6","HS","true","TOTAL","All Commodities","0","false","C00","TOTAL CPC","0","0","TOTAL MOT","-1","N/A","0","false","-1","N/A","0","false","0","true","0","false","7939970.637",,"7939970.637","4","false","true",
"C","A","20220101","2022","52","2022","120","CMR","Cameroon","M","Import","48","BHR","Bahrain","0","W00","World","H6","HS","true","TOTAL","All Commodities","0","false","C00","TOTAL CPC","0","0","TOTAL MOT","-1","N/A","0","false","-1","N/A","0","false","0","false","0","false","1609596.815",,"1609596.815","0","false","true",
"C","A","20220101","2022","52","2022","120","CMR","Cameroon","M","Import","50","BGD","Bangladesh","0","W00","World","H6","HS","true","TOTAL","All Commodities","0","false","C00","TOTAL CPC","0","0","TOTAL MOT","-1","N/A","0","false","-1","N/A","0","false","0","false","0","false","3798167.093",,"3798167.093","0","false","true",
"C","A","20220101","2022","52","2022","120","CMR","Cameroon","M","Import","51","ARM","Armenia","0","W00","World","H6","HS","true","TOTAL","All Commodities","0","false","C00","TOTAL CPC","0","0","TOTAL MOT","-1","N/A","0","false","-1","N/A","0","false","0","false","0","false","1834.757",,"1834.757","0","false","true",
"C","A","20220101","2022","52","2022","120","CMR","Cameroon","M","Import","56","BEL","Belgium","0","W00","World","H6","HS","true","TOTAL","All Commodities","0","false","C00","TOTAL CPC","0","0","TOTAL MOT","-1","N/A","0","false","-1","N/A","0","false","0","true","0","false","170425761.006",,"170425761.006","4","false","true",
"C","A","20220101","2022","52","2022","120","CMR","Cameroon","M","Import","68","BOL","Bolivia (Plurinational State of)","0","W00","World","H6","HS","true","TOTAL","All Commodities","0","false","C00","TOTAL CPC","0","0","TOTAL MOT","-1","N/A","0","false","-1","N/A","0","false","0","false","0","false","400819.311",,"400819.311","0","false","true",
"C","A","20220101","2022","52","2022","120","CMR","Cameroon","M","Import","70","BIH","Bosnia Herzegovina","0","W00","World","H6","HS","true","TOTAL","All Commodities","0","false","C00","TOTAL CPC","0","0","TOTAL MOT","-1","N/A","0","false","-1","N/A","0","false","0","false","0","false","593071.161",,"593071.161","0","false","true",
"C","A","20220101","2022","52","2022","120","CMR","Cameroon","M","Import","72","BWA","Botswana","0","W00","World","H6","HS","true","TOTAL","All Commodities","0","false","C00","TOTAL CPC","0","0","TOTAL MOT","-1","N/A","0","false","-1","N/A","0","false","0","false","0","false","12174.178",,"12174.178","0","false","true",
"C","A","20220101","2022","52","2022","120","CMR","Cameroon","M","Import","76","BRA","Brazil","0","W00","World","H6","HS","true","TOTAL","All Commodities","0","false","C00","TOTAL CPC","0","0","TOTAL MOT","-1","N/A","0","false","-1","N/A","0","false","0","false","0","false","104952864.336",,"104952864.336","0","false","true",
"C","A","20220101","2022","52","2022","120","CMR","Cameroon","M","Import","90","SLB","Solomon Isds","0","W00","World","H6","HS","true","TOTAL","All Commodities","0","false","C00","TOTAL CPC","0","0","TOTAL MOT","-1","N/A","0","false","-1","N/A","0","false","0","false","0","false","21920.673",,"21920.673","0","false","true",
"C","A","20220101","2022","52","2022","120","CMR","Cameroon","M","Import","92","VGB","Br. Virgin Isds","0","W00","World","H6","HS","true","TOTAL","All Commodities","0","false","C00","TOTAL CPC","0","0","TOTAL MOT","-1","N/A","0","false","-1","N/A","0","false","0","false","0","false","2973.358",,"2973.358","0","false","true",
"C","A","20220101","2022","52","2022","120","CMR","Cameroon","M","Import","100","BGR","Bulgaria","0","W00","World","H6","HS","true","TOTAL","All Commodities","0","false","C00","TOTAL CPC","0","0","TOTAL MOT","-1","N/A","0","false","-1","N/A","0","false","0","false","0","false","1360637.934",,"1360637.934","0","false","true",
"C","A","20220101","2022","52","2022","120","CMR","Cameroon","M","Import","104","MMR","Myanmar","0","W00","World","H6","HS","true","TOTAL","All Commodities","0","false","C00","TOTAL CPC","0","0","TOTAL MOT","-1","N/A","0","false","-1","N/A","0","false","0","false","0","false","16931280.606",,"16931280.606","0","false","true",
"C","A","20220101","2022","52","2022","120","CMR","Cameroon","M","Import","108","BDI","Burundi","0","W00","World","H6","HS","true","TOTAL","All Commodities","0","false","C00","TOTAL CPC","0","0","TOTAL MOT","-1","N/A","0","false","-1","N/A","0","false","0","false","0","false","938.417",,"938.417","0","false","true",
"C","A","20220101","2022","52","2022","120","CMR","Cameroon","M","Import","112","BLR","Belarus","0","W00","World","H6","HS","true","TOTAL","All Commodities","0","false","C00","TOTAL CPC","0","0","TOTAL MOT","-1","N/A","0","false","-1","N/A","0","false","0","false","0","false","1985823.091",,"1985823.091","0","false","true",
"C","A","20220101","2022","52","2022","120","CMR","Cameroon","M","Import","116","KHM","Cambodia","0","W00","World","H6","HS","true","TOTAL","All Commodities","0","false","C00","TOTAL CPC","0","0","TOTAL MOT","-1","N/A","0","false","-1","N/A","0","false","0","false","0","false","332177.325",,"332177.325","0","false","true",
"C","A","20220101","2022","52","2022","120","CMR","Cameroon","M","Import","124","CAN","Canada","0","W00","World","H6","HS","true","TOTAL","All Commodities","0","false","C00","TOTAL CPC","0","0","TOTAL MOT","-1","N/A","0","false","-1","N/A","0","false","0","true","0","false","42354431.831",,"42354431.831","4","false","true",
"C","A","20220101","2022","52","2022","120","CMR","Cameroon","M","Import","132","CPV","Cabo Verde","0","W00","World","H6","HS","true","TOTAL","All Commodities","0","false","C00","TOTAL CPC","0","0","TOTAL MOT","-1","N/A","0","false","-1","N/A","0","false","0","false","0","false","184.838",,"184.838","0","false","true",
"C","A","20220101","2022","52","2022","120","CMR","Cameroon","M","Import","136","CYM","Cayman Isds","0","W00","World","H6","HS","true","TOTAL","All Commodities","0","false","C00","TOTAL CPC","0","0","TOTAL MOT","-1","N/A","0","false","-1","N/A","0","false","0","false","0","false","369.549",,"369.549","0","false","true",
"C","A","20220101","2022","52","2022","120","CMR","Cameroon","M","Import","140","CAF","Central African Rep.","0","W00","World","H6","HS","true","TOTAL","All Commodities","0","false","C00","TOTAL CPC","0","0","TOTAL MOT","-1","N/A","0","false","-1","N/A","0","false","0","false","0","false","971521.934",,"971521.934","0","false","true",
"C","A","20220101","2022","52","2022","120","CMR","Cameroon","M","Import","144","LKA","Sri Lanka","0","W00","World","H6","HS","true","TOTAL","All Commodities","0","false","C00","TOTAL CPC","0","0","TOTAL MOT","-1","N/A","0","false","-1","N/A","0","false","0","false","0","false","547680.093",,"547680.093","0","false","true",
"C","A","20220101","2022","52","2022","120","CMR","Cameroon","M","Import","148","TCD","Chad","0","W00","World","H6","HS","true","TOTAL","All Commodities","0","false","C00","TOTAL CPC","0","0","TOTAL MOT","-1","N/A","0","false","-1","N/A","0","false","0","true","0","false","9960495.475",,"9960495.475","4","false","true",
"C","A","20220101","2022","52","2022","120","CMR","Cameroon","M","Import","152","CHL","Chile","0","W00","World","H6","HS","true","TOTAL","All Commodities","0","false","C00","TOTAL CPC","0","0","TOTAL MOT","-1","N/A","0","false","-1","N/A","0","false","0","false","0","false","29514858.76",,"29514858.76","0","false","true",
"C","A","20220101","2022","52","2022","120","CMR","Cameroon","M","Import","156","CHN","China","0","W00","World","H6","HS","true","TOTAL","All Commodities","0","false","C00","TOTAL CPC","0","0","TOTAL MOT","-1","N/A","0","false","-1","N/A","0","false","0","true","0","false","1252320373.583",,"1252320373.583","4","false","true",
"C","A","20220101","2022","52","2022","120","CMR","Cameroon","M","Import","170","COL","Colombia","0","W00","World","H6","HS","true","TOTAL","All Commodities","0","false","C00","TOTAL CPC","0","0","TOTAL MOT","-1","N/A","0","false","-1","N/A","0","false","0","false","0","false","656872.999",,"656872.999","0","false","true",
"C","A","20220101","2022","52","2022","120","CMR","Cameroon","M","Import","178","COG","Congo","0","W00","World","H6","HS","true","TOTAL","All Commodities","0","false","C00","TOTAL CPC","0","0","TOTAL MOT","-1","N/A","0","false","-1","N/A","0","false","0","false","0","false","25222412.828",,"25222412.828","0","false","true",
"C","A","20220101","2022","52","2022","120","CMR","Cameroon","M","Import","180","COD","Dem. Rep. of the Congo","0","W00","World","H6","HS","true","TOTAL","All Commodities","0","false","C00","TOTAL CPC","0","0","TOTAL MOT","-1","N/A","0","false","-1","N/A","0","false","0","false","0","false","24879.221",,"24879.221","0","false","true",
"C","A","20220101","2022","52","2022","120","CMR","Cameroon","M","Import","184","COK","Cook Isds","0","W00","World","H6","HS","true","TOTAL","All Commodities","0","false","C00","TOTAL CPC","0","0","TOTAL MOT","-1","N/A","0","false","-1","N/A","0","false","0","false","0","false","333.929",,"333.929","0","false","true",
"C","A","20220101","2022","52","2022","120","CMR","Cameroon","M","Import","188","CRI","Costa Rica","0","W00","World","H6","HS","true","TOTAL","All Commodities","0","false","C00","TOTAL CPC","0","0","TOTAL MOT","-1","N/A","0","false","-1","N/A","0","false","0","false","0","false","1286390.054",,"1286390.054","0","false","true",
"C","A","20220101","2022","52","2022","120","CMR","Cameroon","M","Import","191","HRV","Croatia","0","W00","World","H6","HS","true","TOTAL","All Commodities","0","false","C00","TOTAL CPC","0","0","TOTAL MOT","-1","N/A","0","false","-1","N/A","0","false","0","false","0","false","721918.893",,"721918.893","0","false","true",
"C","A","20220101","2022","52","2022","120","CMR","Cameroon","M","Import","196","CYP","Cyprus","0","W00","World","H6","HS","true","TOTAL","All Commodities","0","false","C00","TOTAL CPC","0","0","TOTAL MOT","-1","N/A","0","false","-1","N/A","0","false","0","true","0","false","613041.913",,"613041.913","4","false","true",
"C","A","20220101","2022","52","2022","120","CMR","Cameroon","M","Import","203","CZE","Czechia","0","W00","World","H6","HS","true","TOTAL","All Commodities","0","false","C00","TOTAL CPC","0","0","TOTAL MOT","-1","N/A","0","false","-1","N/A","0","false","0","false","0","false","10145664.601",,"10145664.601","0","false","true",
"C","A","20220101","2022","52","2022","120","CMR","Cameroon","M","Import","204","BEN","Benin","0","W00","World","H6","HS","true","TOTAL","All Commodities","0","false","C00","TOTAL CPC","0","0","TOTAL MOT","-1","N/A","0","false","-1","N/A","0","false","0","true","0","false","738480.578",,"738480.578","4","false","true",
"C","A","20220101","2022","52","2022","120","CMR","Cameroon","M","Import","208","DNK","Denmark","0","W00","World","H6","HS","true","TOTAL","All Commodities","0","false","C00","TOTAL CPC","0","0","TOTAL MOT","-1","N/A","0","false","-1","N/A","0","false","0","true","0","false","10556493.207",,"10556493.207","4","false","true",
"C","A","20220101","2022","52","2022","120","CMR","Cameroon","M","Import","212","DMA","Dominica","0","W00","World","H6","HS","true","TOTAL","All Commodities","0","false","C00","TOTAL CPC","0","0","TOTAL MOT","-1","N/A","0","false","-1","N/A","0","false","0","false","0","false","12880.002",,"12880.002","0","false","true",
"C","A","20220101","2022","52","2022","120","CMR","Cameroon","M","Import","214","DOM","Dominican Rep.","0","W00","World","H6","HS","true","TOTAL","All Commodities","0","false","C00","TOTAL CPC","0","0","TOTAL MOT","-1","N/A","0","false","-1","N/A","0","false","0","false","0","false","23768.895",,"23768.895","0","false","true",
"C","A","20220101","2022","52","2022","120","CMR","Cameroon","M","Import","218","ECU","Ecuador","0","W00","World","H6","HS","true","TOTAL","All Commodities","0","false","C00","TOTAL CPC","0","0","TOTAL MOT","-1","N/A","0","false","-1","N/A","0","false","0","false","0","false","148501.911",,"148501.911","0","false","true",
"C","A","20220101","2022","52","2022","120","CMR","Cameroon","M","Import","222","SLV","El Salvador","0","W00","World","H6","HS","true","TOTAL","All Commodities","0","false","C00","TOTAL CPC","0","0","TOTAL MOT","-1","N/A","0","false","-1","N/A","0","false","0","false","0","false","5558.234",,"5558.234","0","false","true",
"C","A","20220101","2022","52","2022","120","CMR","Cameroon","M","Import","226","GNQ","Equatorial Guinea","0","W00","World","H6","HS","true","TOTAL","All Commodities","0","false","C00","TOTAL CPC","0","0","TOTAL MOT","-1","N/A","0","false","-1","N/A","0","false","0","false","0","false","61289803.758",,"61289803.758","0","false","true",
"C","A","20220101","2022","52","2022","120","CMR","Cameroon","M","Import","231","ETH","Ethiopia","0","W00","World","H6","HS","true","TOTAL","All Commodities","0","false","C00","TOTAL CPC","0","0","TOTAL MOT","-1","N/A","0","false","-1","N/A","0","false","0","false","0","false","342052.517",,"342052.517","0","false","true",
"C","A","20220101","2022","52","2022","120","CMR","Cameroon","M","Import","232","ERI","Eritrea","0","W00","World","H6","HS","true","TOTAL","All Commodities","0","false","C00","TOTAL CPC","0","0","TOTAL MOT","-1","N/A","0","false","-1","N/A","0","false","0","false","0","false","39764.119",,"39764.119","0","false","true",
"C","A","20220101","2022","52","2022","120","CMR","Cameroon","M","Import","233","EST","Estonia","0","W00","World","H6","HS","true","TOTAL","All Commodities","0","false","C00","TOTAL CPC","0","0","TOTAL MOT","-1","N/A","0","false","-1","N/A","0","false","0","false","0","false","47975331.815",,"47975331.815","0","false","true",
"C","A","20220101","2022","52","2022","120","CMR","Cameroon","M","Import","246","FIN","Finland","0","W00","World","H6","HS","true","TOTAL","All Commodities","0","false","C00","TOTAL CPC","0","0","TOTAL MOT","-1","N/A","0","false","-1","N/A","0","false","0","true","0","false","23760034.731",,"23760034.731","4","false","true",
"C","A","20220101","2022","52","2022","120","CMR","Cameroon","M","Import","251","FRA","France","0","W00","World","H6","HS","true","TOTAL","All Commodities","0","false","C00","TOTAL CPC","0","0","TOTAL MOT","-1","N/A","0","false","-1","N/A","0","false","0","true","0","false","651204340.8",,"651204340.8","4","false","true",
"C","A","20220101","2022","52","2022","120","CMR","Cameroon","M","Import","258","PYF","French Polynesia","0","W00","World","H6","HS","true","TOTAL","All Commodities","0","false","C00","TOTAL CPC","0","0","TOTAL MOT","-1","N/A","0","false","-1","N/A","0","false","0","false","0","false","61339.079",,"61339.079","0","false","true",
"C","A","20220101","2022","52","2022","120","CMR","Cameroon","M","Import","262","DJI","Djibouti","0","W00","World","H6","HS","true","TOTAL","All Commodities","0","false","C00","TOTAL CPC","0","0","TOTAL MOT","-1","N/A","0","false","-1","N/A","0","false","0","false","0","false","219.716",,"219.716","0","false","true",
"C","A","20220101","2022","52","2022","120","CMR","Cameroon","M","Import","266","GAB","Gabon","0","W00","World","H6","HS","true","TOTAL","All Commodities","0","false","C00","TOTAL CPC","0","0","TOTAL MOT","-1","N/A","0","false","-1","N/A","0","false","0","false","0","false","93685600.506",,"93685600.506","0","false","true",
"C","A","20220101","2022","52","2022","120","CMR","Cameroon","M","Import","268","GEO","Georgia","0","W00","World","H6","HS","true","TOTAL","All Commodities","0","false","C00","TOTAL CPC","0","0","TOTAL MOT","-1","N/A","0","false","-1","N/A","0","false","0","false","0","false","118581.838",,"118581.838","0","false","true",
"C","A","20220101","2022","52","2022","120","CMR","Cameroon","M","Import","270","GMB","Gambia","0","W00","World","H6","HS","true","TOTAL","All Commodities","0","false","C00","TOTAL CPC","0","0","TOTAL MOT","-1","N/A","0","false","-1","N/A","0","false","0","false","0","false","1859.641",,"1859.641","0","false","true",
"C","A","20220101","2022","52","2022","120","CMR","Cameroon","M","Import","276","DEU","Germany","0","W00","World","H6","HS","true","TOTAL","All Commodities","0","false","C00","TOTAL CPC","0","0","TOTAL MOT","-1","N/A","0","false","-1","N/A","0","false","0","true","0","false","239448507.21",,"239448507.21","4","false","true",
"C","A","20220101","2022","52","2022","120","CMR","Cameroon","M","Import","288","GHA","Ghana","0","W00","World","H6","HS","true","TOTAL","All Commodities","0","false","C00","TOTAL CPC","0","0","TOTAL MOT","-1","N/A","0","false","-1","N/A","0","false","0","false","0","false","3687530.161",,"3687530.161","0","false","true",
"C","A","20220101","2022","52","2022","120","CMR","Cameroon","M","Import","300","GRC","Greece","0","W00","World","H6","HS","true","TOTAL","All Commodities","0","false","C00","TOTAL CPC","0","0","TOTAL MOT","-1","N/A","0","false","-1","N/A","0","false","0","false","0","false","14848454.008",,"14848454.008","0","false","true",
"C","A","20220101","2022","52","2022","120","CMR","Cameroon","M","Import","304","GRL","Greenland","0","W00","World","H6","HS","true","TOTAL","All Commodities","0","false","C00","TOTAL CPC","0","0","TOTAL MOT","-1","N/A","0","false","-1","N/A","0","false","0","false","0","false","10526.4",,"10526.4","0","false","true",
"C","A","20220101","2022","52","2022","120","CMR","Cameroon","M","Import","308","GRD","Grenada","0","W00","World","H6","HS","true","TOTAL","All Commodities","0","false","C00","TOTAL CPC","0","0","TOTAL MOT","-1","N/A","0","false","-1","N/A","0","false","0","false","0","false","44.159",,"44.159","0","false","true",
"C","A","20220101","2022","52","2022","120","CMR","Cameroon","M","Import","320","GTM","Guatemala","0","W00","World","H6","HS","true","TOTAL","All Commodities","0","false","C00","TOTAL CPC","0","0","TOTAL MOT","-1","N/A","0","false","-1","N/A","0","false","0","false","0","false","972383.911",,"972383.911","0","false","true",
"C","A","20220101","2022","52","2022","120","CMR","Cameroon","M","Import","324","GIN","Guinea","0","W00","World","H6","HS","true","TOTAL","All Commodities","0","false","C00","TOTAL CPC","0","0","TOTAL MOT","-1","N/A","0","false","-1","N/A","0","false","0","false","0","false","30224368.363",,"30224368.363","0","false","true",
"C","A","20220101","2022","52","2022","120","CMR","Cameroon","M","Import","340","HND","Honduras","0","W00","World","H6","HS","true","TOTAL","All Commodities","0","false","C00","TOTAL CPC","0","0","TOTAL MOT","-1","N/A","0","false","-1","N/A","0","false","0","false","0","false","894.984",,"894.984","0","false","true",
"C","A","20220101","2022","52","2022","120","CMR","Cameroon","M","Import","344","HKG","China, Hong Kong SAR","0","W00","World","H6","HS","true","TOTAL","All Commodities","0","false","C00","TOTAL CPC","0","0","TOTAL MOT","-1","N/A","0","false","-1","N/A","0","false","0","true","0","false","7261866.691",,"7261866.691","4","false","true",
"C","A","20220101","2022","52","2022","120","CMR","Cameroon","M","Import","348","HUN","Hungary","0","W00","World","H6","HS","true","TOTAL","All Commodities","0","false","C00","TOTAL CPC","0","0","TOTAL MOT","-1","N/A","0","false","-1","N/A","0","false","0","false","0","false","12589317.345",,"12589317.345","0","false","true",
"C","A","20220101","2022","52","2022","120","CMR","Cameroon","M","Import","352","ISL","Iceland","0","W00","World","H6","HS","true","TOTAL","All Commodities","0","false","C00","TOTAL CPC","0","0","TOTAL MOT","-1","N/A","0","false","-1","N/A","0","false","0","false","0","false","62712.086",,"62712.086","0","false","true",
"C","A","20220101","2022","52","2022","120","CMR","Cameroon","M","Import","360","IDN","Indonesia","0","W00","World","H6","HS","true","TOTAL","All Commodities","0","false","C00","TOTAL CPC","0","0","TOTAL MOT","-1","N/A","0","false","-1","N/A","0","false","0","true","0","false","21472452.448",,"21472452.448","4","false","true",
"C","A","20220101","2022","52","2022","120","CMR","Cameroon","M","Import","364","IRN","Iran","0","W00","World","H6","HS","true","TOTAL","All Commodities","0","false","C00","TOTAL CPC","0","0","TOTAL MOT","-1","N/A","0","false","-1","N/A","0","false","0","false","0","false","87834.101",,"87834.101","0","false","true",
"C","A","20220101","2022","52","2022","120","CMR","Cameroon","M","Import","368","IRQ","Iraq","0","W00","World","H6","HS","true","TOTAL","All Commodities","0","false","C00","TOTAL CPC","0","0","TOTAL MOT","-1","N/A","0","false","-1","N/A","0","false","0","false","0","false","1261449.462",,"1261449.462","0","false","true",
"C","A","20220101","2022","52","2022","120","CMR","Cameroon","M","Import","372","IRL","Ireland","0","W00","World","H6","HS","true","TOTAL","All Commodities","0","false","C00","TOTAL CPC","0","0","TOTAL MOT","-1","N/A","0","false","-1","N/A","0","false","0","true","0","false","26347989.355",,"26347989.355","4","false","true",
"C","A","20220101","2022","52","2022","120","CMR","Cameroon","M","Import","376","ISR","Israel","0","W00","World","H6","HS","true","TOTAL","All Commodities","0","false","C00","TOTAL CPC","0","0","TOTAL MOT","-1","N/A","0","false","-1","N/A","0","false","0","false","0","false","1962953.089",,"1962953.089","0","false","true",
"C","A","20220101","2022","52","2022","120","CMR","Cameroon","M","Import","380","ITA","Italy","0","W00","World","H6","HS","true","TOTAL","All Commodities","0","false","C00","TOTAL CPC","0","0","TOTAL MOT","-1","N/A","0","false","-1","N/A","0","false","0","true","0","false","160679318.483",,"160679318.483","4","false","true",
"C","A","20220101","2022","52","2022","120","CMR","Cameroon","M","Import","384","CIV","Côte d'Ivoire","0","W00","World","H6","HS","true","TOTAL","All Commodities","0","false","C00","TOTAL CPC","0","0","TOTAL MOT","-1","N/A","0","false","-1","N/A","0","false","0","false","0","false","97858914.875",,"97858914.875","0","false","true",
"C","A","20220101","2022","52","2022","120","CMR","Cameroon","M","Import","388","JAM","Jamaica","0","W00","World","H6","HS","true","TOTAL","All Commodities","0","false","C00","TOTAL CPC","0","0","TOTAL MOT","-1","N/A","0","false","-1","N/A","0","false","0","false","0","false","2852.01",,"2852.01","0","false","true",
"C","A","20220101","2022","52","2022","120","CMR","Cameroon","M","Import","392","JPN","Japan","0","W00","World","H6","HS","true","TOTAL","All Commodities","0","false","C00","TOTAL CPC","0","0","TOTAL MOT","-1","N/A","0","false","-1","N/A","0","false","0","true","0","false","155915637.224",,"155915637.224","4","false","true",
"C","A","20220101","2022","52","2022","120","CMR","Cameroon","M","Import","398","KAZ","Kazakhstan","0","W00","World","H6","HS","true","TOTAL","All Commodities","0","false","C00","TOTAL CPC","0","0","TOTAL MOT","-1","N/A","0","false","-1","N/A","0","false","0","false","0","false","409960.846",,"409960.846","0","false","true",
"C","A","20220101","2022","52","2022","120","CMR","Cameroon","M","Import","400","JOR","Jordan","0","W00","World","H6","HS","true","TOTAL","All Commodities","0","false","C00","TOTAL CPC","0","0","TOTAL MOT","-1","N/A","0","false","-1","N/A","0","false","0","false","0","false","3101516.252",,"3101516.252","0","false","true",
"C","A","20220101","2022","52","2022","120","CMR","Cameroon","M","Import","404","KEN","Kenya","0","W00","World","H6","HS","true","TOTAL","All Commodities","0","false","C00","TOTAL CPC","0","0","TOTAL MOT","-1","N/A","0","false","-1","N/A","0","false","0","true","0","false","1109057.372",,"1109057.372","4","false","true",
"C","A","20220101","2022","52","2022","120","CMR","Cameroon","M","Import","408","PRK","Dem. People's Rep. of Korea","0","W00","World","H6","HS","true","TOTAL","All Commodities","0","false","C00","TOTAL CPC","0","0","TOTAL MOT","-1","N/A","0","false","-1","N/A","0","false","0","false","0","false","226497.82",,"226497.82","0","false","true",
"C","A","20220101","2022","52","2022","120","CMR","Cameroon","M","Import","410","KOR","Rep. of Korea","0","W00","World","H6","HS","true","TOTAL","All Commodities","0","false","C00","TOTAL CPC","0","0","TOTAL MOT","-1","N/A","0","false","-1","N/A","0","false","0","true","0","false","276312677.295",,"276312677.295","4","false","true",
"C","A","20220101","2022","52","2022","120","CMR","Cameroon","M","Import","414","KWT","Kuwait","0","W00","World","H6","HS","true","TOTAL","All Commodities","0","false","C00","TOTAL CPC","0","0","TOTAL MOT","-1","N/A","0","false","-1","N/A","0","false","0","false","0","false","2308652.661",,"2308652.661","0","false","true",
"C","A","20220101","2022","52","2022","120","CMR","Cameroon","M","Import","418","LAO","Lao People's Dem. Rep.","0","W00","World","H6","HS","true","TOTAL","All Commodities","0","false","C00","TOTAL CPC","0","0","TOTAL MOT","-1","N/A","0","false","-1","N/A","0","false","0","false","0","false","922.218",,"922.218","0","false","true",
"C","A","20220101","2022","52","2022","120","CMR","Cameroon","M","Import","422","LBN","Lebanon","0","W00","World","H6","HS","true","TOTAL","All Commodities","0","false","C00","TOTAL CPC","0","0","TOTAL MOT","-1","N/A","0","false","-1","N/A","0","false","0","true","0","false","6334344.798",,"6334344.798","4","false","true",
"C","A","20220101","2022","52","2022","120","CMR","Cameroon","M","Import","428","LVA","Latvia","0","W00","World","H6","HS","true","TOTAL","All Commodities","0","false","C00","TOTAL CPC","0","0","TOTAL MOT","-1","N/A","0","false","-1","N/A","0","false","0","false","0","false","23312865.399",,"23312865.399","0","false","true",
"C","A","20220101","2022","52","2022","120","CMR","Cameroon","M","Import","430","LBR","Liberia","0","W00","World","H6","HS","true","TOTAL","All Commodities","0","false","C00","TOTAL CPC","0","0","TOTAL MOT","-1","N/A","0","false","-1","N/A","0","false","0","false","0","false","52524760.591",,"52524760.591","0","false","true",
"C","A","20220101","2022","52","2022","120","CMR","Cameroon","M","Import","434","LBY","Libya","0","W00","World","H6","HS","true","TOTAL","All Commodities","0","false","C00","TOTAL CPC","0","0","TOTAL MOT","-1","N/A","0","false","-1","N/A","0","false","0","false","0","false","658.829",,"658.829","0","false","true",
"C","A","20220101","2022","52","2022","120","CMR","Cameroon","M","Import","440","LTU","Lithuania","0","W00","World","H6","HS","true","TOTAL","All Commodities","0","false","C00","TOTAL CPC","0","0","TOTAL MOT","-1","N/A","0","false","-1","N/A","0","false","0","false","0","false","15981177.531",,"15981177.531","0","false","true",
"C","A","20220101","2022","52","2022","120","CMR","Cameroon","M","Import","442","LUX","Luxembourg","0","W00","World","H6","HS","true","TOTAL","All Commodities","0","false","C00","TOTAL CPC","0","0","TOTAL MOT","-1","N/A","0","false","-1","N/A","0","false","0","false","0","false","4286546.581",,"4286546.581","0","false","true",
"C","A","20220101","2022","52","2022","120","CMR","Cameroon","M","Import","446","MAC","China, Macao SAR","0","W00","World","H6","HS","true","TOTAL","All Commodities","0","false","C00","TOTAL CPC","0","0","TOTAL MOT","-1","N/A","0","false","-1","N/A","0","false","0","false","0","false","5301.385",,"5301.385","0","false","true",
"C","A","20220101","2022","52","2022","120","CMR","Cameroon","M","Import","450","MDG","Madagascar","0","W00","World","H6","HS","true","TOTAL","All Commodities","0","false","C00","TOTAL CPC","0","0","TOTAL MOT","-1","N/A","0","false","-1","N/A","0","false","0","false","0","false","106147.805",,"106147.805","0","false","true",
"C","A","20220101","2022","52","2022","120","CMR","Cameroon","M","Import","454","MWI","Malawi","0","W00","World","H6","HS","true","TOTAL","All Commodities","0","false","C00","TOTAL CPC","0","0","TOTAL MOT","-1","N/A","0","false","-1","N/A","0","false","0","false","0","false","55630.837",,"55630.837","0","false","true",
"C","A","20220101","2022","52","2022","120","CMR","Cameroon","M","Import","458","MYS","Malaysia","0","W00","World","H6","HS","true","TOTAL","All Commodities","0","false","C00","TOTAL CPC","0","0","TOTAL MOT","-1","N/A","0","false","-1","N/A","0","false","0","false","0","false","196857653.589",,"196857653.589","0","false","true",
"C","A","20220101","2022","52","2022","120","CMR","Cameroon","M","Import","462","MDV","Maldives","0","W00","World","H6","HS","true","TOTAL","All Commodities","0","false","C00","TOTAL CPC","0","0","TOTAL MOT","-1","N/A","0","false","-1","N/A","0","false","0","false","0","false","46",,"46","0","false","true",
"C","A","20220101","2022","52","2022","120","CMR","Cameroon","M","Import","466","MLI","Mali","0","W00","World","H6","HS","true","TOTAL","All Commodities","0","false","C00","TOTAL CPC","0","0","TOTAL MOT","-1","N/A","0","false","-1","N/A","0","false","0","false","0","false","7288.636",,"7288.636","0","false","true",
"C","A","20220101","2022","52","2022","120","CMR","Cameroon","M","Import","470","MLT","Malta","0","W00","World","H6","HS","true","TOTAL","All Commodities","0","false","C00","TOTAL CPC","0","0","TOTAL MOT","-1","N/A","0","false","-1","N/A","0","false","0","false","0","false","1140858.213",,"1140858.213","0","false","true",
"C","A","20220101","2022","52","2022","120","CMR","Cameroon","M","Import","478","MRT","Mauritania","0","W00","World","H6","HS","true","TOTAL","All Commodities","0","false","C00","TOTAL CPC","0","0","TOTAL MOT","-1","N/A","0","false","-1","N/A","0","false",,"false","0","false","56959669.761",,"56959669.761","0","false","true",
"C","A","20220101","2022","52","2022","120","CMR","Cameroon","M","Import","480","MUS","Mauritius","0","W00","World","H6","HS","true","TOTAL","All Commodities","0","false","C00","TOTAL CPC","0","0","TOTAL MOT","-1","N/A","0","false","-1","N/A","0","false","0","false","0","false","1509475.741",,"1509475.741","0","false","true",
"C","A","20220101","2022","52","2022","120","CMR","Cameroon","M","Import","484","MEX","Mexico","0","W00","World","H6","HS","true","TOTAL","All Commodities","0","false","C00","TOTAL CPC","0","0","TOTAL MOT","-1","N/A","0","false","-1","N/A","0","false","0","false","0","false","15920215.644",,"15920215.644","0","false","true",
"C","A","20220101","2022","52","2022","120","CMR","Cameroon","M","Import","490","S19","Other Asia, nes","0","W00","World","H6","HS","true","TOTAL","All Commodities","0","false","C00","TOTAL CPC","0","0","TOTAL MOT","-1","N/A","0","false","-1","N/A","0","false","0","true","0","false","67260859.139",,"67260859.139","4","false","true",
"C","A","20220101","2022","52","2022","120","CMR","Cameroon","M","Import","498","MDA","Rep. of Moldova","0","W00","World","H6","HS","true","TOTAL","All Commodities","0","false","C00","TOTAL CPC","0","0","TOTAL MOT","-1","N/A","0","false","-1","N/A","0","false","0","false","0","false","2064.162",,"2064.162","0","false","true",
"C","A","20220101","2022","52","2022","120","CMR","Cameroon","M","Import","499","MNE","Montenegro","0","W00","World","H6","HS","true","TOTAL","All Commodities","0","false","C00","TOTAL CPC","0","0","TOTAL MOT","-1","N/A","0","false","-1","N/A","0","false","0","false","0","false","203.006",,"203.006","0","false","true",
"C","A","20220101","2022","52","2022","120","CMR","Cameroon","M","Import","504","MAR","Morocco","0","W00","World","H6","HS","true","TOTAL","All Commodities","0","false","C00","TOTAL CPC","0","0","TOTAL MOT","-1","N/A","0","false","-1","N/A","0","false","0","false","0","false","113805125.825",,"113805125.825","0","false","true",
"C","A","20220101","2022","52","2022","120","CMR","Cameroon","M","Import","508","MOZ","Mozambique","0","W00","World","H6","HS","true","TOTAL","All Commodities","0","false","C00","TOTAL CPC","0","0","TOTAL MOT","-1","N/A","0","false","-1","N/A","0","false","0","false","0","false","729.091",,"729.091","0","false","true",
"C","A","20220101","2022","52","2022","120","CMR","Cameroon","M","Import","512","OMN","Oman","0","W00","World","H6","HS","true","TOTAL","All Commodities","0","false","C00","TOTAL CPC","0","0","TOTAL MOT","-1","N/A","0","false","-1","N/A","0","false","0","false","0","false","64753836.9",,"64753836.9","0","false","true",
"C","A","20220101","2022","52","2022","120","CMR","Cameroon","M","Import","520","NRU","Naoero","0","W00","World","H6","HS","true","TOTAL","All Commodities","0","false","C00","TOTAL CPC","0","0","TOTAL MOT","-1","N/A","0","false","-1","N/A","0","false","0","false","0","false","1582.524",,"1582.524","0","false","true",
"C","A","20220101","2022","52","2022","120","CMR","Cameroon","M","Import","524","NPL","Nepal","0","W00","World","H6","HS","true","TOTAL","All Commodities","0","false","C00","TOTAL CPC","0","0","TOTAL MOT","-1","N/A","0","false","-1","N/A","0","false","0","false","0","false","1284.822",,"1284.822","0","false","true",
"C","A","20220101","2022","52","2022","120","CMR","Cameroon","M","Import","528","NLD","Netherlands","0","W00","World","H6","HS","true","TOTAL","All Commodities","0","false","C00","TOTAL CPC","0","0","TOTAL MOT","-1","N/A","0","false","-1","N/A","0","false","0","true","0","false","287327775.517",,"287327775.517","4","false","true",
"C","A","20220101","2022","52","2022","120","CMR","Cameroon","M","Import","540","NCL","New Caledonia","0","W00","World","H6","HS","true","TOTAL","All Commodities","0","false","C00","TOTAL CPC","0","0","TOTAL MOT","-1","N/A","0","false","-1","N/A","0","false","0","false","0","false","21372.043",,"21372.043","0","false","true",
"C","A","20220101","2022","52","2022","120","CMR","Cameroon","M","Import","554","NZL","New Zealand","0","W00","World","H6","HS","true","TOTAL","All Commodities","0","false","C00","TOTAL CPC","0","0","TOTAL MOT","-1","N/A","0","false","-1","N/A","0","false","0","false","0","false","25075496.343",,"25075496.343","0","false","true",
"C","A","20220101","2022","52","2022","120","CMR","Cameroon","M","Import","562","NER","Niger","0","W00","World","H6","HS","true","TOTAL","All Commodities","0","false","C00","TOTAL CPC","0","0","TOTAL MOT","-1","N/A","0","false","-1","N/A","0","false","0","false","0","false","1685.669",,"1685.669","0","false","true",
"C","A","20220101","2022","52","2022","120","CMR","Cameroon","M","Import","566","NGA","Nigeria","0","W00","World","H6","HS","true","TOTAL","All Commodities","0","false","C00","TOTAL CPC","0","0","TOTAL MOT","-1","N/A","0","false","-1","N/A","0","false","0","true","0","false","70602539.546",,"70602539.546","4","false","true",
"C","A","20220101","2022","52","2022","120","CMR","Cameroon","M","Import","579","NOR","Norway","0","W00","World","H6","HS","true","TOTAL","All Commodities","0","false","C00","TOTAL CPC","0","0","TOTAL MOT","-1","N/A","0","false","-1","N/A","0","false","0","false","0","false","105969562.047",,"105969562.047","0","false","true",
"C","A","20220101","2022","52","2022","120","CMR","Cameroon","M","Import","585","PLW","Palau","0","W00","World","H6","HS","true","TOTAL","All Commodities","0","false","C00","TOTAL CPC","0","0","TOTAL MOT","-1","N/A","0","false","-1","N/A","0","false","0","false","0","false","7070.428",,"7070.428","0","false","true",
"C","A","20220101","2022","52","2022","120","CMR","Cameroon","M","Import","586","PAK","Pakistan","0","W00","World","H6","HS","true","TOTAL","All Commodities","0","false","C00","TOTAL CPC","0","0","TOTAL MOT","-1","N/A","0","false","-1","N/A","0","false","0","true","0","false","8140884.581",,"8140884.581","4","false","true",
"C","A","20220101","2022","52","2022","120","CMR","Cameroon","M","Import","591","PAN","Panama","0","W00","World","H6","HS","true","TOTAL","All Commodities","0","false","C00","TOTAL CPC","0","0","TOTAL MOT","-1","N/A","0","false","-1","N/A","0","false","0","false","0","false","1728.276",,"1728.276","0","false","true",
"C","A","20220101","2022","52","2022","120","CMR","Cameroon","M","Import","600","PRY","Paraguay","0","W00","World","H6","HS","true","TOTAL","All Commodities","0","false","C00","TOTAL CPC","0","0","TOTAL MOT","-1","N/A","0","false","-1","N/A","0","false","0","false","0","false","1624764.382",,"1624764.382","0","false","true",
"C","A","20220101","2022","52","2022","120","CMR","Cameroon","M","Import","604","PER","Peru","0","W00","World","H6","HS","true","TOTAL","All Commodities","0","false","C00","TOTAL CPC","0","0","TOTAL MOT","-1","N/A","0","false","-1","N/A","0","false","0","false","0","false","18236088.744",,"18236088.744","0","false","true",
"C","A","20220101","2022","52","2022","120","CMR","Cameroon","M","Import","608","PHL","Philippines","0","W00","World","H6","HS","true","TOTAL","All Commodities","0","false","C00","TOTAL CPC","0","0","TOTAL MOT","-1","N/A","0","false","-1","N/A","0","false","0","false","0","false","4373546.283",,"4373546.283","0","false","true",
"C","A","20220101","2022","52","2022","120","CMR","Cameroon","M","Import","612","PCN","Pitcairn","0","W00","World","H6","HS","true","TOTAL","All Commodities","0","false","C00","TOTAL CPC","0","0","TOTAL MOT","-1","N/A","0","false","-1","N/A","0","false","0","false","0","false","48.022",,"48.022","0","false","true",
"C","A","20220101","2022","52","2022","120","CMR","Cameroon","M","Import","616","POL","Poland","0","W00","World","H6","HS","true","TOTAL","All Commodities","0","false","C00","TOTAL CPC","0","0","TOTAL MOT","-1","N/A","0","false","-1","N/A","0","false","0","true","0","false","93616855.329",,"93616855.329","4","false","true",
"C","A","20220101","2022","52","2022","120","CMR","Cameroon","M","Import","620","PRT","Portugal","0","W00","World","H6","HS","true","TOTAL","All Commodities","0","false","C00","TOTAL CPC","0","0","TOTAL MOT","-1","N/A","0","false","-1","N/A","0","false","0","true","0","false","49149310.108",,"49149310.108","4","false","true",
"C","A","20220101","2022","52","2022","120","CMR","Cameroon","M","Import","624","GNB","Guinea-Bissau","0","W00","World","H6","HS","true","TOTAL","All Commodities","0","false","C00","TOTAL CPC","0","0","TOTAL MOT","-1","N/A","0","false","-1","N/A","0","false","0","false","0","false","258320.976",,"258320.976","0","false","true",
"C","A","20220101","2022","52","2022","120","CMR","Cameroon","M","Import","634","QAT","Qatar","0","W00","World","H6","HS","true","TOTAL","All Commodities","0","false","C00","TOTAL CPC","0","0","TOTAL MOT","-1","N/A","0","false","-1","N/A","0","false","0","false","0","false","7324940.315",,"7324940.315","0","false","true",
"C","A","20220101","2022","52","2022","120","CMR","Cameroon","M","Import","642","ROU","Romania","0","W00","World","H6","HS","true","TOTAL","All Commodities","0","false","C00","TOTAL CPC","0","0","TOTAL MOT","-1","N/A","0","false","-1","N/A","0","false","0","false","0","false","5811258.058",,"5811258.058","0","false","true",
"C","A","20220101","2022","52","2022","120","CMR","Cameroon","M","Import","643","RUS","Russian Federation","0","W00","World","H6","HS","true","TOTAL","All Commodities","0","false","C00","TOTAL CPC","0","0","TOTAL MOT","-1","N/A","0","false","-1","N/A","0","false","0","false","0","false","196672751.355",,"196672751.355","0","false","true",
"C","A","20220101","2022","52","2022","120","CMR","Cameroon","M","Import","646","RWA","Rwanda","0","W00","World","H6","HS","true","TOTAL","All Commodities","0","false","C00","TOTAL CPC","0","0","TOTAL MOT","-1","N/A","0","false","-1","N/A","0","false","0","false","0","false","47240.939",,"47240.939","0","false","true",
"C","A","20220101","2022","52","2022","120","CMR","Cameroon","M","Import","652","BLM","Saint Barthélemy","0","W00","World","H6","HS","true","TOTAL","All Commodities","0","false","C00","TOTAL CPC","0","0","TOTAL MOT","-1","N/A","0","false","-1","N/A","0","false","0","false","0","false","2937.935",,"2937.935","0","false","true",
"C","A","20220101","2022","52","2022","120","CMR","Cameroon","M","Import","654","SHN","Saint Helena","0","W00","World","H6","HS","true","TOTAL","All Commodities","0","false","C00","TOTAL CPC","0","0","TOTAL MOT","-1","N/A","0","false","-1","N/A","0","false","0","false","0","false","41731.338",,"41731.338","0","false","true",
"C","A","20220101","2022","52","2022","120","CMR","Cameroon","M","Import","660","AIA","Anguilla","0","W00","World","H6","HS","true","TOTAL","All Commodities","0","false","C00","TOTAL CPC","0","0","TOTAL MOT","-1","N/A","0","false","-1","N/A","0","false","0","false","0","false","175.923",,"175.923","0","false","true",
"C","A","20220101","2022","52","2022","120","CMR","Cameroon","M","Import","662","LCA","Saint Lucia","0","W00","World","H6","HS","true","TOTAL","All Commodities","0","false","C00","TOTAL CPC","0","0","TOTAL MOT","-1","N/A","0","false","-1","N/A","0","false","0","false","0","false","6013.379",,"6013.379","0","false","true",
"C","A","20220101","2022","52","2022","120","CMR","Cameroon","M","Import","674","SMR","San Marino","0","W00","World","H6","HS","true","TOTAL","All Commodities","0","false","C00","TOTAL CPC","0","0","TOTAL MOT","-1","N/A","0","false","-1","N/A","0","false","0","false","0","false","1749.537",,"1749.537","0","false","true",
"C","A","20220101","2022","52","2022","120","CMR","Cameroon","M","Import","678","STP","Sao Tome and Principe","0","W00","World","H6","HS","true","TOTAL","All Commodities","0","false","C00","TOTAL CPC","0","0","TOTAL MOT","-1","N/A","0","false","-1","N/A","0","false","0","false","0","false","1078280.42",,"1078280.42","0","false","true",
"C","A","20220101","2022","52","2022","120","CMR","Cameroon","M","Import","682","SAU","Saudi Arabia","0","W00","World","H6","HS","true","TOTAL","All Commodities","0","false","C00","TOTAL CPC","0","0","TOTAL MOT","-1","N/A","0","false","-1","N/A","0","false","0","false","0","false","25645510.338",,"25645510.338","0","false","true",
"C","A","20220101","2022","52","2022","120","CMR","Cameroon","M","Import","686","SEN","Senegal","0","W00","World","H6","HS","true","TOTAL","All Commodities","0","false","C00","TOTAL CPC","0","0","TOTAL MOT","-1","N/A","0","false","-1","N/A","0","false","0","false","0","false","24305405.466",,"24305405.466","0","false","true",
"C","A","20220101","2022","52","2022","120","CMR","Cameroon","M","Import","688","SRB","Serbia","0","W00","World","H6","HS","true","TOTAL","All Commodities","0","false","C00","TOTAL CPC","0","0","TOTAL MOT","-1","N/A","0","false","-1","N/A","0","false","0","false","0","false","2045385.072",,"2045385.072","0","false","true",
"C","A","20220101","2022","52","2022","120","CMR","Cameroon","M","Import","690","SYC","Seychelles","0","W00","World","H6","HS","true","TOTAL","All Commodities","0","false","C00","TOTAL CPC","0","0","TOTAL MOT","-1","N/A","0","false","-1","N/A","0","false","0","false","0","false","2027.391",,"2027.391","0","false","true",
"C","A","20220101","2022","52","2022","120","CMR","Cameroon","M","Import","694","SLE","Sierra Leone","0","W00","World","H6","HS","true","TOTAL","All Commodities","0","false","C00","TOTAL CPC","0","0","TOTAL MOT","-1","N/A","0","false","-1","N/A","0","false","0","false","0","false","2142543.927",,"2142543.927","0","false","true",
"C","A","20220101","2022","52","2022","120","CMR","Cameroon","M","Import","699","IND","India","0","W00","World","H6","HS","true","TOTAL","All Commodities","0","false","C00","TOTAL CPC","0","0","TOTAL MOT","-1","N/A","0","false","-1","N/A","0","false",,"false","0","false","855695231.966",,"855695231.966","0","false","true",
"C","A","20220101","2022","52","2022","120","CMR","Cameroon","M","Import","702","SGP","Singapore","0","W00","World","H6","HS","true","TOTAL","All Commodities","0","false","C00","TOTAL CPC","0","0","TOTAL MOT","-1","N/A","0","false","-1","N/A","0","false","0","false","0","false","110682065.59",,"110682065.59","0","false","true",
"C","A","20220101","2022","52","2022","120","CMR","Cameroon","M","Import","703","SVK","Slovakia","0","W00","World","H6","HS","true","TOTAL","All Commodities","0","false","C00","TOTAL CPC","0","0","TOTAL MOT","-1","N/A","0","false","-1","N/A","0","false","0","false","0","false","2317626.501",,"2317626.501","0","false","true",
"C","A","20220101","2022","52","2022","120","CMR","Cameroon","M","Import","704","VNM","Viet Nam","0","W00","World","H6","HS","true","TOTAL","All Commodities","0","false","C00","TOTAL CPC","0","0","TOTAL MOT","-1","N/A","0","false","-1","N/A","0","false","0","true","0","false","32094490.413",,"32094490.413","4","false","true",
"C","A","20220101","2022","52","2022","120","CMR","Cameroon","M","Import","705","SVN","Slovenia","0","W00","World","H6","HS","true","TOTAL","All Commodities","0","false","C00","TOTAL CPC","0","0","TOTAL MOT","-1","N/A","0","false","-1","N/A","0","false","0","true","0","false","4519808.092",,"4519808.092","4","false","true",
"C","A","20220101","2022","52","2022","120","CMR","Cameroon","M","Import","710","ZAF","South Africa","0","W00","World","H6","HS","true","TOTAL","All Commodities","0","false","C00","TOTAL CPC","0","0","TOTAL MOT","-1","N/A","0","false","-1","N/A","0","false","0","true","0","false","71902641.327",,"71902641.327","4","false","true",
"C","A","20220101","2022","52","2022","120","CMR","Cameroon","M","Import","716","ZWE","Zimbabwe","0","W00","World","H6","HS","true","TOTAL","All Commodities","0","false","C00","TOTAL CPC","0","0","TOTAL MOT","-1","N/A","0","false","-1","N/A","0","false","0","false","0","false","3780.179",,"3780.179","0","false","true",
"C","A","20220101","2022","52","2022","120","CMR","Cameroon","M","Import","724","ESP","Spain","0","W00","World","H6","HS","true","TOTAL","All Commodities","0","false","C00","TOTAL CPC","0","0","TOTAL MOT","-1","N/A","0","false","-1","N/A","0","false","0","false","0","false","159680001.611",,"159680001.611","0","false","true",
"C","A","20220101","2022","52","2022","120","CMR","Cameroon","M","Import","728","SSD","South Sudan","0","W00","World","H6","HS","true","TOTAL","All Commodities","0","false","C00","TOTAL CPC","0","0","TOTAL MOT","-1","N/A","0","false","-1","N/A","0","false","0","false","0","false","152.038",,"152.038","0","false","true",
"C","A","20220101","2022","52","2022","120","CMR","Cameroon","M","Import","729","SDN","Sudan","0","W00","World","H6","HS","true","TOTAL","All Commodities","0","false","C00","TOTAL CPC","0","0","TOTAL MOT","-1","N/A","0","false","-1","N/A","0","false","0","false","0","false","7054.415",,"7054.415","0","false","true",
"C","A","20220101","2022","52","2022","120","CMR","Cameroon","M","Import","740","SUR","Suriname","0","W00","World","H6","HS","true","TOTAL","All Commodities","0","false","C00","TOTAL CPC","0","0","TOTAL MOT","-1","N/A","0","false","-1","N/A","0","false","0","false","0","false","1461.031",,"1461.031","0","false","true",
"C","A","20220101","2022","52","2022","120","CMR","Cameroon","M","Import","748","SWZ","Eswatini","0","W00","World","H6","HS","true","TOTAL","All Commodities","0","false","C00","TOTAL CPC","0","0","TOTAL MOT","-1","N/A","0","false","-1","N/A","0","false","0","false","0","false","172727.217",,"172727.217","0","false","true",
"C","A","20220101","2022","52","2022","120","CMR","Cameroon","M","Import","752","SWE","Sweden","0","W00","World","H6","HS","true","TOTAL","All Commodities","0","false","C00","TOTAL CPC","0","0","TOTAL MOT","-1","N/A","0","false","-1","N/A","0","false","0","true","0","false","17961976.52",,"17961976.52","4","false","true",
"C","A","20220101","2022","52","2022","120","CMR","Cameroon","M","Import","757","CHE","Switzerland","0","W00","World","H6","HS","true","TOTAL","All Commodities","0","false","C00","TOTAL CPC","0","0","TOTAL MOT","-1","N/A","0","false","-1","N/A","0","false","0","true","0","false","24034873.889",,"24034873.889","4","false","true",
"C","A","20220101","2022","52","2022","120","CMR","Cameroon","M","Import","760","SYR","Syria","0","W00","World","H6","HS","true","TOTAL","All Commodities","0","false","C00","TOTAL CPC","0","0","TOTAL MOT","-1","N/A","0","false","-1","N/A","0","false","0","false","0","false","8820.851",,"8820.851","0","false","true",
"C","A","20220101","2022","52","2022","120","CMR","Cameroon","M","Import","762","TJK","Tajikistan","0","W00","World","H6","HS","true","TOTAL","All Commodities","0","false","C00","TOTAL CPC","0","0","TOTAL MOT","-1","N/A","0","false","-1","N/A","0","false","0","false","0","false","30.559",,"30.559","0","false","true",
"C","A","20220101","2022","52","2022","120","CMR","Cameroon","M","Import","764","THA","Thailand","0","W00","World","H6","HS","true","TOTAL","All Commodities","0","false","C00","TOTAL CPC","0","0","TOTAL MOT","-1","N/A","0","false","-1","N/A","0","false","0","true","0","false","172528229.512",,"172528229.512","4","false","true",
"C","A","20220101","2022","52","2022","120","CMR","Cameroon","M","Import","768","TGO","Togo","0","W00","World","H6","HS","true","TOTAL","All Commodities","0","false","C00","TOTAL CPC","0","0","TOTAL MOT","-1","N/A","0","false","-1","N/A","0","false","0","false","0","false","9030220.89",,"9030220.89","0","false","true",
"C","A","20220101","2022","52","2022","120","CMR","Cameroon","M","Import","772","TKL","Tokelau","0","W00","World","H6","HS","true","TOTAL","All Commodities","0","false","C00","TOTAL CPC","0","0","TOTAL MOT","-1","N/A","0","false","-1","N/A","0","false","0","false","0","false","18203.678",,"18203.678","0","false","true",
"C","A","20220101","2022","52","2022","120","CMR","Cameroon","M","Import","780","TTO","Trinidad and Tobago","0","W00","World","H6","HS","true","TOTAL","All Commodities","0","false","C00","TOTAL CPC","0","0","TOTAL MOT","-1","N/A","0","false","-1","N/A","0","false","0","false","0","false","44261.471",,"44261.471","0","false","true",
"C","A","20220101","2022","52","2022","120","CMR","Cameroon","M","Import","784","ARE","United Arab Emirates","0","W00","World","H6","HS","true","TOTAL","All Commodities","0","false","C00","TOTAL CPC","0","0","TOTAL MOT","-1","N/A","0","false","-1","N/A","0","false","0","true","0","false","176040535.897",,"176040535.897","4","false","true",
"C","A","20220101","2022","52","2022","120","CMR","Cameroon","M","Import","788","TUN","Tunisia","0","W00","World","H6","HS","true","TOTAL","All Commodities","0","false","C00","TOTAL CPC","0","0","TOTAL MOT","-1","N/A","0","false","-1","N/A","0","false","0","false","0","false","32418413.074",,"32418413.074","0","false","true",
"C","A","20220101","2022","52","2022","120","CMR","Cameroon","M","Import","792","TUR","Türkiye","0","W00","World","H6","HS","true","TOTAL","All Commodities","0","false","C00","TOTAL CPC","0","0","TOTAL MOT","-1","N/A","0","false","-1","N/A","0","false","0","true","0","false","227566795.268",,"227566795.268","4","false","true",
"C","A","20220101","2022","52","2022","120","CMR","Cameroon","M","Import","796","TCA","Turks and Caicos Isds","0","W00","World","H6","HS","true","TOTAL","All Commodities","0","false","C00","TOTAL CPC","0","0","TOTAL MOT","-1","N/A","0","false","-1","N/A","0","false","0","false","0","false","6170.883",,"6170.883","0","false","true",
"C","A","20220101","2022","52","2022","120","CMR","Cameroon","M","Import","800","UGA","Uganda","0","W00","World","H6","HS","true","TOTAL","All Commodities","0","false","C00","TOTAL CPC","0","0","TOTAL MOT","-1","N/A","0","false","-1","N/A","0","false","0","false","0","false","16978.499",,"16978.499","0","false","true",
"C","A","20220101","2022","52","2022","120","CMR","Cameroon","M","Import","804","UKR","Ukraine","0","W00","World","H6","HS","true","TOTAL","All Commodities","0","false","C00","TOTAL CPC","0","0","TOTAL MOT","-1","N/A","0","false","-1","N/A","0","false","0","false","0","false","125502655.514",,"125502655.514","0","false","true",
"C","A","20220101","2022","52","2022","120","CMR","Cameroon","M","Import","807","MKD","North Macedonia","0","W00","World","H6","HS","true","TOTAL","All Commodities","0","false","C00","TOTAL CPC","0","0","TOTAL MOT","-1","N/A","0","false","-1","N/A","0","false","0","false","0","false","233130.181",,"233130.181","0","false","true",
"C","A","20220101","2022","52","2022","120","CMR","Cameroon","M","Import","818","EGY","Egypt","0","W00","World","H6","HS","true","TOTAL","All Commodities","0","false","C00","TOTAL CPC","0","0","TOTAL MOT","-1","N/A","0","false","-1","N/A","0","false","0","true","0","false","84061455.944",,"84061455.944","4","false","true",
"C","A","20220101","2022","52","2022","120","CMR","Cameroon","M","Import","826","GBR","United Kingdom","0","W00","World","H6","HS","true","TOTAL","All Commodities","0","false","C00","TOTAL CPC","0","0","TOTAL MOT","-1","N/A","0","false","-1","N/A","0","false","0","true","0","false","65364899.383",,"65364899.383","4","false","true",
"C","A","20220101","2022","52","2022","120","CMR","Cameroon","M","Import","834","TZA","United Rep. of Tanzania","0","W00","World","H6","HS","true","TOTAL","All Commodities","0","false","C00","TOTAL CPC","0","0","TOTAL MOT","-1","N/A","0","false","-1","N/A","0","false","0","false","0","false","2698990.63",,"2698990.63","0","false","true",
"C","A","20220101","2022","52","2022","120","CMR","Cameroon","M","Import","842","USA","USA","0","W00","World","H6","HS","true","TOTAL","All Commodities","0","false","C00","TOTAL CPC","0","0","TOTAL MOT","-1","N/A","0","false","-1","N/A","0","false","0","true","0","false","252362476.564",,"252362476.564","4","false","true",
"C","A","20220101","2022","52","2022","120","CMR","Cameroon","M","Import","854","BFA","Burkina Faso","0","W00","World","H6","HS","true","TOTAL","All Commodities","0","false","C00","TOTAL CPC","0","0","TOTAL MOT","-1","N/A","0","false","-1","N/A","0","false","0","true","0","false","68381.031",,"68381.031","4","false","true",
"C","A","20220101","2022","52","2022","120","CMR","Cameroon","M","Import","858","URY","Uruguay","0","W00","World","H6","HS","true","TOTAL","All Commodities","0","false","C00","TOTAL CPC","0","0","TOTAL MOT","-1","N/A","0","false","-1","N/A","0","false","0","false","0","false","30603225.662",,"30603225.662","0","false","true",
"C","A","20220101","2022","52","2022","120","CMR","Cameroon","M","Import","860","UZB","Uzbekistan","0","W00","World","H6","HS","true","TOTAL","All Commodities","0","false","C00","TOTAL CPC","0","0","TOTAL MOT","-1","N/A","0","false","-1","N/A","0","false","0","false","0","false","124.359",,"124.359","0","false","true",
"C","A","20220101","2022","52","2022","120","CMR","Cameroon","M","Import","862","VEN","Venezuela","0","W00","World","H6","HS","true","TOTAL","All Commodities","0","false","C00","TOTAL CPC","0","0","TOTAL MOT","-1","N/A","0","false","-1","N/A","0","false","0","false","0","false","751.493",,"751.493","0","false","true",
"C","A","20220101","2022","52","2022","120","CMR","Cameroon","M","Import","887","YEM","Yemen","0","W00","World","H6","HS","true","TOTAL","All Commodities","0","false","C00","TOTAL CPC","0","0","TOTAL MOT","-1","N/A","0","false","-1","N/A","0","false","0","false","0","false","1248553.799",,"1248553.799","0","false","true",
"C","A","20220101","2022","52","2022","120","CMR","Cameroon","M","Import","894","ZMB","Zambia","0","W00","World","H6","HS","true","TOTAL","All Commodities","0","false","C00","TOTAL CPC","0","0","TOTAL MOT","-1","N/A","0","false","-1","N/A","0","false","0","false","0","false","410618.572",,"410618.572","0","false","true",
"C","A","20220101","2022","52","2022","120","CMR","Cameroon","M","Import","899","_X ","Areas, nes","0","W00","World","H6","HS","true","TOTAL","All Commodities","0","false","C00","TOTAL CPC","0","0","TOTAL MOT","-1","N/A","0","false","-1","N/A","0","false","0","true","0","false","12780617.772",,"12780617.772","4","false","true",
"C","A","20220101","2022","52","2022","120","CMR","Cameroon","X","Export","0","W00","World","0","W00","World","H6","HS","true","TOTAL","All Commodities","0","false","C00","TOTAL CPC","0","0","TOTAL MOT","-1","N/A","0","false","-1","N/A","0","false",,"false","0","false",,"5622985686.322","5622985686.322","0","false","true",
"C","A","20220101","2022","52","2022","120","CMR","Cameroon","X","Export","8","ALB","Albania","0","W00","World","H6","HS","true","TOTAL","All Commodities","0","false","C00","TOTAL CPC","0","0","TOTAL MOT","-1","N/A","0","false","-1","N/A","0","false","0","false","0","false",,"162163.666","162163.666","0","false","true",
"C","A","20220101","2022","52","2022","120","CMR","Cameroon","X","Export","12","DZA","Algeria","0","W00","World","H6","HS","true","TOTAL","All Commodities","0","false","C00","TOTAL CPC","0","0","TOTAL MOT","-1","N/A","0","false","-1","N/A","0","false","0","false","0","false",,"5311726.299","5311726.299","0","false","true",
"C","A","20220101","2022","52","2022","120","CMR","Cameroon","X","Export","24","AGO","Angola","0","W00","World","H6","HS","true","TOTAL","All Commodities","0","false","C00","TOTAL CPC","0","0","TOTAL MOT","-1","N/A","0","false","-1","N/A","0","false","0","false","0","false",,"1329533.218","1329533.218","0","false","true",
"C","A","20220101","2022","52","2022","120","CMR","Cameroon","X","Export","36","AUS","Australia","0","W00","World","H6","HS","true","TOTAL","All Commodities","0","false","C00","TOTAL CPC","0","0","TOTAL MOT","-1","N/A","0","false","-1","N/A","0","false","0","false","0","false",,"102488.64","102488.64","0","false","true",
"C","A","20220101","2022","52","2022","120","CMR","Cameroon","X","Export","40","AUT","Austria","0","W00","World","H6","HS","true","TOTAL","All Commodities","0","false","C00","TOTAL CPC","0","0","TOTAL MOT","-1","N/A","0","false","-1","N/A","0","false","0","false","0","false",,"972509.712","972509.712","0","false","true",
"C","A","20220101","2022","52","2022","120","CMR","Cameroon","X","Export","50","BGD","Bangladesh","0","W00","World","H6","HS","true","TOTAL","All Commodities","0","false","C00","TOTAL CPC","0","0","TOTAL MOT","-1","N/A","0","false","-1","N/A","0","false","0","false","0","false",,"200673916.793","200673916.793","0","false","true",
"C","A","20220101","2022","52","2022","120","CMR","Cameroon","X","Export","51","ARM","Armenia","0","W00","World","H6","HS","true","TOTAL","All Commodities","0","false","C00","TOTAL CPC","0","0","TOTAL MOT","-1","N/A","0","false","-1","N/A","0","false","0","false","0","false",,"41413.981","41413.981","0","false","true",
"C","A","20220101","2022","52","2022","120","CMR","Cameroon","X","Export","56","BEL","Belgium","0","W00","World","H6","HS","true","TOTAL","All Commodities","0","false","C00","TOTAL CPC","0","0","TOTAL MOT","-1","N/A","0","false","-1","N/A","0","false","0","false","0","false",,"215087682.148","215087682.148","0","false","true",
"C","A","20220101","2022","52","2022","120","CMR","Cameroon","X","Export","76","BRA","Brazil","0","W00","World","H6","HS","true","TOTAL","All Commodities","0","false","C00","TOTAL CPC","0","0","TOTAL MOT","-1","N/A","0","false","-1","N/A","0","false","0","false","0","false",,"988486.083","988486.083","0","false","true",
"C","A","20220101","2022","52","2022","120","CMR","Cameroon","X","Export","100","BGR","Bulgaria","0","W00","World","H6","HS","true","TOTAL","All Commodities","0","false","C00","TOTAL CPC","0","0","TOTAL MOT","-1","N/A","0","false","-1","N/A","0","false","0","false","0","false",,"272662.377","272662.377","0","false","true",
"C","A","20220101","2022","52","2022","120","CMR","Cameroon","X","Export","108","BDI","Burundi","0","W00","World","H6","HS","true","TOTAL","All Commodities","0","false","C00","TOTAL CPC","0","0","TOTAL MOT","-1","N/A","0","false","-1","N/A","0","false","0","false","0","false",,"122313.824","122313.824","0","false","true",
"C","A","20220101","2022","52","2022","120","CMR","Cameroon","X","Export","124","CAN","Canada","0","W00","World","H6","HS","true","TOTAL","All Commodities","0","false","C00","TOTAL CPC","0","0","TOTAL MOT","-1","N/A","0","false","-1","N/A","0","false","0","false","0","false",,"2541450.089","2541450.089","0","false","true",
"C","A","20220101","2022","52","2022","120","CMR","Cameroon","X","Export","132","CPV","Cabo Verde","0","W00","World","H6","HS","true","TOTAL","All Commodities","0","false","C00","TOTAL CPC","0","0","TOTAL MOT","-1","N/A","0","false","-1","N/A","0","false","0","false","0","false",,"219488.126","219488.126","0","false","true",
"C","A","20220101","2022","52","2022","120","CMR","Cameroon","X","Export","140","CAF","Central African Rep.","0","W00","World","H6","HS","true","TOTAL","All Commodities","0","false","C00","TOTAL CPC","0","0","TOTAL MOT","-1","N/A","0","false","-1","N/A","0","false","0","true","0","false",,"72305180.792","72305180.792","4","false","true",
"C","A","20220101","2022","52","2022","120","CMR","Cameroon","X","Export","148","TCD","Chad","0","W00","World","H6","HS","true","TOTAL","All Commodities","0","false","C00","TOTAL CPC","0","0","TOTAL MOT","-1","N/A","0","false","-1","N/A","0","false","0","true","0","false",,"184510783.406","184510783.406","4","false","true",
"C","A","20220101","2022","52","2022","120","CMR","Cameroon","X","Export","156","CHN","China","0","W00","World","H6","HS","true","TOTAL","All Commodities","0","false","C00","TOTAL CPC","0","0","TOTAL MOT","-1","N/A","0","false","-1","N/A","0","false","0","false","0","false",,"279580070.98","279580070.98","0","false","true",
"C","A","20220101","2022","52","2022","120","CMR","Cameroon","X","Export","170","COL","Colombia","0","W00","World","H6","HS","true","TOTAL","All Commodities","0","false","C00","TOTAL CPC","0","0","TOTAL MOT","-1","N/A","0","false","-1","N/A","0","false","0","false","0","false",,"576662.26","576662.26","0","false","true",
"C","A","20220101","2022","52","2022","120","CMR","Cameroon","X","Export","174","COM","Comoros","0","W00","World","H6","HS","true","TOTAL","All Commodities","0","false","C00","TOTAL CPC","0","0","TOTAL MOT","-1","N/A","0","false","-1","N/A","0","false","0","false","0","false",,"26535.776","26535.776","0","false","true",
"C","A","20220101","2022","52","2022","120","CMR","Cameroon","X","Export","178","COG","Congo","0","W00","World","H6","HS","true","TOTAL","All Commodities","0","false","C00","TOTAL CPC","0","0","TOTAL MOT","-1","N/A","0","false","-1","N/A","0","false","0","true","0","false",,"23408126.506","23408126.506","4","false","true",
"C","A","20220101","2022","52","2022","120","CMR","Cameroon","X","Export","180","COD","Dem. Rep. of the Congo","0","W00","World","H6","HS","true","TOTAL","All Commodities","0","false","C00","TOTAL CPC","0","0","TOTAL MOT","-1","N/A","0","false","-1","N/A","0","false","0","false","0","false",,"4977064.306","4977064.306","0","false","true",
"C","A","20220101","2022","52","2022","120","CMR","Cameroon","X","Export","191","HRV","Croatia","0","W00","World","H6","HS","true","TOTAL","All Commodities","0","false","C00","TOTAL CPC","0","0","TOTAL MOT","-1","N/A","0","false","-1","N/A","0","false","0","false","0","false",,"205836.256","205836.256","0","false","true",
"C","A","20220101","2022","52","2022","120","CMR","Cameroon","X","Export","192","CUB","Cuba","0","W00","World","H6","HS","true","TOTAL","All Commodities","0","false","C00","TOTAL CPC","0","0","TOTAL MOT","-1","N/A","0","false","-1","N/A","0","false","0","false","0","false",,"377310.922","377310.922","0","false","true",
"C","A","20220101","2022","52","2022","120","CMR","Cameroon","X","Export","196","CYP","Cyprus","0","W00","World","H6","HS","true","TOTAL","All Commodities","0","false","C00","TOTAL CPC","0","0","TOTAL MOT","-1","N/A","0","false","-1","N/A","0","false","0","false","0","false",,"234415.922","234415.922","0","false","true",
"C","A","20220101","2022","52","2022","120","CMR","Cameroon","X","Export","203","CZE","Czechia","0","W00","World","H6","HS","true","TOTAL","All Commodities","0","false","C00","TOTAL CPC","0","0","TOTAL MOT","-1","N/A","0","false","-1","N/A","0","false","0","false","0","false",,"5033.877","5033.877","0","false","true",
"C","A","20220101","2022","52","2022","120","CMR","Cameroon","X","Export","204","BEN","Benin","0","W00","World","H6","HS","true","TOTAL","All Commodities","0","false","C00","TOTAL CPC","0","0","TOTAL MOT","-1","N/A","0","false","-1","N/A","0","false","0","false","0","false",,"623903.391","623903.391","0","false","true",
"C","A","20220101","2022","52","2022","120","CMR","Cameroon","X","Export","208","DNK","Denmark","0","W00","World","H6","HS","true","TOTAL","All Commodities","0","false","C00","TOTAL CPC","0","0","TOTAL MOT","-1","N/A","0","false","-1","N/A","0","false","0","false","0","false",,"11216.051","11216.051","0","false","true",
"C","A","20220101","2022","52","2022","120","CMR","Cameroon","X","Export","212","DMA","Dominica","0","W00","World","H6","HS","true","TOTAL","All Commodities","0","false","C00","TOTAL CPC","0","0","TOTAL MOT","-1","N/A","0","false","-1","N/A","0","false","0","false","0","false",,"32107.453","32107.453","0","false","true",
"C","A","20220101","2022","52","2022","120","CMR","Cameroon","X","Export","214","DOM","Dominican Rep.","0","W00","World","H6","HS","true","TOTAL","All Commodities","0","false","C00","TOTAL CPC","0","0","TOTAL MOT","-1","N/A","0","false","-1","N/A","0","false","0","false","0","false",,"1418908.358","1418908.358","0","false","true",
"C","A","20220101","2022","52","2022","120","CMR","Cameroon","X","Export","226","GNQ","Equatorial Guinea","0","W00","World","H6","HS","true","TOTAL","All Commodities","0","false","C00","TOTAL CPC","0","0","TOTAL MOT","-1","N/A","0","false","-1","N/A","0","false","0","true","0","false",,"18376745.195","18376745.195","4","false","true",
"C","A","20220101","2022","52","2022","120","CMR","Cameroon","X","Export","231","ETH","Ethiopia","0","W00","World","H6","HS","true","TOTAL","All Commodities","0","false","C00","TOTAL CPC","0","0","TOTAL MOT","-1","N/A","0","false","-1","N/A","0","false","0","false","0","false",,"2466.045","2466.045","0","false","true",
"C","A","20220101","2022","52","2022","120","CMR","Cameroon","X","Export","233","EST","Estonia","0","W00","World","H6","HS","true","TOTAL","All Commodities","0","false","C00","TOTAL CPC","0","0","TOTAL MOT","-1","N/A","0","false","-1","N/A","0","false","0","false","0","false",,"757165.435","757165.435","0","false","true",
"C","A","20220101","2022","52","2022","120","CMR","Cameroon","X","Export","246","FIN","Finland","0","W00","World","H6","HS","true","TOTAL","All Commodities","0","false","C00","TOTAL CPC","0","0","TOTAL MOT","-1","N/A","0","false","-1","N/A","0","false","0","false","0","false",,"1977802.515","1977802.515","0","false","true",
"C","A","20220101","2022","52","2022","120","CMR","Cameroon","X","Export","251","FRA","France","0","W00","World","H6","HS","true","TOTAL","All Commodities","0","false","C00","TOTAL CPC","0","0","TOTAL MOT","-1","N/A","0","false","-1","N/A","0","false","0","false","0","false",,"559452136.355","559452136.355","0","false","true",
"C","A","20220101","2022","52","2022","120","CMR","Cameroon","X","Export","262","DJI","Djibouti","0","W00","World","H6","HS","true","TOTAL","All Commodities","0","false","C00","TOTAL CPC","0","0","TOTAL MOT","-1","N/A","0","false","-1","N/A","0","false",,"false","0","false",,"1958.925","1958.925","0","false","true",
"C","A","20220101","2022","52","2022","120","CMR","Cameroon","X","Export","266","GAB","Gabon","0","W00","World","H6","HS","true","TOTAL","All Commodities","0","false","C00","TOTAL CPC","0","0","TOTAL MOT","-1","N/A","0","false","-1","N/A","0","false","0","false","0","false",,"40650036.945","40650036.945","0","false","true",
"C","A","20220101","2022","52","2022","120","CMR","Cameroon","X","Export","270","GMB","Gambia","0","W00","World","H6","HS","true","TOTAL","All Commodities","0","false","C00","TOTAL CPC","0","0","TOTAL MOT","-1","N/A","0","false","-1","N/A","0","false","0","false","0","false",,"30104.697","30104.697","0","false","true",
"C","A","20220101","2022","52","2022","120","CMR","Cameroon","X","Export","276","DEU","Germany","0","W00","World","H6","HS","true","TOTAL","All Commodities","0","false","C00","TOTAL CPC","0","0","TOTAL MOT","-1","N/A","0","false","-1","N/A","0","false","0","true","0","false",,"47510659.194","47510659.194","4","false","true",
"C","A","20220101","2022","52","2022","120","CMR","Cameroon","X","Export","288","GHA","Ghana","0","W00","World","H6","HS","true","TOTAL","All Commodities","0","false","C00","TOTAL CPC","0","0","TOTAL MOT","-1","N/A","0","false","-1","N/A","0","false","0","false","0","false",,"924841.405","924841.405","0","false","true",
"C","A","20220101","2022","52","2022","120","CMR","Cameroon","X","Export","300","GRC","Greece","0","W00","World","H6","HS","true","TOTAL","All Commodities","0","false","C00","TOTAL CPC","0","0","TOTAL MOT","-1","N/A","0","false","-1","N/A","0","false","0","false","0","false",,"3684133.435","3684133.435","0","false","true",
"C","A","20220101","2022","52","2022","120","CMR","Cameroon","X","Export","320","GTM","Guatemala","0","W00","World","H6","HS","true","TOTAL","All Commodities","0","false","C00","TOTAL CPC","0","0","TOTAL MOT","-1","N/A","0","false","-1","N/A","0","false","0","false","0","false",,"40692.703","40692.703","0","false","true",
"C","A","20220101","2022","52","2022","120","CMR","Cameroon","X","Export","324","GIN","Guinea","0","W00","World","H6","HS","true","TOTAL","All Commodities","0","false","C00","TOTAL CPC","0","0","TOTAL MOT","-1","N/A","0","false","-1","N/A","0","false","0","false","0","false",,"753227.88","753227.88","0","false","true",
"C","A","20220101","2022","52","2022","120","CMR","Cameroon","X","Export","344","HKG","China, Hong Kong SAR","0","W00","World","H6","HS","true","TOTAL","All Commodities","0","false","C00","TOTAL CPC","0","0","TOTAL MOT","-1","N/A","0","false","-1","N/A","0","false","0","false","0","false",,"986.239","986.239","0","false","true",
"C","A","20220101","2022","52","2022","120","CMR","Cameroon","X","Export","348","HUN","Hungary","0","W00","World","H6","HS","true","TOTAL","All Commodities","0","false","C00","TOTAL CPC","0","0","TOTAL MOT","-1","N/A","0","false","-1","N/A","0","false","0","false","0","false",,"110830.474","110830.474","0","false","true",
"C","A","20220101","2022","52","2022","120","CMR","Cameroon","X","Export","352","ISL","Iceland","0","W00","World","H6","HS","true","TOTAL","All Commodities","0","false","C00","TOTAL CPC","0","0","TOTAL MOT","-1","N/A","0","false","-1","N/A","0","false","0","false","0","false",,"49152.645","49152.645","0","false","true",
"C","A","20220101","2022","52","2022","120","CMR","Cameroon","X","Export","360","IDN","Indonesia","0","W00","World","H6","HS","true","TOTAL","All Commodities","0","false","C00","TOTAL CPC","0","0","TOTAL MOT","-1","N/A","0","false","-1","N/A","0","false","0","false","0","false",,"34621883.318","34621883.318","0","false","true",
"C","A","20220101","2022","52","2022","120","CMR","Cameroon","X","Export","368","IRQ","Iraq","0","W00","World","H6","HS","true","TOTAL","All Commodities","0","false","C00","TOTAL CPC","0","0","TOTAL MOT","-1","N/A","0","false","-1","N/A","0","false","0","false","0","false",,"53147.893","53147.893","0","false","true",
"C","A","20220101","2022","52","2022","120","CMR","Cameroon","X","Export","372","IRL","Ireland","0","W00","World","H6","HS","true","TOTAL","All Commodities","0","false","C00","TOTAL CPC","0","0","TOTAL MOT","-1","N/A","0","false","-1","N/A","0","false","0","false","0","false",,"3869254.101","3869254.101","0","false","true",
"C","A","20220101","2022","52","2022","120","CMR","Cameroon","X","Export","376","ISR","Israel","0","W00","World","H6","HS","true","TOTAL","All Commodities","0","false","C00","TOTAL CPC","0","0","TOTAL MOT","-1","N/A","0","false","-1","N/A","0","false","0","false","0","false",,"101233.676","101233.676","0","false","true",
"C","A","20220101","2022","52","2022","120","CMR","Cameroon","X","Export","380","ITA","Italy","0","W00","World","H6","HS","true","TOTAL","All Commodities","0","false","C00","TOTAL CPC","0","0","TOTAL MOT","-1","N/A","0","false","-1","N/A","0","false","0","true","0","false",,"340099772.146","340099772.146","4","false","true",
"C","A","20220101","2022","52","2022","120","CMR","Cameroon","X","Export","384","CIV","Côte d'Ivoire","0","W00","World","H6","HS","true","TOTAL","All Commodities","0","false","C00","TOTAL CPC","0","0","TOTAL MOT","-1","N/A","0","false","-1","N/A","0","false","0","false","0","false",,"4871578.786","4871578.786","0","false","true",
"C","A","20220101","2022","52","2022","120","CMR","Cameroon","X","Export","392","JPN","Japan","0","W00","World","H6","HS","true","TOTAL","All Commodities","0","false","C00","TOTAL CPC","0","0","TOTAL MOT","-1","N/A","0","false","-1","N/A","0","false","0","false","0","false",,"2698664.75","2698664.75","0","false","true",
"C","A","20220101","2022","52","2022","120","CMR","Cameroon","X","Export","400","JOR","Jordan","0","W00","World","H6","HS","true","TOTAL","All Commodities","0","false","C00","TOTAL CPC","0","0","TOTAL MOT","-1","N/A","0","false","-1","N/A","0","false","0","false","0","false",,"193768.229","193768.229","0","false","true",
"C","A","20220101","2022","52","2022","120","CMR","Cameroon","X","Export","404","KEN","Kenya","0","W00","World","H6","HS","true","TOTAL","All Commodities","0","false","C00","TOTAL CPC","0","0","TOTAL MOT","-1","N/A","0","false","-1","N/A","0","false","0","false","0","false",,"401600.807","401600.807","0","false","true",
"C","A","20220101","2022","52","2022","120","CMR","Cameroon","X","Export","410","KOR","Rep. of Korea","0","W00","World","H6","HS","true","TOTAL","All Commodities","0","false","C00","TOTAL CPC","0","0","TOTAL MOT","-1","N/A","0","false","-1","N/A","0","false","0","false","0","false",,"155280.966","155280.966","0","false","true",
"C","A","20220101","2022","52","2022","120","CMR","Cameroon","X","Export","414","KWT","Kuwait","0","W00","World","H6","HS","true","TOTAL","All Commodities","0","false","C00","TOTAL CPC","0","0","TOTAL MOT","-1","N/A","0","false","-1","N/A","0","false","0","true","0","false",,"31547.351","31547.351","4","false","true",
"C","A","20220101","2022","52","2022","120","CMR","Cameroon","X","Export","422","LBN","Lebanon","0","W00","World","H6","HS","true","TOTAL","All Commodities","0","false","C00","TOTAL CPC","0","0","TOTAL MOT","-1","N/A","0","false","-1","N/A","0","false","0","false","0","false",,"829712.505","829712.505","0","false","true",
"C","A","20220101","2022","52","2022","120","CMR","Cameroon","X","Export","430","LBR","Liberia","0","W00","World","H6","HS","true","TOTAL","All Commodities","0","false","C00","TOTAL CPC","0","0","TOTAL MOT","-1","N/A","0","false","-1","N/A","0","false","0","false","0","false",,"217365.718","217365.718","0","false","true",
"C","A","20220101","2022","52","2022","120","CMR","Cameroon","X","Export","434","LBY","Libya","0","W00","World","H6","HS","true","TOTAL","All Commodities","0","false","C00","TOTAL CPC","0","0","TOTAL MOT","-1","N/A","0","false","-1","N/A","0","false","0","false","0","false",,"74341.761","74341.761","0","false","true",
"C","A","20220101","2022","52","2022","120","CMR","Cameroon","X","Export","440","LTU","Lithuania","0","W00","World","H6","HS","true","TOTAL","All Commodities","0","false","C00","TOTAL CPC","0","0","TOTAL MOT","-1","N/A","0","false","-1","N/A","0","false","0","false","0","false",,"2882326.159","2882326.159","0","false","true",
"C","A","20220101","2022","52","2022","120","CMR","Cameroon","X","Export","442","LUX","Luxembourg","0","W00","World","H6","HS","true","TOTAL","All Commodities","0","false","C00","TOTAL CPC","0","0","TOTAL MOT","-1","N/A","0","false","-1","N/A","0","false","0","false","0","false",,"35150.389","35150.389","0","false","true",
"C","A","20220101","2022","52","2022","120","CMR","Cameroon","X","Export","450","MDG","Madagascar","0","W00","World","H6","HS","true","TOTAL","All Commodities","0","false","C00","TOTAL CPC","0","0","TOTAL MOT","-1","N/A","0","false","-1","N/A","0","false","0","false","0","false",,"30731.586","30731.586","0","false","true",
"C","A","20220101","2022","52","2022","120","CMR","Cameroon","X","Export","458","MYS","Malaysia","0","W00","World","H6","HS","true","TOTAL","All Commodities","0","false","C00","TOTAL CPC","0","0","TOTAL MOT","-1","N/A","0","false","-1","N/A","0","false","0","false","0","false",,"65307440.528","65307440.528","0","false","true",
"C","A","20220101","2022","52","2022","120","CMR","Cameroon","X","Export","466","MLI","Mali","0","W00","World","H6","HS","true","TOTAL","All Commodities","0","false","C00","TOTAL CPC","0","0","TOTAL MOT","-1","N/A","0","false","-1","N/A","0","false","0","false","0","false",,"238327.029","238327.029","0","false","true",
"C","A","20220101","2022","52","2022","120","CMR","Cameroon","X","Export","470","MLT","Malta","0","W00","World","H6","HS","true","TOTAL","All Commodities","0","false","C00","TOTAL CPC","0","0","TOTAL MOT","-1","N/A","0","false","-1","N/A","0","false","0","false","0","false",,"526255.186","526255.186","0","false","true",
"C","A","20220101","2022","52","2022","120","CMR","Cameroon","X","Export","478","MRT","Mauritania","0","W00","World","H6","HS","true","TOTAL","All Commodities","0","false","C00","TOTAL CPC","0","0","TOTAL MOT","-1","N/A","0","false","-1","N/A","0","false","0","false","0","false",,"26527.679","26527.679","0","false","true",
"C","A","20220101","2022","52","2022","120","CMR","Cameroon","X","Export","480","MUS","Mauritius","0","W00","World","H6","HS","true","TOTAL","All Commodities","0","false","C00","TOTAL CPC","0","0","TOTAL MOT","-1","N/A","0","false","-1","N/A","0","false","0","false","0","false",,"1486206.082","1486206.082","0","false","true",
"C","A","20220101","2022","52","2022","120","CMR","Cameroon","X","Export","484","MEX","Mexico","0","W00","World","H6","HS","true","TOTAL","All Commodities","0","false","C00","TOTAL CPC","0","0","TOTAL MOT","-1","N/A","0","false","-1","N/A","0","false","0","false","0","false",,"1286362.247","1286362.247","0","false","true",
"C","A","20220101","2022","52","2022","120","CMR","Cameroon","X","Export","490","S19","Other Asia, nes","0","W00","World","H6","HS","true","TOTAL","All Commodities","0","false","C00","TOTAL CPC","0","0","TOTAL MOT","-1","N/A","0","false","-1","N/A","0","false","0","false","0","false",,"3872269.712","3872269.712","0","false","true",
"C","A","20220101","2022","52","2022","120","CMR","Cameroon","X","Export","504","MAR","Morocco","0","W00","World","H6","HS","true","TOTAL","All Commodities","0","false","C00","TOTAL CPC","0","0","TOTAL MOT","-1","N/A","0","false","-1","N/A","0","false","0","false","0","false",,"397491.464","397491.464","0","false","true",
"C","A","20220101","2022","52","2022","120","CMR","Cameroon","X","Export","508","MOZ","Mozambique","0","W00","World","H6","HS","true","TOTAL","All Commodities","0","false","C00","TOTAL CPC","0","0","TOTAL MOT","-1","N/A","0","false","-1","N/A","0","false","0","false","0","false",,"3116806.304","3116806.304","0","false","true",
"C","A","20220101","2022","52","2022","120","CMR","Cameroon","X","Export","512","OMN","Oman","0","W00","World","H6","HS","true","TOTAL","All Commodities","0","false","C00","TOTAL CPC","0","0","TOTAL MOT","-1","N/A","0","false","-1","N/A","0","false","0","false","0","false",,"187356.299","187356.299","0","false","true",
"C","A","20220101","2022","52","2022","120","CMR","Cameroon","X","Export","528","NLD","Netherlands","0","W00","World","H6","HS","true","TOTAL","All Commodities","0","false","C00","TOTAL CPC","0","0","TOTAL MOT","-1","N/A","0","false","-1","N/A","0","false","0","false","0","false",,"1504590408.736","1504590408.736","0","false","true",
"C","A","20220101","2022","52","2022","120","CMR","Cameroon","X","Export","562","NER","Niger","0","W00","World","H6","HS","true","TOTAL","All Commodities","0","false","C00","TOTAL CPC","0","0","TOTAL MOT","-1","N/A","0","false","-1","N/A","0","false","0","false","0","false",,"1343974.463","1343974.463","0","false","true",
"C","A","20220101","2022","52","2022","120","CMR","Cameroon","X","Export","566","NGA","Nigeria","0","W00","World","H6","HS","true","TOTAL","All Commodities","0","false","C00","TOTAL CPC","0","0","TOTAL MOT","-1","N/A","0","false","-1","N/A","0","false","0","true","0","false",,"55131033.124","55131033.124","4","false","true",
"C","A","20220101","2022","52","2022","120","CMR","Cameroon","X","Export","584","MHL","Marshall Isds","0","W00","World","H6","HS","true","TOTAL","All Commodities","0","false","C00","TOTAL CPC","0","0","TOTAL MOT","-1","N/A","0","false","-1","N/A","0","false","0","false","0","false",,"83537.785","83537.785","0","false","true",
"C","A","20220101","2022","52","2022","120","CMR","Cameroon","X","Export","586","PAK","Pakistan","0","W00","World","H6","HS","true","TOTAL","All Commodities","0","false","C00","TOTAL CPC","0","0","TOTAL MOT","-1","N/A","0","false","-1","N/A","0","false","0","false","0","false",,"10506556.286","10506556.286","0","false","true",
"C","A","20220101","2022","52","2022","120","CMR","Cameroon","X","Export","591","PAN","Panama","0","W00","World","H6","HS","true","TOTAL","All Commodities","0","false","C00","TOTAL CPC","0","0","TOTAL MOT","-1","N/A","0","false","-1","N/A","0","false","0","false","0","false",,"378429.996","378429.996","0","false","true",
"C","A","20220101","2022","52","2022","120","CMR","Cameroon","X","Export","608","PHL","Philippines","0","W00","World","H6","HS","true","TOTAL","All Commodities","0","false","C00","TOTAL CPC","0","0","TOTAL MOT","-1","N/A","0","false","-1","N/A","0","false","0","false","0","false",,"88531.113","88531.113","0","false","true",
"C","A","20220101","2022","52","2022","120","CMR","Cameroon","X","Export","616","POL","Poland","0","W00","World","H6","HS","true","TOTAL","All Commodities","0","false","C00","TOTAL CPC","0","0","TOTAL MOT","-1","N/A","0","false","-1","N/A","0","false","0","false","0","false",,"998787.277","998787.277","0","false","true",
"C","A","20220101","2022","52","2022","120","CMR","Cameroon","X","Export","620","PRT","Portugal","0","W00","World","H6","HS","true","TOTAL","All Commodities","0","false","C00","TOTAL CPC","0","0","TOTAL MOT","-1","N/A","0","false","-1","N/A","0","false","0","false","0","false",,"10470150.961","10470150.961","0","false","true",
"C","A","20220101","2022","52","2022","120","CMR","Cameroon","X","Export","624","GNB","Guinea-Bissau","0","W00","World","H6","HS","true","TOTAL","All Commodities","0","false","C00","TOTAL CPC","0","0","TOTAL MOT","-1","N/A","0","false","-1","N/A","0","false","0","false","0","false",,"1136060.253","1136060.253","0","false","true",
"C","A","20220101","2022","52","2022","120","CMR","Cameroon","X","Export","634","QAT","Qatar","0","W00","World","H6","HS","true","TOTAL","All Commodities","0","false","C00","TOTAL CPC","0","0","TOTAL MOT","-1","N/A","0","false","-1","N/A","0","false","0","false","0","false",,"171875.916","171875.916","0","false","true",
"C","A","20220101","2022","52","2022","120","CMR","Cameroon","X","Export","642","ROU","Romania","0","W00","World","H6","HS","true","TOTAL","All Commodities","0","false","C00","TOTAL CPC","0","0","TOTAL MOT","-1","N/A","0","false","-1","N/A","0","false","0","false","0","false",,"1822562.551","1822562.551","0","false","true",
"C","A","20220101","2022","52","2022","120","CMR","Cameroon","X","Export","643","RUS","Russian Federation","0","W00","World","H6","HS","true","TOTAL","All Commodities","0","false","C00","TOTAL CPC","0","0","TOTAL MOT","-1","N/A","0","false","-1","N/A","0","false","0","false","0","false",,"120832694.096","120832694.096","0","false","true",
"C","A","20220101","2022","52","2022","120","CMR","Cameroon","X","Export","646","RWA","Rwanda","0","W00","World","H6","HS","true","TOTAL","All Commodities","0","false","C00","TOTAL CPC","0","0","TOTAL MOT","-1","N/A","0","false","-1","N/A","0","false","0","false","0","false",,"28856.491","28856.491","0","false","true",
"C","A","20220101","2022","52","2022","120","CMR","Cameroon","X","Export","678","STP","Sao Tome and Principe","0","W00","World","H6","HS","true","TOTAL","All Commodities","0","false","C00","TOTAL CPC","0","0","TOTAL MOT","-1","N/A","0","false","-1","N/A","0","false","0","false","0","false",,"97135.072","97135.072","0","false","true",
"C","A","20220101","2022","52","2022","120","CMR","Cameroon","X","Export","682","SAU","Saudi Arabia","0","W00","World","H6","HS","true","TOTAL","All Commodities","0","false","C00","TOTAL CPC","0","0","TOTAL MOT","-1","N/A","0","false","-1","N/A","0","false","0","false","0","false",,"1652417.771","1652417.771","0","false","true",
"C","A","20220101","2022","52","2022","120","CMR","Cameroon","X","Export","686","SEN","Senegal","0","W00","World","H6","HS","true","TOTAL","All Commodities","0","false","C00","TOTAL CPC","0","0","TOTAL MOT","-1","N/A","0","false","-1","N/A","0","false","0","false","0","false",,"27385533.589","27385533.589","0","false","true",
"C","A","20220101","2022","52","2022","120","CMR","Cameroon","X","Export","690","SYC","Seychelles","0","W00","World","H6","HS","true","TOTAL","All Commodities","0","false","C00","TOTAL CPC","0","0","TOTAL MOT","-1","N/A","0","false","-1","N/A","0","false","0","false","0","false",,"76871.809","76871.809","0","false","true",
"C","A","20220101","2022","52","2022","120","CMR","Cameroon","X","Export","694","SLE","Sierra Leone","0","W00","World","H6","HS","true","TOTAL","All Commodities","0","false","C00","TOTAL CPC","0","0","TOTAL MOT","-1","N/A","0","false","-1","N/A","0","false","0","false","0","false",,"4439.188","4439.188","0","false","true",
"C","A","20220101","2022","52","2022","120","CMR","Cameroon","X","Export","699","IND","India","0","W00","World","H6","HS","true","TOTAL","All Commodities","0","false","C00","TOTAL CPC","0","0","TOTAL MOT","-1","N/A","0","false","-1","N/A","0","false","0","false","0","false",,"795914884.481","795914884.481","0","false","true",
"C","A","20220101","2022","52","2022","120","CMR","Cameroon","X","Export","702","SGP","Singapore","0","W00","World","H6","HS","true","TOTAL","All Commodities","0","false","C00","TOTAL CPC","0","0","TOTAL MOT","-1","N/A","0","false","-1","N/A","0","false","0","false","0","false",,"239852.093","239852.093","0","false","true",
"C","A","20220101","2022","52","2022","120","CMR","Cameroon","X","Export","704","VNM","Viet Nam","0","W00","World","H6","HS","true","TOTAL","All Commodities","0","false","C00","TOTAL CPC","0","0","TOTAL MOT","-1","N/A","0","false","-1","N/A","0","false","0","false","0","false",,"101578887.229","101578887.229","0","false","true",
"C","A","20220101","2022","52","2022","120","CMR","Cameroon","X","Export","705","SVN","Slovenia","0","W00","World","H6","HS","true","TOTAL","All Commodities","0","false","C00","TOTAL CPC","0","0","TOTAL MOT","-1","N/A","0","false","-1","N/A","0","false","0","false","0","false",,"226954.325","226954.325","0","false","true",
"C","A","20220101","2022","52","2022","120","CMR","Cameroon","X","Export","710","ZAF","South Africa","0","W00","World","H6","HS","true","TOTAL","All Commodities","0","false","C00","TOTAL CPC","0","0","TOTAL MOT","-1","N/A","0","false","-1","N/A","0","false","0","false","0","false",,"102787001.523","102787001.523","0","false","true",
"C","A","20220101","2022","52","2022","120","CMR","Cameroon","X","Export","724","ESP","Spain","0","W00","World","H6","HS","true","TOTAL","All Commodities","0","false","C00","TOTAL CPC","0","0","TOTAL MOT","-1","N/A","0","false","-1","N/A","0","false","0","false","0","false",,"476431078.553","476431078.553","0","false","true",
"C","A","20220101","2022","52","2022","120","CMR","Cameroon","X","Export","729","SDN","Sudan","0","W00","World","H6","HS","true","TOTAL","All Commodities","0","false","C00","TOTAL CPC","0","0","TOTAL MOT","-1","N/A","0","false","-1","N/A","0","false","0","false","0","false",,"2421.375","2421.375","0","false","true",
"C","A","20220101","2022","52","2022","120","CMR","Cameroon","X","Export","752","SWE","Sweden","0","W00","World","H6","HS","true","TOTAL","All Commodities","0","false","C00","TOTAL CPC","0","0","TOTAL MOT","-1","N/A","0","false","-1","N/A","0","false","0","false","0","false",,"574.187","574.187","0","false","true",
"C","A","20220101","2022","52","2022","120","CMR","Cameroon","X","Export","757","CHE","Switzerland","0","W00","World","H6","HS","true","TOTAL","All Commodities","0","false","C00","TOTAL CPC","0","0","TOTAL MOT","-1","N/A","0","false","-1","N/A","0","false","0","false","0","false",,"758974.412","758974.412","0","false","true",
"C","A","20220101","2022","52","2022","120","CMR","Cameroon","X","Export","764","THA","Thailand","0","W00","World","H6","HS","true","TOTAL","All Commodities","0","false","C00","TOTAL CPC","0","0","TOTAL MOT","-1","N/A","0","false","-1","N/A","0","false","0","true","0","false",,"170413.142","170413.142","4","false","true",
"C","A","20220101","2022","52","2022","120","CMR","Cameroon","X","Export","768","TGO","Togo","0","W00","World","H6","HS","true","TOTAL","All Commodities","0","false","C00","TOTAL CPC","0","0","TOTAL MOT","-1","N/A","0","false","-1","N/A","0","false","0","false","0","false",,"1310086.866","1310086.866","0","false","true",
"C","A","20220101","2022","52","2022","120","CMR","Cameroon","X","Export","784","ARE","United Arab Emirates","0","W00","World","H6","HS","true","TOTAL","All Commodities","0","false","C00","TOTAL CPC","0","0","TOTAL MOT","-1","N/A","0","false","-1","N/A","0","false","0","true","0","false",,"4166744.778","4166744.778","4","false","true",
"C","A","20220101","2022","52","2022","120","CMR","Cameroon","X","Export","788","TUN","Tunisia","0","W00","World","H6","HS","true","TOTAL","All Commodities","0","false","C00","TOTAL CPC","0","0","TOTAL MOT","-1","N/A","0","false","-1","N/A","0","false","0","false","0","false",,"1530037.176","1530037.176","0","false","true",
"C","A","20220101","2022","52","2022","120","CMR","Cameroon","X","Export","792","TUR","Türkiye","0","W00","World","H6","HS","true","TOTAL","All Commodities","0","false","C00","TOTAL CPC","0","0","TOTAL MOT","-1","N/A","0","false","-1","N/A","0","false","0","false","0","false",,"43259478.386","43259478.386","0","false","true",
"C","A","20220101","2022","52","2022","120","CMR","Cameroon","X","Export","796","TCA","Turks and Caicos Isds","0","W00","World","H6","HS","true","TOTAL","All Commodities","0","false","C00","TOTAL CPC","0","0","TOTAL MOT","-1","N/A","0","false","-1","N/A","0","false","0","false","0","false",,"107428.337","107428.337","0","false","true",
"C","A","20220101","2022","52","2022","120","CMR","Cameroon","X","Export","800","UGA","Uganda","0","W00","World","H6","HS","true","TOTAL","All Commodities","0","false","C00","TOTAL CPC","0","0","TOTAL MOT","-1","N/A","0","false","-1","N/A","0","false","0","false","0","false",,"310709.416","310709.416","0","false","true",
"C","A","20220101","2022","52","2022","120","CMR","Cameroon","X","Export","818","EGY","Egypt","0","W00","World","H6","HS","true","TOTAL","All Commodities","0","false","C00","TOTAL CPC","0","0","TOTAL MOT","-1","N/A","0","false","-1","N/A","0","false","0","false","0","false",,"1468089.442","1468089.442","0","false","true",
"C","A","20220101","2022","52","2022","120","CMR","Cameroon","X","Export","826","GBR","United Kingdom","0","W00","World","H6","HS","true","TOTAL","All Commodities","0","false","C00","TOTAL CPC","0","0","TOTAL MOT","-1","N/A","0","false","-1","N/A","0","false","0","false","0","false",,"86337265.067","86337265.067","0","false","true",
"C","A","20220101","2022","52","2022","120","CMR","Cameroon","X","Export","834","TZA","United Rep. of Tanzania","0","W00","World","H6","HS","true","TOTAL","All Commodities","0","false","C00","TOTAL CPC","0","0","TOTAL MOT","-1","N/A","0","false","-1","N/A","0","false","0","false","0","false",,"340003.695","340003.695","0","false","true",
"C","A","20220101","2022","52","2022","120","CMR","Cameroon","X","Export","842","USA","USA","0","W00","World","H6","HS","true","TOTAL","All Commodities","0","false","C00","TOTAL CPC","0","0","TOTAL MOT","-1","N/A","0","false","-1","N/A","0","false","0","false","0","false",,"127495816.057","127495816.057","0","false","true",
"C","A","20220101","2022","52","2022","120","CMR","Cameroon","X","Export","854","BFA","Burkina Faso","0","W00","World","H6","HS","true","TOTAL","All Commodities","0","false","C00","TOTAL CPC","0","0","TOTAL MOT","-1","N/A","0","false","-1","N/A","0","false","0","false","0","false",,"625457.19","625457.19","0","false","true",
"C","A","20220101","2022","52","2022","120","CMR","Cameroon","X","Export","858","URY","Uruguay","0","W00","World","H6","HS","true","TOTAL","All Commodities","0","false","C00","TOTAL CPC","0","0","TOTAL MOT","-1","N/A","0","false","-1","N/A","0","false","0","false","0","false",,"2736666.339","2736666.339","0","false","true",
"C","A","20220101","2022","52","2022","120","CMR","Cameroon","X","Export","894","ZMB","Zambia","0","W00","World","H6","HS","true","TOTAL","All Commodities","0","false","C00","TOTAL CPC","0","0","TOTAL MOT","-1","N/A","0","false","-1","N/A","0","false","0","false","0","false",,"99504.565","99504.565","0","false","true",
"C","A","20220101","2022","52","2022","120","CMR","Cameroon","X","Export","899","_X ","Areas, nes","0","W00","World","H6","HS","true","TOTAL","All Commodities","0","false","C00","TOTAL CPC","0","0","TOTAL MOT","-1","N/A","0","false","-1","N/A","0","false","0","false","0","false",,"233167.242","233167.242","0","false","true",
"C","A","20230101","2023","52","2023","120","CMR","Cameroon","M","Import","0","W00","World","0","W00","World","H6","HS","true","TOTAL","All Commodities","0","false","C00","TOTAL CPC","0","0","TOTAL MOT","-1","N/A","0","false","-1","N/A","0","false","0","true","0","false","8296875048.587",,"8296875048.587","4","false","true",
"C","A","20230101","2023","52","2023","120","CMR","Cameroon","M","Import","8","ALB","Albania","0","W00","World","H6","HS","true","TOTAL","All Commodities","0","false","C00","TOTAL CPC","0","0","TOTAL MOT","-1","N/A","0","false","-1","N/A","0","false","0","false","0","false","44619.611",,"44619.611","0","false","true",
"C","A","20230101","2023","52","2023","120","CMR","Cameroon","M","Import","10","ATA","Antarctica","0","W00","World","H6","HS","true","TOTAL","All Commodities","0","false","C00","TOTAL CPC","0","0","TOTAL MOT","-1","N/A","0","false","-1","N/A","0","false","0","false","0","false","3320.996",,"3320.996","0","false","true",
"C","A","20230101","2023","52","2023","120","CMR","Cameroon","M","Import","12","DZA","Algeria","0","W00","World","H6","HS","true","TOTAL","All Commodities","0","false","C00","TOTAL CPC","0","0","TOTAL MOT","-1","N/A","0","false","-1","N/A","0","false","0","false","0","false","21916656.025",,"21916656.025","0","false","true",
"C","A","20230101","2023","52","2023","120","CMR","Cameroon","M","Import","20","AND","Andorra","0","W00","World","H6","HS","true","TOTAL","All Commodities","0","false","C00","TOTAL CPC","0","0","TOTAL MOT","-1","N/A","0","false","-1","N/A","0","false","0","false","0","false","9847.74",,"9847.74","0","false","true",
"C","A","20230101","2023","52","2023","120","CMR","Cameroon","M","Import","24","AGO","Angola","0","W00","World","H6","HS","true","TOTAL","All Commodities","0","false","C00","TOTAL CPC","0","0","TOTAL MOT","-1","N/A","0","false","-1","N/A","0","false","0","false","0","false","12981844.324",,"12981844.324","0","false","true",
"C","A","20230101","2023","52","2023","120","CMR","Cameroon","M","Import","28","ATG","Antigua and Barbuda","0","W00","World","H6","HS","true","TOTAL","All Commodities","0","false","C00","TOTAL CPC","0","0","TOTAL MOT","-1","N/A","0","false","-1","N/A","0","false","0","false","0","false","53875.409",,"53875.409","0","false","true",
"C","A","20230101","2023","52","2023","120","CMR","Cameroon","M","Import","31","AZE","Azerbaijan","0","W00","World","H6","HS","true","TOTAL","All Commodities","0","false","C00","TOTAL CPC","0","0","TOTAL MOT","-1","N/A","0","false","-1","N/A","0","false","0","false","0","false","4596.276",,"4596.276","0","false","true",
"C","A","20230101","2023","52","2023","120","CMR","Cameroon","M","Import","32","ARG","Argentina","0","W00","World","H6","HS","true","TOTAL","All Commodities","0","false","C00","TOTAL CPC","0","0","TOTAL MOT","-1","N/A","0","false","-1","N/A","0","false","0","false","0","false","81664461.664",,"81664461.664","0","false","true",
"C","A","20230101","2023","52","2023","120","CMR","Cameroon","M","Import","36","AUS","Australia","0","W00","World","H6","HS","true","TOTAL","All Commodities","0","false","C00","TOTAL CPC","0","0","TOTAL MOT","-1","N/A","0","false","-1","N/A","0","false","0","true","0","false","12050956.817",,"12050956.817","4","false","true",
"C","A","20230101","2023","52","2023","120","CMR","Cameroon","M","Import","40","AUT","Austria","0","W00","World","H6","HS","true","TOTAL","All Commodities","0","false","C00","TOTAL CPC","0","0","TOTAL MOT","-1","N/A","0","false","-1","N/A","0","false","0","true","0","false","6283786.989",,"6283786.989","4","false","true",
"C","A","20230101","2023","52","2023","120","CMR","Cameroon","M","Import","44","BHS","Bahamas","0","W00","World","H6","HS","true","TOTAL","All Commodities","0","false","C00","TOTAL CPC","0","0","TOTAL MOT","-1","N/A","0","false","-1","N/A","0","false","0","false","0","false","106150.672",,"106150.672","0","false","true",
"C","A","20230101","2023","52","2023","120","CMR","Cameroon","M","Import","48","BHR","Bahrain","0","W00","World","H6","HS","true","TOTAL","All Commodities","0","false","C00","TOTAL CPC","0","0","TOTAL MOT","-1","N/A","0","false","-1","N/A","0","false","0","true","0","false","619499.297",,"619499.297","4","false","true",
"C","A","20230101","2023","52","2023","120","CMR","Cameroon","M","Import","50","BGD","Bangladesh","0","W00","World","H6","HS","true","TOTAL","All Commodities","0","false","C00","TOTAL CPC","0","0","TOTAL MOT","-1","N/A","0","false","-1","N/A","0","false","0","false","0","false","2428249.695",,"2428249.695","0","false","true",
"C","A","20230101","2023","52","2023","120","CMR","Cameroon","M","Import","52","BRB","Barbados","0","W00","World","H6","HS","true","TOTAL","All Commodities","0","false","C00","TOTAL CPC","0","0","TOTAL MOT","-1","N/A","0","false","-1","N/A","0","false","0","false","0","false","41.554",,"41.554","0","false","true",
"C","A","20230101","2023","52","2023","120","CMR","Cameroon","M","Import","56","BEL","Belgium","0","W00","World","H6","HS","true","TOTAL","All Commodities","0","false","C00","TOTAL CPC","0","0","TOTAL MOT","-1","N/A","0","false","-1","N/A","0","false","0","true","0","false","367234961.794",,"367234961.794","4","false","true",
"C","A","20230101","2023","52","2023","120","CMR","Cameroon","M","Import","60","BMU","Bermuda","0","W00","World","H6","HS","true","TOTAL","All Commodities","0","false","C00","TOTAL CPC","0","0","TOTAL MOT","-1","N/A","0","false","-1","N/A","0","false","0","false","0","false","369.724",,"369.724","0","false","true",
"C","A","20230101","2023","52","2023","120","CMR","Cameroon","M","Import","70","BIH","Bosnia Herzegovina","0","W00","World","H6","HS","true","TOTAL","All Commodities","0","false","C00","TOTAL CPC","0","0","TOTAL MOT","-1","N/A","0","false","-1","N/A","0","false","0","false","0","false","950499.182",,"950499.182","0","false","true",
"C","A","20230101","2023","52","2023","120","CMR","Cameroon","M","Import","72","BWA","Botswana","0","W00","World","H6","HS","true","TOTAL","All Commodities","0","false","C00","TOTAL CPC","0","0","TOTAL MOT","-1","N/A","0","false","-1","N/A","0","false","0","false","0","false","450.522",,"450.522","0","false","true",
"C","A","20230101","2023","52","2023","120","CMR","Cameroon","M","Import","76","BRA","Brazil","0","W00","World","H6","HS","true","TOTAL","All Commodities","0","false","C00","TOTAL CPC","0","0","TOTAL MOT","-1","N/A","0","false","-1","N/A","0","false","0","false","0","false","162840340.196",,"162840340.196","0","false","true",
"C","A","20230101","2023","52","2023","120","CMR","Cameroon","M","Import","84","BLZ","Belize","0","W00","World","H6","HS","true","TOTAL","All Commodities","0","false","C00","TOTAL CPC","0","0","TOTAL MOT","-1","N/A","0","false","-1","N/A","0","false","0","false","0","false","1130.45",,"1130.45","0","false","true",
"C","A","20230101","2023","52","2023","120","CMR","Cameroon","M","Import","100","BGR","Bulgaria","0","W00","World","H6","HS","true","TOTAL","All Commodities","0","false","C00","TOTAL CPC","0","0","TOTAL MOT","-1","N/A","0","false","-1","N/A","0","false","0","false","0","false","1104317.702",,"1104317.702","0","false","true",
"C","A","20230101","2023","52","2023","120","CMR","Cameroon","M","Import","104","MMR","Myanmar","0","W00","World","H6","HS","true","TOTAL","All Commodities","0","false","C00","TOTAL CPC","0","0","TOTAL MOT","-1","N/A","0","false","-1","N/A","0","false","0","false","0","false","9656.126",,"9656.126","0","false","true",
"C","A","20230101","2023","52","2023","120","CMR","Cameroon","M","Import","112","BLR","Belarus","0","W00","World","H6","HS","true","TOTAL","All Commodities","0","false","C00","TOTAL CPC","0","0","TOTAL MOT","-1","N/A","0","false","-1","N/A","0","false","0","false","0","false","863265.754",,"863265.754","0","false","true",
"C","A","20230101","2023","52","2023","120","CMR","Cameroon","M","Import","116","KHM","Cambodia","0","W00","World","H6","HS","true","TOTAL","All Commodities","0","false","C00","TOTAL CPC","0","0","TOTAL MOT","-1","N/A","0","false","-1","N/A","0","false","0","false","0","false","847512.955",,"847512.955","0","false","true",
"C","A","20230101","2023","52","2023","120","CMR","Cameroon","M","Import","124","CAN","Canada","0","W00","World","H6","HS","true","TOTAL","All Commodities","0","false","C00","TOTAL CPC","0","0","TOTAL MOT","-1","N/A","0","false","-1","N/A","0","false","0","true","0","false","69338752.362",,"69338752.362","4","false","true",
"C","A","20230101","2023","52","2023","120","CMR","Cameroon","M","Import","132","CPV","Cabo Verde","0","W00","World","H6","HS","true","TOTAL","All Commodities","0","false","C00","TOTAL CPC","0","0","TOTAL MOT","-1","N/A","0","false","-1","N/A","0","false","0","false","0","false","19945.92",,"19945.92","0","false","true",
"C","A","20230101","2023","52","2023","120","CMR","Cameroon","M","Import","136","CYM","Cayman Isds","0","W00","World","H6","HS","true","TOTAL","All Commodities","0","false","C00","TOTAL CPC","0","0","TOTAL MOT","-1","N/A","0","false","-1","N/A","0","false","0","false","0","false","7209.288",,"7209.288","0","false","true",
"C","A","20230101","2023","52","2023","120","CMR","Cameroon","M","Import","140","CAF","Central African Rep.","0","W00","World","H6","HS","true","TOTAL","All Commodities","0","false","C00","TOTAL CPC","0","0","TOTAL MOT","-1","N/A","0","false","-1","N/A","0","false","0","false","0","false","1072538.036",,"1072538.036","0","false","true",
"C","A","20230101","2023","52","2023","120","CMR","Cameroon","M","Import","144","LKA","Sri Lanka","0","W00","World","H6","HS","true","TOTAL","All Commodities","0","false","C00","TOTAL CPC","0","0","TOTAL MOT","-1","N/A","0","false","-1","N/A","0","false","0","false","0","false","550300.739",,"550300.739","0","false","true",
"C","A","20230101","2023","52","2023","120","CMR","Cameroon","M","Import","148","TCD","Chad","0","W00","World","H6","HS","true","TOTAL","All Commodities","0","false","C00","TOTAL CPC","0","0","TOTAL MOT","-1","N/A","0","false","-1","N/A","0","false","0","true","0","false","13036230.066",,"13036230.066","4","false","true",
"C","A","20230101","2023","52","2023","120","CMR","Cameroon","M","Import","152","CHL","Chile","0","W00","World","H6","HS","true","TOTAL","All Commodities","0","false","C00","TOTAL CPC","0","0","TOTAL MOT","-1","N/A","0","false","-1","N/A","0","false","0","false","0","false","12974206.061",,"12974206.061","0","false","true",
"C","A","20230101","2023","52","2023","120","CMR","Cameroon","M","Import","156","CHN","China","0","W00","World","H6","HS","true","TOTAL","All Commodities","0","false","C00","TOTAL CPC","0","0","TOTAL MOT","-1","N/A","0","false","-1","N/A","0","false","0","true","0","false","1572718973.507",,"1572718973.507","4","false","true",
"C","A","20230101","2023","52","2023","120","CMR","Cameroon","M","Import","170","COL","Colombia","0","W00","World","H6","HS","true","TOTAL","All Commodities","0","false","C00","TOTAL CPC","0","0","TOTAL MOT","-1","N/A","0","false","-1","N/A","0","false","0","false","0","false","1694736.27",,"1694736.27","0","false","true",
"C","A","20230101","2023","52","2023","120","CMR","Cameroon","M","Import","178","COG","Congo","0","W00","World","H6","HS","true","TOTAL","All Commodities","0","false","C00","TOTAL CPC","0","0","TOTAL MOT","-1","N/A","0","false","-1","N/A","0","false","0","true","0","false","19089381.199",,"19089381.199","4","false","true",
"C","A","20230101","2023","52","2023","120","CMR","Cameroon","M","Import","180","COD","Dem. Rep. of the Congo","0","W00","World","H6","HS","true","TOTAL","All Commodities","0","false","C00","TOTAL CPC","0","0","TOTAL MOT","-1","N/A","0","false","-1","N/A","0","false","0","false","0","false","14334.508",,"14334.508","0","false","true",
"C","A","20230101","2023","52","2023","120","CMR","Cameroon","M","Import","184","COK","Cook Isds","0","W00","World","H6","HS","true","TOTAL","All Commodities","0","false","C00","TOTAL CPC","0","0","TOTAL MOT","-1","N/A","0","false","-1","N/A","0","false","0","false","0","false","321.648",,"321.648","0","false","true",
"C","A","20230101","2023","52","2023","120","CMR","Cameroon","M","Import","188","CRI","Costa Rica","0","W00","World","H6","HS","true","TOTAL","All Commodities","0","false","C00","TOTAL CPC","0","0","TOTAL MOT","-1","N/A","0","false","-1","N/A","0","false","0","false","0","false","797620.802",,"797620.802","0","false","true",
"C","A","20230101","2023","52","2023","120","CMR","Cameroon","M","Import","191","HRV","Croatia","0","W00","World","H6","HS","true","TOTAL","All Commodities","0","false","C00","TOTAL CPC","0","0","TOTAL MOT","-1","N/A","0","false","-1","N/A","0","false","0","false","0","false","4180750.967",,"4180750.967","0","false","true",
"C","A","20230101","2023","52","2023","120","CMR","Cameroon","M","Import","196","CYP","Cyprus","0","W00","World","H6","HS","true","TOTAL","All Commodities","0","false","C00","TOTAL CPC","0","0","TOTAL MOT","-1","N/A","0","false","-1","N/A","0","false","0","true","0","false","265976.822",,"265976.822","4","false","true",
"C","A","20230101","2023","52","2023","120","CMR","Cameroon","M","Import","203","CZE","Czechia","0","W00","World","H6","HS","true","TOTAL","All Commodities","0","false","C00","TOTAL CPC","0","0","TOTAL MOT","-1","N/A","0","false","-1","N/A","0","false","0","false","0","false","23942283.718",,"23942283.718","0","false","true",
"C","A","20230101","2023","52","2023","120","CMR","Cameroon","M","Import","204","BEN","Benin","0","W00","World","H6","HS","true","TOTAL","All Commodities","0","false","C00","TOTAL CPC","0","0","TOTAL MOT","-1","N/A","0","false","-1","N/A","0","false","0","true","0","false","243517.613",,"243517.613","4","false","true",
"C","A","20230101","2023","52","2023","120","CMR","Cameroon","M","Import","208","DNK","Denmark","0","W00","World","H6","HS","true","TOTAL","All Commodities","0","false","C00","TOTAL CPC","0","0","TOTAL MOT","-1","N/A","0","false","-1","N/A","0","false","0","true","0","false","11149316.134",,"11149316.134","4","false","true",
"C","A","20230101","2023","52","2023","120","CMR","Cameroon","M","Import","212","DMA","Dominica","0","W00","World","H6","HS","true","TOTAL","All Commodities","0","false","C00","TOTAL CPC","0","0","TOTAL MOT","-1","N/A","0","false","-1","N/A","0","false","0","false","0","false","19618.829",,"19618.829","0","false","true",
"C","A","20230101","2023","52","2023","120","CMR","Cameroon","M","Import","214","DOM","Dominican Rep.","0","W00","World","H6","HS","true","TOTAL","All Commodities","0","false","C00","TOTAL CPC","0","0","TOTAL MOT","-1","N/A","0","false","-1","N/A","0","false","0","false","0","false","12940.469",,"12940.469","0","false","true",
"C","A","20230101","2023","52","2023","120","CMR","Cameroon","M","Import","218","ECU","Ecuador","0","W00","World","H6","HS","true","TOTAL","All Commodities","0","false","C00","TOTAL CPC","0","0","TOTAL MOT","-1","N/A","0","false","-1","N/A","0","false","0","false","0","false","5205.097",,"5205.097","0","false","true",
"C","A","20230101","2023","52","2023","120","CMR","Cameroon","M","Import","222","SLV","El Salvador","0","W00","World","H6","HS","true","TOTAL","All Commodities","0","false","C00","TOTAL CPC","0","0","TOTAL MOT","-1","N/A","0","false","-1","N/A","0","false","0","false","0","false","5765.428",,"5765.428","0","false","true",
"C","A","20230101","2023","52","2023","120","CMR","Cameroon","M","Import","226","GNQ","Equatorial Guinea","0","W00","World","H6","HS","true","TOTAL","All Commodities","0","false","C00","TOTAL CPC","0","0","TOTAL MOT","-1","N/A","0","false","-1","N/A","0","false","0","false","0","false","3094578.597",,"3094578.597","0","false","true",
"C","A","20230101","2023","52","2023","120","CMR","Cameroon","M","Import","231","ETH","Ethiopia","0","W00","World","H6","HS","true","TOTAL","All Commodities","0","false","C00","TOTAL CPC","0","0","TOTAL MOT","-1","N/A","0","false","-1","N/A","0","false","0","false","0","false","128829.668",,"128829.668","0","false","true",
"C","A","20230101","2023","52","2023","120","CMR","Cameroon","M","Import","232","ERI","Eritrea","0","W00","World","H6","HS","true","TOTAL","All Commodities","0","false","C00","TOTAL CPC","0","0","TOTAL MOT","-1","N/A","0","false","-1","N/A","0","false","0","false","0","false","7906.9",,"7906.9","0","false","true",
"C","A","20230101","2023","52","2023","120","CMR","Cameroon","M","Import","233","EST","Estonia","0","W00","World","H6","HS","true","TOTAL","All Commodities","0","false","C00","TOTAL CPC","0","0","TOTAL MOT","-1","N/A","0","false","-1","N/A","0","false","0","false","0","false","27944896.715",,"27944896.715","0","false","true",
"C","A","20230101","2023","52","2023","120","CMR","Cameroon","M","Import","234","FRO","Faroe Isds","0","W00","World","H6","HS","true","TOTAL","All Commodities","0","false","C00","TOTAL CPC","0","0","TOTAL MOT","-1","N/A","0","false","-1","N/A","0","false","0","false","0","false","10357240.849",,"10357240.849","0","false","true",
"C","A","20230101","2023","52","2023","120","CMR","Cameroon","M","Import","239","SGS","South Georgia and the South Sandwich Islands","0","W00","World","H6","HS","true","TOTAL","All Commodities","0","false","C00","TOTAL CPC","0","0","TOTAL MOT","-1","N/A","0","false","-1","N/A","0","false","0","true","0","false","279358.779",,"279358.779","4","false","true",
"C","A","20230101","2023","52","2023","120","CMR","Cameroon","M","Import","246","FIN","Finland","0","W00","World","H6","HS","true","TOTAL","All Commodities","0","false","C00","TOTAL CPC","0","0","TOTAL MOT","-1","N/A","0","false","-1","N/A","0","false","0","true","0","false","32231691.646",,"32231691.646","4","false","true",
"C","A","20230101","2023","52","2023","120","CMR","Cameroon","M","Import","251","FRA","France","0","W00","World","H6","HS","true","TOTAL","All Commodities","0","false","C00","TOTAL CPC","0","0","TOTAL MOT","-1","N/A","0","false","-1","N/A","0","false","0","true","0","false","632408639.182",,"632408639.182","4","false","true",
"C","A","20230101","2023","52","2023","120","CMR","Cameroon","M","Import","258","PYF","French Polynesia","0","W00","World","H6","HS","true","TOTAL","All Commodities","0","false","C00","TOTAL CPC","0","0","TOTAL MOT","-1","N/A","0","false","-1","N/A","0","false","0","false","0","false","187999.405",,"187999.405","0","false","true",
"C","A","20230101","2023","52","2023","120","CMR","Cameroon","M","Import","262","DJI","Djibouti","0","W00","World","H6","HS","true","TOTAL","All Commodities","0","false","C00","TOTAL CPC","0","0","TOTAL MOT","-1","N/A","0","false","-1","N/A","0","false","0","false","0","false","1697.913",,"1697.913","0","false","true",
"C","A","20230101","2023","52","2023","120","CMR","Cameroon","M","Import","266","GAB","Gabon","0","W00","World","H6","HS","true","TOTAL","All Commodities","0","false","C00","TOTAL CPC","0","0","TOTAL MOT","-1","N/A","0","false","-1","N/A","0","false","0","true","0","false","57560738.083",,"57560738.083","4","false","true",
"C","A","20230101","2023","52","2023","120","CMR","Cameroon","M","Import","268","GEO","Georgia","0","W00","World","H6","HS","true","TOTAL","All Commodities","0","false","C00","TOTAL CPC","0","0","TOTAL MOT","-1","N/A","0","false","-1","N/A","0","false","0","false","0","false","935395.589",,"935395.589","0","false","true",
"C","A","20230101","2023","52","2023","120","CMR","Cameroon","M","Import","270","GMB","Gambia","0","W00","World","H6","HS","true","TOTAL","All Commodities","0","false","C00","TOTAL CPC","0","0","TOTAL MOT","-1","N/A","0","false","-1","N/A","0","false","0","false","0","false","48355.368",,"48355.368","0","false","true",
"C","A","20230101","2023","52","2023","120","CMR","Cameroon","M","Import","276","DEU","Germany","0","W00","World","H6","HS","true","TOTAL","All Commodities","0","false","C00","TOTAL CPC","0","0","TOTAL MOT","-1","N/A","0","false","-1","N/A","0","false","0","true","0","false","254528459.427",,"254528459.427","4","false","true",
"C","A","20230101","2023","52","2023","120","CMR","Cameroon","M","Import","288","GHA","Ghana","0","W00","World","H6","HS","true","TOTAL","All Commodities","0","false","C00","TOTAL CPC","0","0","TOTAL MOT","-1","N/A","0","false","-1","N/A","0","false","0","false","0","false","8277769.648",,"8277769.648","0","false","true",
"C","A","20230101","2023","52","2023","120","CMR","Cameroon","M","Import","292","GIB","Gibraltar","0","W00","World","H6","HS","true","TOTAL","All Commodities","0","false","C00","TOTAL CPC","0","0","TOTAL MOT","-1","N/A","0","false","-1","N/A","0","false","0","false","0","false","7155.718",,"7155.718","0","false","true",
"C","A","20230101","2023","52","2023","120","CMR","Cameroon","M","Import","300","GRC","Greece","0","W00","World","H6","HS","true","TOTAL","All Commodities","0","false","C00","TOTAL CPC","0","0","TOTAL MOT","-1","N/A","0","false","-1","N/A","0","false","0","true","0","false","83237970.605",,"83237970.605","4","false","true",
"C","A","20230101","2023","52","2023","120","CMR","Cameroon","M","Import","304","GRL","Greenland","0","W00","World","H6","HS","true","TOTAL","All Commodities","0","false","C00","TOTAL CPC","0","0","TOTAL MOT","-1","N/A","0","false","-1","N/A","0","false","0","false","0","false","4779.372",,"4779.372","0","false","true",
"C","A","20230101","2023","52","2023","120","CMR","Cameroon","M","Import","320","GTM","Guatemala","0","W00","World","H6","HS","true","TOTAL","All Commodities","0","false","C00","TOTAL CPC","0","0","TOTAL MOT","-1","N/A","0","false","-1","N/A","0","false","0","false","0","false","460266.528",,"460266.528","0","false","true",
"C","A","20230101","2023","52","2023","120","CMR","Cameroon","M","Import","324","GIN","Guinea","0","W00","World","H6","HS","true","TOTAL","All Commodities","0","false","C00","TOTAL CPC","0","0","TOTAL MOT","-1","N/A","0","false","-1","N/A","0","false","0","false","0","false","34352525.832",,"34352525.832","0","false","true",
"C","A","20230101","2023","52","2023","120","CMR","Cameroon","M","Import","332","HTI","Haiti","0","W00","World","H6","HS","true","TOTAL","All Commodities","0","false","C00","TOTAL CPC","0","0","TOTAL MOT","-1","N/A","0","false","-1","N/A","0","false","0","false","0","false","307.43",,"307.43","0","false","true",
"C","A","20230101","2023","52","2023","120","CMR","Cameroon","M","Import","336","VAT","Holy See (Vatican City State)","0","W00","World","H6","HS","true","TOTAL","All Commodities","0","false","C00","TOTAL CPC","0","0","TOTAL MOT","-1","N/A","0","false","-1","N/A","0","false","0","false","0","false","10355.955",,"10355.955","0","false","true",
"C","A","20230101","2023","52","2023","120","CMR","Cameroon","M","Import","340","HND","Honduras","0","W00","World","H6","HS","true","TOTAL","All Commodities","0","false","C00","TOTAL CPC","0","0","TOTAL MOT","-1","N/A","0","false","-1","N/A","0","false","0","false","0","false","522.854",,"522.854","0","false","true",
"C","A","20230101","2023","52","2023","120","CMR","Cameroon","M","Import","344","HKG","China, Hong Kong SAR","0","W00","World","H6","HS","true","TOTAL","All Commodities","0","false","C00","TOTAL CPC","0","0","TOTAL MOT","-1","N/A","0","false","-1","N/A","0","false","0","true","0","false","10059466.883",,"10059466.883","4","false","true",
"C","A","20230101","2023","52","2023","120","CMR","Cameroon","M","Import","348","HUN","Hungary","0","W00","World","H6","HS","true","TOTAL","All Commodities","0","false","C00","TOTAL CPC","0","0","TOTAL MOT","-1","N/A","0","false","-1","N/A","0","false","0","false","0","false","9312214.209",,"9312214.209","0","false","true",
"C","A","20230101","2023","52","2023","120","CMR","Cameroon","M","Import","352","ISL","Iceland","0","W00","World","H6","HS","true","TOTAL","All Commodities","0","false","C00","TOTAL CPC","0","0","TOTAL MOT","-1","N/A","0","false","-1","N/A","0","false","0","false","0","false","244865.528",,"244865.528","0","false","true",
"C","A","20230101","2023","52","2023","120","CMR","Cameroon","M","Import","360","IDN","Indonesia","0","W00","World","H6","HS","true","TOTAL","All Commodities","0","false","C00","TOTAL CPC","0","0","TOTAL MOT","-1","N/A","0","false","-1","N/A","0","false","0","false","0","false","150722648.814",,"150722648.814","0","false","true",
"C","A","20230101","2023","52","2023","120","CMR","Cameroon","M","Import","364","IRN","Iran","0","W00","World","H6","HS","true","TOTAL","All Commodities","0","false","C00","TOTAL CPC","0","0","TOTAL MOT","-1","N/A","0","false","-1","N/A","0","false","0","false","0","false","276844.257",,"276844.257","0","false","true",
"C","A","20230101","2023","52","2023","120","CMR","Cameroon","M","Import","368","IRQ","Iraq","0","W00","World","H6","HS","true","TOTAL","All Commodities","0","false","C00","TOTAL CPC","0","0","TOTAL MOT","-1","N/A","0","false","-1","N/A","0","false","0","false","0","false","711915.406",,"711915.406","0","false","true",
"C","A","20230101","2023","52","2023","120","CMR","Cameroon","M","Import","372","IRL","Ireland","0","W00","World","H6","HS","true","TOTAL","All Commodities","0","false","C00","TOTAL CPC","0","0","TOTAL MOT","-1","N/A","0","false","-1","N/A","0","false","0","true","0","false","30944447.051",,"30944447.051","4","false","true",
"C","A","20230101","2023","52","2023","120","CMR","Cameroon","M","Import","376","ISR","Israel","0","W00","World","H6","HS","true","TOTAL","All Commodities","0","false","C00","TOTAL CPC","0","0","TOTAL MOT","-1","N/A","0","false","-1","N/A","0","false","0","false","0","false","4781951.377",,"4781951.377","0","false","true",
"C","A","20230101","2023","52","2023","120","CMR","Cameroon","M","Import","380","ITA","Italy","0","W00","World","H6","HS","true","TOTAL","All Commodities","0","false","C00","TOTAL CPC","0","0","TOTAL MOT","-1","N/A","0","false","-1","N/A","0","false","0","true","0","false","161216309.633",,"161216309.633","4","false","true",
"C","A","20230101","2023","52","2023","120","CMR","Cameroon","M","Import","384","CIV","Côte d'Ivoire","0","W00","World","H6","HS","true","TOTAL","All Commodities","0","false","C00","TOTAL CPC","0","0","TOTAL MOT","-1","N/A","0","false","-1","N/A","0","false","0","false","0","false","126201296.655",,"126201296.655","0","false","true",
"C","A","20230101","2023","52","2023","120","CMR","Cameroon","M","Import","388","JAM","Jamaica","0","W00","World","H6","HS","true","TOTAL","All Commodities","0","false","C00","TOTAL CPC","0","0","TOTAL MOT","-1","N/A","0","false","-1","N/A","0","false","0","false","0","false","997.296",,"997.296","0","false","true",
"C","A","20230101","2023","52","2023","120","CMR","Cameroon","M","Import","392","JPN","Japan","0","W00","World","H6","HS","true","TOTAL","All Commodities","0","false","C00","TOTAL CPC","0","0","TOTAL MOT","-1","N/A","0","false","-1","N/A","0","false","0","true","0","false","178383224.729",,"178383224.729","4","false","true",
"C","A","20230101","2023","52","2023","120","CMR","Cameroon","M","Import","400","JOR","Jordan","0","W00","World","H6","HS","true","TOTAL","All Commodities","0","false","C00","TOTAL CPC","0","0","TOTAL MOT","-1","N/A","0","false","-1","N/A","0","false","0","false","0","false","5603666.003",,"5603666.003","0","false","true",
"C","A","20230101","2023","52","2023","120","CMR","Cameroon","M","Import","404","KEN","Kenya","0","W00","World","H6","HS","true","TOTAL","All Commodities","0","false","C00","TOTAL CPC","0","0","TOTAL MOT","-1","N/A","0","false","-1","N/A","0","false","0","false","0","false","771278.821",,"771278.821","0","false","true",
"C","A","20230101","2023","52","2023","120","CMR","Cameroon","M","Import","408","PRK","Dem. People's Rep. of Korea","0","W00","World","H6","HS","true","TOTAL","All Commodities","0","false","C00","TOTAL CPC","0","0","TOTAL MOT","-1","N/A","0","false","-1","N/A","0","false","0","false","0","false","161141.331",,"161141.331","0","false","true",
"C","A","20230101","2023","52","2023","120","CMR","Cameroon","M","Import","410","KOR","Rep. of Korea","0","W00","World","H6","HS","true","TOTAL","All Commodities","0","false","C00","TOTAL CPC","0","0","TOTAL MOT","-1","N/A","0","false","-1","N/A","0","false","0","true","0","false","164582467.127",,"164582467.127","4","false","true",
"C","A","20230101","2023","52","2023","120","CMR","Cameroon","M","Import","414","KWT","Kuwait","0","W00","World","H6","HS","true","TOTAL","All Commodities","0","false","C00","TOTAL CPC","0","0","TOTAL MOT","-1","N/A","0","false","-1","N/A","0","false","0","false","0","false","26877746.97",,"26877746.97","0","false","true",
"C","A","20230101","2023","52","2023","120","CMR","Cameroon","M","Import","422","LBN","Lebanon","0","W00","World","H6","HS","true","TOTAL","All Commodities","0","false","C00","TOTAL CPC","0","0","TOTAL MOT","-1","N/A","0","false","-1","N/A","0","false","0","true","0","false","7251009.153",,"7251009.153","4","false","true",
"C","A","20230101","2023","52","2023","120","CMR","Cameroon","M","Import","426","LSO","Lesotho","0","W00","World","H6","HS","true","TOTAL","All Commodities","0","false","C00","TOTAL CPC","0","0","TOTAL MOT","-1","N/A","0","false","-1","N/A","0","false","0","false","0","false","19607.988",,"19607.988","0","false","true",
"C","A","20230101","2023","52","2023","120","CMR","Cameroon","M","Import","428","LVA","Latvia","0","W00","World","H6","HS","true","TOTAL","All Commodities","0","false","C00","TOTAL CPC","0","0","TOTAL MOT","-1","N/A","0","false","-1","N/A","0","false","0","false","0","false","13239270.967",,"13239270.967","0","false","true",
"C","A","20230101","2023","52","2023","120","CMR","Cameroon","M","Import","430","LBR","Liberia","0","W00","World","H6","HS","true","TOTAL","All Commodities","0","false","C00","TOTAL CPC","0","0","TOTAL MOT","-1","N/A","0","false","-1","N/A","0","false","0","false","0","false","48972800.734",,"48972800.734","0","false","true",
"C","A","20230101","2023","52","2023","120","CMR","Cameroon","M","Import","434","LBY","Libya","0","W00","World","H6","HS","true","TOTAL","All Commodities","0","false","C00","TOTAL CPC","0","0","TOTAL MOT","-1","N/A","0","false","-1","N/A","0","false","0","false","0","false","3408733.903",,"3408733.903","0","false","true",
"C","A","20230101","2023","52","2023","120","CMR","Cameroon","M","Import","440","LTU","Lithuania","0","W00","World","H6","HS","true","TOTAL","All Commodities","0","false","C00","TOTAL CPC","0","0","TOTAL MOT","-1","N/A","0","false","-1","N/A","0","false","0","false","0","false","23726382.762",,"23726382.762","0","false","true",
"C","A","20230101","2023","52","2023","120","CMR","Cameroon","M","Import","442","LUX","Luxembourg","0","W00","World","H6","HS","true","TOTAL","All Commodities","0","false","C00","TOTAL CPC","0","0","TOTAL MOT","-1","N/A","0","false","-1","N/A","0","false","0","false","0","false","3728832.456",,"3728832.456","0","false","true",
"C","A","20230101","2023","52","2023","120","CMR","Cameroon","M","Import","450","MDG","Madagascar","0","W00","World","H6","HS","true","TOTAL","All Commodities","0","false","C00","TOTAL CPC","0","0","TOTAL MOT","-1","N/A","0","false","-1","N/A","0","false","0","false","0","false","439843.648",,"439843.648","0","false","true",
"C","A","20230101","2023","52","2023","120","CMR","Cameroon","M","Import","454","MWI","Malawi","0","W00","World","H6","HS","true","TOTAL","All Commodities","0","false","C00","TOTAL CPC","0","0","TOTAL MOT","-1","N/A","0","false","-1","N/A","0","false","0","false","0","false","5653.526",,"5653.526","0","false","true",
"C","A","20230101","2023","52","2023","120","CMR","Cameroon","M","Import","458","MYS","Malaysia","0","W00","World","H6","HS","true","TOTAL","All Commodities","0","false","C00","TOTAL CPC","0","0","TOTAL MOT","-1","N/A","0","false","-1","N/A","0","false","0","false","0","false","67737328.668",,"67737328.668","0","false","true",
"C","A","20230101","2023","52","2023","120","CMR","Cameroon","M","Import","466","MLI","Mali","0","W00","World","H6","HS","true","TOTAL","All Commodities","0","false","C00","TOTAL CPC","0","0","TOTAL MOT","-1","N/A","0","false","-1","N/A","0","false","0","false","0","false","21592.052",,"21592.052","0","false","true",
"C","A","20230101","2023","52","2023","120","CMR","Cameroon","M","Import","470","MLT","Malta","0","W00","World","H6","HS","true","TOTAL","All Commodities","0","false","C00","TOTAL CPC","0","0","TOTAL MOT","-1","N/A","0","false","-1","N/A","0","false","0","true","0","false","2062486.196",,"2062486.196","4","false","true",
"C","A","20230101","2023","52","2023","120","CMR","Cameroon","M","Import","478","MRT","Mauritania","0","W00","World","H6","HS","true","TOTAL","All Commodities","0","false","C00","TOTAL CPC","0","0","TOTAL MOT","-1","N/A","0","false","-1","N/A","0","false","0","false","0","false","51709739.31",,"51709739.31","0","false","true",
"C","A","20230101","2023","52","2023","120","CMR","Cameroon","M","Import","480","MUS","Mauritius","0","W00","World","H6","HS","true","TOTAL","All Commodities","0","false","C00","TOTAL CPC","0","0","TOTAL MOT","-1","N/A","0","false","-1","N/A","0","false","0","false","0","false","2422229.425",,"2422229.425","0","false","true",
"C","A","20230101","2023","52","2023","120","CMR","Cameroon","M","Import","484","MEX","Mexico","0","W00","World","H6","HS","true","TOTAL","All Commodities","0","false","C00","TOTAL CPC","0","0","TOTAL MOT","-1","N/A","0","false","-1","N/A","0","false","0","false","0","false","12245868.344",,"12245868.344","0","false","true",
"C","A","20230101","2023","52","2023","120","CMR","Cameroon","M","Import","490","S19","Other Asia, nes","0","W00","World","H6","HS","true","TOTAL","All Commodities","0","false","C00","TOTAL CPC","0","0","TOTAL MOT","-1","N/A","0","false","-1","N/A","0","false","0","false","0","false","14477667.766",,"14477667.766","0","false","true",
"C","A","20230101","2023","52","2023","120","CMR","Cameroon","M","Import","498","MDA","Rep. of Moldova","0","W00","World","H6","HS","true","TOTAL","All Commodities","0","false","C00","TOTAL CPC","0","0","TOTAL MOT","-1","N/A","0","false","-1","N/A","0","false","0","false","0","false","6608.582",,"6608.582","0","false","true",
"C","A","20230101","2023","52","2023","120","CMR","Cameroon","M","Import","499","MNE","Montenegro","0","W00","World","H6","HS","true","TOTAL","All Commodities","0","false","C00","TOTAL CPC","0","0","TOTAL MOT","-1","N/A","0","false","-1","N/A","0","false","0","false","0","false","120698.681",,"120698.681","0","false","true",
"C","A","20230101","2023","52","2023","120","CMR","Cameroon","M","Import","504","MAR","Morocco","0","W00","World","H6","HS","true","TOTAL","All Commodities","0","false","C00","TOTAL CPC","0","0","TOTAL MOT","-1","N/A","0","false","-1","N/A","0","false","0","false","0","false","78402614.674",,"78402614.674","0","false","true",
"C","A","20230101","2023","52","2023","120","CMR","Cameroon","M","Import","508","MOZ","Mozambique","0","W00","World","H6","HS","true","TOTAL","All Commodities","0","false","C00","TOTAL CPC","0","0","TOTAL MOT","-1","N/A","0","false","-1","N/A","0","false","0","false","0","false","146557.69",,"146557.69","0","false","true",
"C","A","20230101","2023","52","2023","120","CMR","Cameroon","M","Import","512","OMN","Oman","0","W00","World","H6","HS","true","TOTAL","All Commodities","0","false","C00","TOTAL CPC","0","0","TOTAL MOT","-1","N/A","0","false","-1","N/A","0","false","0","false","0","false","13308017.589",,"13308017.589","0","false","true",
"C","A","20230101","2023","52","2023","120","CMR","Cameroon","M","Import","528","NLD","Netherlands","0","W00","World","H6","HS","true","TOTAL","All Commodities","0","false","C00","TOTAL CPC","0","0","TOTAL MOT","-1","N/A","0","false","-1","N/A","0","false","0","true","0","false","159767631.09",,"159767631.09","4","false","true",
"C","A","20230101","2023","52","2023","120","CMR","Cameroon","M","Import","533","ABW","Aruba","0","W00","World","H6","HS","true","TOTAL","All Commodities","0","false","C00","TOTAL CPC","0","0","TOTAL MOT","-1","N/A","0","false","-1","N/A","0","false","0","false","0","false","1554.43",,"1554.43","0","false","true",
"C","A","20230101","2023","52","2023","120","CMR","Cameroon","M","Import","554","NZL","New Zealand","0","W00","World","H6","HS","true","TOTAL","All Commodities","0","false","C00","TOTAL CPC","0","0","TOTAL MOT","-1","N/A","0","false","-1","N/A","0","false","0","false","0","false","34647809.239",,"34647809.239","0","false","true",
"C","A","20230101","2023","52","2023","120","CMR","Cameroon","M","Import","558","NIC","Nicaragua","0","W00","World","H6","HS","true","TOTAL","All Commodities","0","false","C00","TOTAL CPC","0","0","TOTAL MOT","-1","N/A","0","false","-1","N/A","0","false","0","false","0","false","876.304",,"876.304","0","false","true",
"C","A","20230101","2023","52","2023","120","CMR","Cameroon","M","Import","562","NER","Niger","0","W00","World","H6","HS","true","TOTAL","All Commodities","0","false","C00","TOTAL CPC","0","0","TOTAL MOT","-1","N/A","0","false","-1","N/A","0","false","0","false","0","false","6873.575",,"6873.575","0","false","true",
"C","A","20230101","2023","52","2023","120","CMR","Cameroon","M","Import","566","NGA","Nigeria","0","W00","World","H6","HS","true","TOTAL","All Commodities","0","false","C00","TOTAL CPC","0","0","TOTAL MOT","-1","N/A","0","false","-1","N/A","0","false","0","true","0","false","65500883.673",,"65500883.673","4","false","true",
"C","A","20230101","2023","52","2023","120","CMR","Cameroon","M","Import","579","NOR","Norway","0","W00","World","H6","HS","true","TOTAL","All Commodities","0","false","C00","TOTAL CPC","0","0","TOTAL MOT","-1","N/A","0","false","-1","N/A","0","false","0","true","0","false","188077224.433",,"188077224.433","4","false","true",
"C","A","20230101","2023","52","2023","120","CMR","Cameroon","M","Import","586","PAK","Pakistan","0","W00","World","H6","HS","true","TOTAL","All Commodities","0","false","C00","TOTAL CPC","0","0","TOTAL MOT","-1","N/A","0","false","-1","N/A","0","false","0","false","0","false","13087859.229",,"13087859.229","0","false","true",
"C","A","20230101","2023","52","2023","120","CMR","Cameroon","M","Import","591","PAN","Panama","0","W00","World","H6","HS","true","TOTAL","All Commodities","0","false","C00","TOTAL CPC","0","0","TOTAL MOT","-1","N/A","0","false","-1","N/A","0","false","0","false","0","false","250.479",,"250.479","0","false","true",
"C","A","20230101","2023","52","2023","120","CMR","Cameroon","M","Import","600","PRY","Paraguay","0","W00","World","H6","HS","true","TOTAL","All Commodities","0","false","C00","TOTAL CPC","0","0","TOTAL MOT","-1","N/A","0","false","-1","N/A","0","false","0","false","0","false","309007.011",,"309007.011","0","false","true",
"C","A","20230101","2023","52","2023","120","CMR","Cameroon","M","Import","604","PER","Peru","0","W00","World","H6","HS","true","TOTAL","All Commodities","0","false","C00","TOTAL CPC","0","0","TOTAL MOT","-1","N/A","0","false","-1","N/A","0","false","0","false","0","false","24014177.703",,"24014177.703","0","false","true",
"C","A","20230101","2023","52","2023","120","CMR","Cameroon","M","Import","608","PHL","Philippines","0","W00","World","H6","HS","true","TOTAL","All Commodities","0","false","C00","TOTAL CPC","0","0","TOTAL MOT","-1","N/A","0","false","-1","N/A","0","false","0","false","0","false","8559230.534",,"8559230.534","0","false","true",
"C","A","20230101","2023","52","2023","120","CMR","Cameroon","M","Import","616","POL","Poland","0","W00","World","H6","HS","true","TOTAL","All Commodities","0","false","C00","TOTAL CPC","0","0","TOTAL MOT","-1","N/A","0","false","-1","N/A","0","false","0","false","0","false","111718857.883",,"111718857.883","0","false","true",
"C","A","20230101","2023","52","2023","120","CMR","Cameroon","M","Import","620","PRT","Portugal","0","W00","World","H6","HS","true","TOTAL","All Commodities","0","false","C00","TOTAL CPC","0","0","TOTAL MOT","-1","N/A","0","false","-1","N/A","0","false","0","true","0","false","19401668.724",,"19401668.724","4","false","true",
"C","A","20230101","2023","52","2023","120","CMR","Cameroon","M","Import","634","QAT","Qatar","0","W00","World","H6","HS","true","TOTAL","All Commodities","0","false","C00","TOTAL CPC","0","0","TOTAL MOT","-1","N/A","0","false","-1","N/A","0","false","0","false","0","false","23513502.31",,"23513502.31","0","false","true",
"C","A","20230101","2023","52","2023","120","CMR","Cameroon","M","Import","642","ROU","Romania","0","W00","World","H6","HS","true","TOTAL","All Commodities","0","false","C00","TOTAL CPC","0","0","TOTAL MOT","-1","N/A","0","false","-1","N/A","0","false","0","false","0","false","5161723.811",,"5161723.811","0","false","true",
"C","A","20230101","2023","52","2023","120","CMR","Cameroon","M","Import","643","RUS","Russian Federation","0","W00","World","H6","HS","true","TOTAL","All Commodities","0","false","C00","TOTAL CPC","0","0","TOTAL MOT","-1","N/A","0","false","-1","N/A","0","false","0","false","0","false","55935120.702",,"55935120.702","0","false","true",
"C","A","20230101","2023","52","2023","120","CMR","Cameroon","M","Import","646","RWA","Rwanda","0","W00","World","H6","HS","true","TOTAL","All Commodities","0","false","C00","TOTAL CPC","0","0","TOTAL MOT","-1","N/A","0","false","-1","N/A","0","false","0","false","0","false","3351063.488",,"3351063.488","0","false","true",
"C","A","20230101","2023","52","2023","120","CMR","Cameroon","M","Import","652","BLM","Saint Barthélemy","0","W00","World","H6","HS","true","TOTAL","All Commodities","0","false","C00","TOTAL CPC","0","0","TOTAL MOT","-1","N/A","0","false","-1","N/A","0","false","0","false","0","false","4687.291",,"4687.291","0","false","true",
"C","A","20230101","2023","52","2023","120","CMR","Cameroon","M","Import","654","SHN","Saint Helena","0","W00","World","H6","HS","true","TOTAL","All Commodities","0","false","C00","TOTAL CPC","0","0","TOTAL MOT","-1","N/A","0","false","-1","N/A","0","false","0","false","0","false","1268.238",,"1268.238","0","false","true",
"C","A","20230101","2023","52","2023","120","CMR","Cameroon","M","Import","659","KNA","Saint Kitts and Nevis","0","W00","World","H6","HS","true","TOTAL","All Commodities","0","false","C00","TOTAL CPC","0","0","TOTAL MOT","-1","N/A","0","false","-1","N/A","0","false","0","false","0","false","651.791",,"651.791","0","false","true",
"C","A","20230101","2023","52","2023","120","CMR","Cameroon","M","Import","660","AIA","Anguilla","0","W00","World","H6","HS","true","TOTAL","All Commodities","0","false","C00","TOTAL CPC","0","0","TOTAL MOT","-1","N/A","0","false","-1","N/A","0","false","0","false","0","false","31.151",,"31.151","0","false","true",
"C","A","20230101","2023","52","2023","120","CMR","Cameroon","M","Import","674","SMR","San Marino","0","W00","World","H6","HS","true","TOTAL","All Commodities","0","false","C00","TOTAL CPC","0","0","TOTAL MOT","-1","N/A","0","false","-1","N/A","0","false","0","false","0","false","2043.084",,"2043.084","0","false","true",
"C","A","20230101","2023","52","2023","120","CMR","Cameroon","M","Import","678","STP","Sao Tome and Principe","0","W00","World","H6","HS","true","TOTAL","All Commodities","0","false","C00","TOTAL CPC","0","0","TOTAL MOT","-1","N/A","0","false","-1","N/A","0","false","0","false","0","false","287295.497",,"287295.497","0","false","true",
"C","A","20230101","2023","52","2023","120","CMR","Cameroon","M","Import","682","SAU","Saudi Arabia","0","W00","World","H6","HS","true","TOTAL","All Commodities","0","false","C00","TOTAL CPC","0","0","TOTAL MOT","-1","N/A","0","false","-1","N/A","0","false","0","true","0","false","117251213.892",,"117251213.892","4","false","true",
"C","A","20230101","2023","52","2023","120","CMR","Cameroon","M","Import","686","SEN","Senegal","0","W00","World","H6","HS","true","TOTAL","All Commodities","0","false","C00","TOTAL CPC","0","0","TOTAL MOT","-1","N/A","0","false","-1","N/A","0","false","0","false","0","false","21090639.363",,"21090639.363","0","false","true",
"C","A","20230101","2023","52","2023","120","CMR","Cameroon","M","Import","688","SRB","Serbia","0","W00","World","H6","HS","true","TOTAL","All Commodities","0","false","C00","TOTAL CPC","0","0","TOTAL MOT","-1","N/A","0","false","-1","N/A","0","false","0","false","0","false","1834893.223",,"1834893.223","0","false","true",
"C","A","20230101","2023","52","2023","120","CMR","Cameroon","M","Import","690","SYC","Seychelles","0","W00","World","H6","HS","true","TOTAL","All Commodities","0","false","C00","TOTAL CPC","0","0","TOTAL MOT","-1","N/A","0","false","-1","N/A","0","false","0","false","0","false","374955.078",,"374955.078","0","false","true",
"C","A","20230101","2023","52","2023","120","CMR","Cameroon","M","Import","694","SLE","Sierra Leone","0","W00","World","H6","HS","true","TOTAL","All Commodities","0","false","C00","TOTAL CPC","0","0","TOTAL MOT","-1","N/A","0","false","-1","N/A","0","false","0","false","0","false","149164.123",,"149164.123","0","false","true",
"C","A","20230101","2023","52","2023","120","CMR","Cameroon","M","Import","699","IND","India","0","W00","World","H6","HS","true","TOTAL","All Commodities","0","false","C00","TOTAL CPC","0","0","TOTAL MOT","-1","N/A","0","false","-1","N/A","0","false","0","true","0","false","959886844.082",,"959886844.082","4","false","true",
"C","A","20230101","2023","52","2023","120","CMR","Cameroon","M","Import","702","SGP","Singapore","0","W00","World","H6","HS","true","TOTAL","All Commodities","0","false","C00","TOTAL CPC","0","0","TOTAL MOT","-1","N/A","0","false","-1","N/A","0","false","0","true","0","false","57998415.91",,"57998415.91","4","false","true",
"C","A","20230101","2023","52","2023","120","CMR","Cameroon","M","Import","703","SVK","Slovakia","0","W00","World","H6","HS","true","TOTAL","All Commodities","0","false","C00","TOTAL CPC","0","0","TOTAL MOT","-1","N/A","0","false","-1","N/A","0","false","0","false","0","false","3306582.786",,"3306582.786","0","false","true",
"C","A","20230101","2023","52","2023","120","CMR","Cameroon","M","Import","704","VNM","Viet Nam","0","W00","World","H6","HS","true","TOTAL","All Commodities","0","false","C00","TOTAL CPC","0","0","TOTAL MOT","-1","N/A","0","false","-1","N/A","0","false","0","true","0","false","20728949.687",,"20728949.687","4","false","true",
"C","A","20230101","2023","52","2023","120","CMR","Cameroon","M","Import","705","SVN","Slovenia","0","W00","World","H6","HS","true","TOTAL","All Commodities","0","false","C00","TOTAL CPC","0","0","TOTAL MOT","-1","N/A","0","false","-1","N/A","0","false","0","true","0","false","7024831.683",,"7024831.683","4","false","true",
"C","A","20230101","2023","52","2023","120","CMR","Cameroon","M","Import","710","ZAF","South Africa","0","W00","World","H6","HS","true","TOTAL","All Commodities","0","false","C00","TOTAL CPC","0","0","TOTAL MOT","-1","N/A","0","false","-1","N/A","0","false","0","false","0","false","76528846.684",,"76528846.684","0","false","true",
"C","A","20230101","2023","52","2023","120","CMR","Cameroon","M","Import","716","ZWE","Zimbabwe","0","W00","World","H6","HS","true","TOTAL","All Commodities","0","false","C00","TOTAL CPC","0","0","TOTAL MOT","-1","N/A","0","false","-1","N/A","0","false","0","false","0","false","2549.423",,"2549.423","0","false","true",
"C","A","20230101","2023","52","2023","120","CMR","Cameroon","M","Import","724","ESP","Spain","0","W00","World","H6","HS","true","TOTAL","All Commodities","0","false","C00","TOTAL CPC","0","0","TOTAL MOT","-1","N/A","0","false","-1","N/A","0","false","0","true","0","false","172467094.779",,"172467094.779","4","false","true",
"C","A","20230101","2023","52","2023","120","CMR","Cameroon","M","Import","729","SDN","Sudan","0","W00","World","H6","HS","true","TOTAL","All Commodities","0","false","C00","TOTAL CPC","0","0","TOTAL MOT","-1","N/A","0","false","-1","N/A","0","false","0","false","0","false","7287.784",,"7287.784","0","false","true",
"C","A","20230101","2023","52","2023","120","CMR","Cameroon","M","Import","740","SUR","Suriname","0","W00","World","H6","HS","true","TOTAL","All Commodities","0","false","C00","TOTAL CPC","0","0","TOTAL MOT","-1","N/A","0","false","-1","N/A","0","false","0","false","0","false","1789.462",,"1789.462","0","false","true",
"C","A","20230101","2023","52","2023","120","CMR","Cameroon","M","Import","748","SWZ","Eswatini","0","W00","World","H6","HS","true","TOTAL","All Commodities","0","false","C00","TOTAL CPC","0","0","TOTAL MOT","-1","N/A","0","false","-1","N/A","0","false","0","false","0","false","306377.885",,"306377.885","0","false","true",
"C","A","20230101","2023","52","2023","120","CMR","Cameroon","M","Import","752","SWE","Sweden","0","W00","World","H6","HS","true","TOTAL","All Commodities","0","false","C00","TOTAL CPC","0","0","TOTAL MOT","-1","N/A","0","false","-1","N/A","0","false","0","true","0","false","30667256.778",,"30667256.778","4","false","true",
"C","A","20230101","2023","52","2023","120","CMR","Cameroon","M","Import","757","CHE","Switzerland","0","W00","World","H6","HS","true","TOTAL","All Commodities","0","false","C00","TOTAL CPC","0","0","TOTAL MOT","-1","N/A","0","false","-1","N/A","0","false","0","true","0","false","33794375.416",,"33794375.416","4","false","true",
"C","A","20230101","2023","52","2023","120","CMR","Cameroon","M","Import","760","SYR","Syria","0","W00","World","H6","HS","true","TOTAL","All Commodities","0","false","C00","TOTAL CPC","0","0","TOTAL MOT","-1","N/A","0","false","-1","N/A","0","false","0","false","0","false","52.184",,"52.184","0","false","true",
"C","A","20230101","2023","52","2023","120","CMR","Cameroon","M","Import","764","THA","Thailand","0","W00","World","H6","HS","true","TOTAL","All Commodities","0","false","C00","TOTAL CPC","0","0","TOTAL MOT","-1","N/A","0","false","-1","N/A","0","false","0","true","0","false","154411998.698",,"154411998.698","4","false","true",
"C","A","20230101","2023","52","2023","120","CMR","Cameroon","M","Import","768","TGO","Togo","0","W00","World","H6","HS","true","TOTAL","All Commodities","0","false","C00","TOTAL CPC","0","0","TOTAL MOT","-1","N/A","0","false","-1","N/A","0","false","0","false","0","false","21327615.341",,"21327615.341","0","false","true",
"C","A","20230101","2023","52","2023","120","CMR","Cameroon","M","Import","772","TKL","Tokelau","0","W00","World","H6","HS","true","TOTAL","All Commodities","0","false","C00","TOTAL CPC","0","0","TOTAL MOT","-1","N/A","0","false","-1","N/A","0","false","0","false","0","false","11326.784",,"11326.784","0","false","true",
"C","A","20230101","2023","52","2023","120","CMR","Cameroon","M","Import","780","TTO","Trinidad and Tobago","0","W00","World","H6","HS","true","TOTAL","All Commodities","0","false","C00","TOTAL CPC","0","0","TOTAL MOT","-1","N/A","0","false","-1","N/A","0","false","0","false","0","false","39204.086",,"39204.086","0","false","true",
"C","A","20230101","2023","52","2023","120","CMR","Cameroon","M","Import","784","ARE","United Arab Emirates","0","W00","World","H6","HS","true","TOTAL","All Commodities","0","false","C00","TOTAL CPC","0","0","TOTAL MOT","-1","N/A","0","false","-1","N/A","0","false","0","true","0","false","211207952.794",,"211207952.794","4","false","true",
"C","A","20230101","2023","52","2023","120","CMR","Cameroon","M","Import","788","TUN","Tunisia","0","W00","World","H6","HS","true","TOTAL","All Commodities","0","false","C00","TOTAL CPC","0","0","TOTAL MOT","-1","N/A","0","false","-1","N/A","0","false","0","false","0","false","37339324.22",,"37339324.22","0","false","true",
"C","A","20230101","2023","52","2023","120","CMR","Cameroon","M","Import","792","TUR","Türkiye","0","W00","World","H6","HS","true","TOTAL","All Commodities","0","false","C00","TOTAL CPC","0","0","TOTAL MOT","-1","N/A","0","false","-1","N/A","0","false","0","true","0","false","158418578.73",,"158418578.73","4","false","true",
"C","A","20230101","2023","52","2023","120","CMR","Cameroon","M","Import","796","TCA","Turks and Caicos Isds","0","W00","World","H6","HS","true","TOTAL","All Commodities","0","false","C00","TOTAL CPC","0","0","TOTAL MOT","-1","N/A","0","false","-1","N/A","0","false","0","false","0","false","6079.859",,"6079.859","0","false","true",
"C","A","20230101","2023","52","2023","120","CMR","Cameroon","M","Import","800","UGA","Uganda","0","W00","World","H6","HS","true","TOTAL","All Commodities","0","false","C00","TOTAL CPC","0","0","TOTAL MOT","-1","N/A","0","false","-1","N/A","0","false","0","false","0","false","57083.426",,"57083.426","0","false","true",
"C","A","20230101","2023","52","2023","120","CMR","Cameroon","M","Import","804","UKR","Ukraine","0","W00","World","H6","HS","true","TOTAL","All Commodities","0","false","C00","TOTAL CPC","0","0","TOTAL MOT","-1","N/A","0","false","-1","N/A","0","false","0","true","0","false","49090174.101",,"49090174.101","4","false","true",
"C","A","20230101","2023","52","2023","120","CMR","Cameroon","M","Import","807","MKD","North Macedonia","0","W00","World","H6","HS","true","TOTAL","All Commodities","0","false","C00","TOTAL CPC","0","0","TOTAL MOT","-1","N/A","0","false","-1","N/A","0","false","0","false","0","false","137406.597",,"137406.597","0","false","true",
"C","A","20230101","2023","52","2023","120","CMR","Cameroon","M","Import","818","EGY","Egypt","0","W00","World","H6","HS","true","TOTAL","All Commodities","0","false","C00","TOTAL CPC","0","0","TOTAL MOT","-1","N/A","0","false","-1","N/A","0","false","0","false","0","false","75723682.943",,"75723682.943","0","false","true",
"C","A","20230101","2023","52","2023","120","CMR","Cameroon","M","Import","826","GBR","United Kingdom","0","W00","World","H6","HS","true","TOTAL","All Commodities","0","false","C00","TOTAL CPC","0","0","TOTAL MOT","-1","N/A","0","false","-1","N/A","0","false","0","true","0","false","181692826.421",,"181692826.421","4","false","true",
"C","A","20230101","2023","52","2023","120","CMR","Cameroon","M","Import","834","TZA","United Rep. of Tanzania","0","W00","World","H6","HS","true","TOTAL","All Commodities","0","false","C00","TOTAL CPC","0","0","TOTAL MOT","-1","N/A","0","false","-1","N/A","0","false","0","false","0","false","101326.221",,"101326.221","0","false","true",
"C","A","20230101","2023","52","2023","120","CMR","Cameroon","M","Import","842","USA","USA","0","W00","World","H6","HS","true","TOTAL","All Commodities","0","false","C00","TOTAL CPC","0","0","TOTAL MOT","-1","N/A","0","false","-1","N/A","0","false","0","true","0","false","400945572.693",,"400945572.693","4","false","true",
"C","A","20230101","2023","52","2023","120","CMR","Cameroon","M","Import","854","BFA","Burkina Faso","0","W00","World","H6","HS","true","TOTAL","All Commodities","0","false","C00","TOTAL CPC","0","0","TOTAL MOT","-1","N/A","0","false","-1","N/A","0","false","0","false","0","false","144465.825",,"144465.825","0","false","true",
"C","A","20230101","2023","52","2023","120","CMR","Cameroon","M","Import","858","URY","Uruguay","0","W00","World","H6","HS","true","TOTAL","All Commodities","0","false","C00","TOTAL CPC","0","0","TOTAL MOT","-1","N/A","0","false","-1","N/A","0","false","0","false","0","false","17551195.877",,"17551195.877","0","false","true",
"C","A","20230101","2023","52","2023","120","CMR","Cameroon","M","Import","887","YEM","Yemen","0","W00","World","H6","HS","true","TOTAL","All Commodities","0","false","C00","TOTAL CPC","0","0","TOTAL MOT","-1","N/A","0","false","-1","N/A","0","false","0","false","0","false","1572708.1",,"1572708.1","0","false","true",
"C","A","20230101","2023","52","2023","120","CMR","Cameroon","M","Import","894","ZMB","Zambia","0","W00","World","H6","HS","true","TOTAL","All Commodities","0","false","C00","TOTAL CPC","0","0","TOTAL MOT","-1","N/A","0","false","-1","N/A","0","false","0","false","0","false","284592.444",,"284592.444","0","false","true",
"C","A","20230101","2023","52","2023","120","CMR","Cameroon","M","Import","899","_X ","Areas, nes","0","W00","World","H6","HS","true","TOTAL","All Commodities","0","false","C00","TOTAL CPC","0","0","TOTAL MOT","-1","N/A","0","false","-1","N/A","0","false","0","true","0","false","6504716.316",,"6504716.316","4","false","true",
"C","A","20230101","2023","52","2023","120","CMR","Cameroon","X","Export","0","W00","World","0","W00","World","H6","HS","true","TOTAL","All Commodities","0","false","C00","TOTAL CPC","0","0","TOTAL MOT","-1","N/A","0","false","-1","N/A","0","false","0","true","0","false",,"4967511895.978","4967511895.978","4","false","true",
"C","A","20230101","2023","52","2023","120","CMR","Cameroon","X","Export","8","ALB","Albania","0","W00","World","H6","HS","true","TOTAL","All Commodities","0","false","C00","TOTAL CPC","0","0","TOTAL MOT","-1","N/A","0","false","-1","N/A","0","false","0","false","0","false",,"755360.896","755360.896","0","false","true",
"C","A","20230101","2023","52","2023","120","CMR","Cameroon","X","Export","12","DZA","Algeria","0","W00","World","H6","HS","true","TOTAL","All Commodities","0","false","C00","TOTAL CPC","0","0","TOTAL MOT","-1","N/A","0","false","-1","N/A","0","false","0","false","0","false",,"12757512.263","12757512.263","0","false","true",
"C","A","20230101","2023","52","2023","120","CMR","Cameroon","X","Export","24","AGO","Angola","0","W00","World","H6","HS","true","TOTAL","All Commodities","0","false","C00","TOTAL CPC","0","0","TOTAL MOT","-1","N/A","0","false","-1","N/A","0","false","0","false","0","false",,"848550.675","848550.675","0","false","true",
"C","A","20230101","2023","52","2023","120","CMR","Cameroon","X","Export","32","ARG","Argentina","0","W00","World","H6","HS","true","TOTAL","All Commodities","0","false","C00","TOTAL CPC","0","0","TOTAL MOT","-1","N/A","0","false","-1","N/A","0","false","0","false","0","false",,"63602.153","63602.153","0","false","true",
"C","A","20230101","2023","52","2023","120","CMR","Cameroon","X","Export","36","AUS","Australia","0","W00","World","H6","HS","true","TOTAL","All Commodities","0","false","C00","TOTAL CPC","0","0","TOTAL MOT","-1","N/A","0","false","-1","N/A","0","false","0","false","0","false",,"73386.834","73386.834","0","false","true",
"C","A","20230101","2023","52","2023","120","CMR","Cameroon","X","Export","40","AUT","Austria","0","W00","World","H6","HS","true","TOTAL","All Commodities","0","false","C00","TOTAL CPC","0","0","TOTAL MOT","-1","N/A","0","false","-1","N/A","0","false","0","false","0","false",,"653287.837","653287.837","0","false","true",
"C","A","20230101","2023","52","2023","120","CMR","Cameroon","X","Export","50","BGD","Bangladesh","0","W00","World","H6","HS","true","TOTAL","All Commodities","0","false","C00","TOTAL CPC","0","0","TOTAL MOT","-1","N/A","0","false","-1","N/A","0","false","0","false","0","false",,"211255291.599","211255291.599","0","false","true",
"C","A","20230101","2023","52","2023","120","CMR","Cameroon","X","Export","56","BEL","Belgium","0","W00","World","H6","HS","true","TOTAL","All Commodities","0","false","C00","TOTAL CPC","0","0","TOTAL MOT","-1","N/A","0","false","-1","N/A","0","false","0","false","0","false",,"164941445.714","164941445.714","0","false","true",
"C","A","20230101","2023","52","2023","120","CMR","Cameroon","X","Export","72","BWA","Botswana","0","W00","World","H6","HS","true","TOTAL","All Commodities","0","false","C00","TOTAL CPC","0","0","TOTAL MOT","-1","N/A","0","false","-1","N/A","0","false","0","false","0","false",,"3033.843","3033.843","0","false","true",
"C","A","20230101","2023","52","2023","120","CMR","Cameroon","X","Export","76","BRA","Brazil","0","W00","World","H6","HS","true","TOTAL","All Commodities","0","false","C00","TOTAL CPC","0","0","TOTAL MOT","-1","N/A","0","false","-1","N/A","0","false","0","false","0","false",,"6535618.454","6535618.454","0","false","true",
"C","A","20230101","2023","52","2023","120","CMR","Cameroon","X","Export","100","BGR","Bulgaria","0","W00","World","H6","HS","true","TOTAL","All Commodities","0","false","C00","TOTAL CPC","0","0","TOTAL MOT","-1","N/A","0","false","-1","N/A","0","false","0","false","0","false",,"557594.438","557594.438","0","false","true",
"C","A","20230101","2023","52","2023","120","CMR","Cameroon","X","Export","108","BDI","Burundi","0","W00","World","H6","HS","true","TOTAL","All Commodities","0","false","C00","TOTAL CPC","0","0","TOTAL MOT","-1","N/A","0","false","-1","N/A","0","false","0","false","0","false",,"98103.509","98103.509","0","false","true",
"C","A","20230101","2023","52","2023","120","CMR","Cameroon","X","Export","124","CAN","Canada","0","W00","World","H6","HS","true","TOTAL","All Commodities","0","false","C00","TOTAL CPC","0","0","TOTAL MOT","-1","N/A","0","false","-1","N/A","0","false","0","false","0","false",,"2423817.481","2423817.481","0","false","true",
"C","A","20230101","2023","52","2023","120","CMR","Cameroon","X","Export","132","CPV","Cabo Verde","0","W00","World","H6","HS","true","TOTAL","All Commodities","0","false","C00","TOTAL CPC","0","0","TOTAL MOT","-1","N/A","0","false","-1","N/A","0","false","0","false","0","false",,"137493.573","137493.573","0","false","true",
"C","A","20230101","2023","52","2023","120","CMR","Cameroon","X","Export","140","CAF","Central African Rep.","0","W00","World","H6","HS","true","TOTAL","All Commodities","0","false","C00","TOTAL CPC","0","0","TOTAL MOT","-1","N/A","0","false","-1","N/A","0","false","0","true","0","false",,"56454612.17","56454612.17","4","false","true",
"C","A","20230101","2023","52","2023","120","CMR","Cameroon","X","Export","144","LKA","Sri Lanka","0","W00","World","H6","HS","true","TOTAL","All Commodities","0","false","C00","TOTAL CPC","0","0","TOTAL MOT","-1","N/A","0","false","-1","N/A","0","false","0","false","0","false",,"306.669","306.669","0","false","true",
"C","A","20230101","2023","52","2023","120","CMR","Cameroon","X","Export","148","TCD","Chad","0","W00","World","H6","HS","true","TOTAL","All Commodities","0","false","C00","TOTAL CPC","0","0","TOTAL MOT","-1","N/A","0","false","-1","N/A","0","false","0","false","0","false",,"247855268.257","247855268.257","0","false","true",
"C","A","20230101","2023","52","2023","120","CMR","Cameroon","X","Export","156","CHN","China","0","W00","World","H6","HS","true","TOTAL","All Commodities","0","false","C00","TOTAL CPC","0","0","TOTAL MOT","-1","N/A","0","false","-1","N/A","0","false","0","false","0","false",,"385441912.627","385441912.627","0","false","true",
"C","A","20230101","2023","52","2023","120","CMR","Cameroon","X","Export","170","COL","Colombia","0","W00","World","H6","HS","true","TOTAL","All Commodities","0","false","C00","TOTAL CPC","0","0","TOTAL MOT","-1","N/A","0","false","-1","N/A","0","false","0","false","0","false",,"21699.838","21699.838","0","false","true",
"C","A","20230101","2023","52","2023","120","CMR","Cameroon","X","Export","178","COG","Congo","0","W00","World","H6","HS","true","TOTAL","All Commodities","0","false","C00","TOTAL CPC","0","0","TOTAL MOT","-1","N/A","0","false","-1","N/A","0","false","0","true","0","false",,"32051173.268","32051173.268","4","false","true",
"C","A","20230101","2023","52","2023","120","CMR","Cameroon","X","Export","180","COD","Dem. Rep. of the Congo","0","W00","World","H6","HS","true","TOTAL","All Commodities","0","false","C00","TOTAL CPC","0","0","TOTAL MOT","-1","N/A","0","false","-1","N/A","0","false","0","false","0","false",,"7500768.662","7500768.662","0","false","true",
"C","A","20230101","2023","52","2023","120","CMR","Cameroon","X","Export","191","HRV","Croatia","0","W00","World","H6","HS","true","TOTAL","All Commodities","0","false","C00","TOTAL CPC","0","0","TOTAL MOT","-1","N/A","0","false","-1","N/A","0","false","0","false","0","false",,"212664.701","212664.701","0","false","true",
"C","A","20230101","2023","52","2023","120","CMR","Cameroon","X","Export","196","CYP","Cyprus","0","W00","World","H6","HS","true","TOTAL","All Commodities","0","false","C00","TOTAL CPC","0","0","TOTAL MOT","-1","N/A","0","false","-1","N/A","0","false","0","false","0","false",,"218430.604","218430.604","0","false","true",
"C","A","20230101","2023","52","2023","120","CMR","Cameroon","X","Export","203","CZE","Czechia","0","W00","World","H6","HS","true","TOTAL","All Commodities","0","false","C00","TOTAL CPC","0","0","TOTAL MOT","-1","N/A","0","false","-1","N/A","0","false","0","false","0","false",,"346710.591","346710.591","0","false","true",
"C","A","20230101","2023","52","2023","120","CMR","Cameroon","X","Export","204","BEN","Benin","0","W00","World","H6","HS","true","TOTAL","All Commodities","0","false","C00","TOTAL CPC","0","0","TOTAL MOT","-1","N/A","0","false","-1","N/A","0","false","0","false","0","false",,"582588.47","582588.47","0","false","true",
"C","A","20230101","2023","52","2023","120","CMR","Cameroon","X","Export","208","DNK","Denmark","0","W00","World","H6","HS","true","TOTAL","All Commodities","0","false","C00","TOTAL CPC","0","0","TOTAL MOT","-1","N/A","0","false","-1","N/A","0","false","0","false","0","false",,"419407.978","419407.978","0","false","true",
"C","A","20230101","2023","52","2023","120","CMR","Cameroon","X","Export","212","DMA","Dominica","0","W00","World","H6","HS","true","TOTAL","All Commodities","0","false","C00","TOTAL CPC","0","0","TOTAL MOT","-1","N/A","0","false","-1","N/A","0","false","0","false","0","false",,"58096.634","58096.634","0","false","true",
"C","A","20230101","2023","52","2023","120","CMR","Cameroon","X","Export","214","DOM","Dominican Rep.","0","W00","World","H6","HS","true","TOTAL","All Commodities","0","false","C00","TOTAL CPC","0","0","TOTAL MOT","-1","N/A","0","false","-1","N/A","0","false","0","false","0","false",,"1050003.002","1050003.002","0","false","true",
"C","A","20230101","2023","52","2023","120","CMR","Cameroon","X","Export","226","GNQ","Equatorial Guinea","0","W00","World","H6","HS","true","TOTAL","All Commodities","0","false","C00","TOTAL CPC","0","0","TOTAL MOT","-1","N/A","0","false","-1","N/A","0","false","0","false","0","false",,"16628318.722","16628318.722","0","false","true",
"C","A","20230101","2023","52","2023","120","CMR","Cameroon","X","Export","231","ETH","Ethiopia","0","W00","World","H6","HS","true","TOTAL","All Commodities","0","false","C00","TOTAL CPC","0","0","TOTAL MOT","-1","N/A","0","false","-1","N/A","0","false","0","false","0","false",,"15122128.579","15122128.579","0","false","true",
"C","A","20230101","2023","52","2023","120","CMR","Cameroon","X","Export","233","EST","Estonia","0","W00","World","H6","HS","true","TOTAL","All Commodities","0","false","C00","TOTAL CPC","0","0","TOTAL MOT","-1","N/A","0","false","-1","N/A","0","false","0","false","0","false",,"2546488.717","2546488.717","0","false","true",
"C","A","20230101","2023","52","2023","120","CMR","Cameroon","X","Export","246","FIN","Finland","0","W00","World","H6","HS","true","TOTAL","All Commodities","0","false","C00","TOTAL CPC","0","0","TOTAL MOT","-1","N/A","0","false","-1","N/A","0","false","0","false","0","false",,"1101010.196","1101010.196","0","false","true",
"C","A","20230101","2023","52","2023","120","CMR","Cameroon","X","Export","251","FRA","France","0","W00","World","H6","HS","true","TOTAL","All Commodities","0","false","C00","TOTAL CPC","0","0","TOTAL MOT","-1","N/A","0","false","-1","N/A","0","false","0","true","0","false",,"615012972.47","615012972.47","4","false","true",
"C","A","20230101","2023","52","2023","120","CMR","Cameroon","X","Export","266","GAB","Gabon","0","W00","World","H6","HS","true","TOTAL","All Commodities","0","false","C00","TOTAL CPC","0","0","TOTAL MOT","-1","N/A","0","false","-1","N/A","0","false","0","false","0","false",,"51345825.939","51345825.939","0","false","true",
"C","A","20230101","2023","52","2023","120","CMR","Cameroon","X","Export","268","GEO","Georgia","0","W00","World","H6","HS","true","TOTAL","All Commodities","0","false","C00","TOTAL CPC","0","0","TOTAL MOT","-1","N/A","0","false","-1","N/A","0","false","0","false","0","false",,"3935.034","3935.034","0","false","true",
"C","A","20230101","2023","52","2023","120","CMR","Cameroon","X","Export","276","DEU","Germany","0","W00","World","H6","HS","true","TOTAL","All Commodities","0","false","C00","TOTAL CPC","0","0","TOTAL MOT","-1","N/A","0","false","-1","N/A","0","false","0","true","0","false",,"131866164.233","131866164.233","4","false","true",
"C","A","20230101","2023","52","2023","120","CMR","Cameroon","X","Export","288","GHA","Ghana","0","W00","World","H6","HS","true","TOTAL","All Commodities","0","false","C00","TOTAL CPC","0","0","TOTAL MOT","-1","N/A","0","false","-1","N/A","0","false","0","false","0","false",,"405137.47","405137.47","0","false","true",
"C","A","20230101","2023","52","2023","120","CMR","Cameroon","X","Export","300","GRC","Greece","0","W00","World","H6","HS","true","TOTAL","All Commodities","0","false","C00","TOTAL CPC","0","0","TOTAL MOT","-1","N/A","0","false","-1","N/A","0","false","0","false","0","false",,"4386896.37","4386896.37","0","false","true",
"C","A","20230101","2023","52","2023","120","CMR","Cameroon","X","Export","324","GIN","Guinea","0","W00","World","H6","HS","true","TOTAL","All Commodities","0","false","C00","TOTAL CPC","0","0","TOTAL MOT","-1","N/A","0","false","-1","N/A","0","false","0","false","0","false",,"736896.572","736896.572","0","false","true",
"C","A","20230101","2023","52","2023","120","CMR","Cameroon","X","Export","328","GUY","Guyana","0","W00","World","H6","HS","true","TOTAL","All Commodities","0","false","C00","TOTAL CPC","0","0","TOTAL MOT","-1","N/A","0","false","-1","N/A","0","false","0","false","0","false",,"39567.606","39567.606","0","false","true",
"C","A","20230101","2023","52","2023","120","CMR","Cameroon","X","Export","344","HKG","China, Hong Kong SAR","0","W00","World","H6","HS","true","TOTAL","All Commodities","0","false","C00","TOTAL CPC","0","0","TOTAL MOT","-1","N/A","0","false","-1","N/A","0","false","0","false","0","false",,"119028.042","119028.042","0","false","true",
"C","A","20230101","2023","52","2023","120","CMR","Cameroon","X","Export","348","HUN","Hungary","0","W00","World","H6","HS","true","TOTAL","All Commodities","0","false","C00","TOTAL CPC","0","0","TOTAL MOT","-1","N/A","0","false","-1","N/A","0","false","0","false","0","false",,"53392828.991","53392828.991","0","false","true",
"C","A","20230101","2023","52","2023","120","CMR","Cameroon","X","Export","352","ISL","Iceland","0","W00","World","H6","HS","true","TOTAL","All Commodities","0","false","C00","TOTAL CPC","0","0","TOTAL MOT","-1","N/A","0","false","-1","N/A","0","false","0","false","0","false",,"57443.789","57443.789","0","false","true",
"C","A","20230101","2023","52","2023","120","CMR","Cameroon","X","Export","360","IDN","Indonesia","0","W00","World","H6","HS","true","TOTAL","All Commodities","0","false","C00","TOTAL CPC","0","0","TOTAL MOT","-1","N/A","0","false","-1","N/A","0","false","0","false","0","false",,"193697632.935","193697632.935","0","false","true",
"C","A","20230101","2023","52","2023","120","CMR","Cameroon","X","Export","368","IRQ","Iraq","0","W00","World","H6","HS","true","TOTAL","All Commodities","0","false","C00","TOTAL CPC","0","0","TOTAL MOT","-1","N/A","0","false","-1","N/A","0","false","0","false","0","false",,"84708.66","84708.66","0","false","true",
"C","A","20230101","2023","52","2023","120","CMR","Cameroon","X","Export","372","IRL","Ireland","0","W00","World","H6","HS","true","TOTAL","All Commodities","0","false","C00","TOTAL CPC","0","0","TOTAL MOT","-1","N/A","0","false","-1","N/A","0","false","0","false","0","false",,"5432593.346","5432593.346","0","false","true",
"C","A","20230101","2023","52","2023","120","CMR","Cameroon","X","Export","376","ISR","Israel","0","W00","World","H6","HS","true","TOTAL","All Commodities","0","false","C00","TOTAL CPC","0","0","TOTAL MOT","-1","N/A","0","false","-1","N/A","0","false","0","false","0","false",,"56708.611","56708.611","0","false","true",
"C","A","20230101","2023","52","2023","120","CMR","Cameroon","X","Export","380","ITA","Italy","0","W00","World","H6","HS","true","TOTAL","All Commodities","0","false","C00","TOTAL CPC","0","0","TOTAL MOT","-1","N/A","0","false","-1","N/A","0","false","0","true","0","false",,"220275542.967","220275542.967","4","false","true",
"C","A","20230101","2023","52","2023","120","CMR","Cameroon","X","Export","384","CIV","Côte d'Ivoire","0","W00","World","H6","HS","true","TOTAL","All Commodities","0","false","C00","TOTAL CPC","0","0","TOTAL MOT","-1","N/A","0","false","-1","N/A","0","false","0","false","0","false",,"3698713.154","3698713.154","0","false","true",
"C","A","20230101","2023","52","2023","120","CMR","Cameroon","X","Export","392","JPN","Japan","0","W00","World","H6","HS","true","TOTAL","All Commodities","0","false","C00","TOTAL CPC","0","0","TOTAL MOT","-1","N/A","0","false","-1","N/A","0","false","0","false","0","false",,"2321437.553","2321437.553","0","false","true",
"C","A","20230101","2023","52","2023","120","CMR","Cameroon","X","Export","398","KAZ","Kazakhstan","0","W00","World","H6","HS","true","TOTAL","All Commodities","0","false","C00","TOTAL CPC","0","0","TOTAL MOT","-1","N/A","0","false","-1","N/A","0","false","0","false","0","false",,"249.324","249.324","0","false","true",
"C","A","20230101","2023","52","2023","120","CMR","Cameroon","X","Export","400","JOR","Jordan","0","W00","World","H6","HS","true","TOTAL","All Commodities","0","false","C00","TOTAL CPC","0","0","TOTAL MOT","-1","N/A","0","false","-1","N/A","0","false","0","false","0","false",,"154144.197","154144.197","0","false","true",
"C","A","20230101","2023","52","2023","120","CMR","Cameroon","X","Export","404","KEN","Kenya","0","W00","World","H6","HS","true","TOTAL","All Commodities","0","false","C00","TOTAL CPC","0","0","TOTAL MOT","-1","N/A","0","false","-1","N/A","0","false","0","false","0","false",,"360444.519","360444.519","0","false","true",
"C","A","20230101","2023","52","2023","120","CMR","Cameroon","X","Export","410","KOR","Rep. of Korea","0","W00","World","H6","HS","true","TOTAL","All Commodities","0","false","C00","TOTAL CPC","0","0","TOTAL MOT","-1","N/A","0","false","-1","N/A","0","false","0","false","0","false",,"119914.49","119914.49","0","false","true",
"C","A","20230101","2023","52","2023","120","CMR","Cameroon","X","Export","414","KWT","Kuwait","0","W00","World","H6","HS","true","TOTAL","All Commodities","0","false","C00","TOTAL CPC","0","0","TOTAL MOT","-1","N/A","0","false","-1","N/A","0","false","0","false","0","false",,"135060.616","135060.616","0","false","true",
"C","A","20230101","2023","52","2023","120","CMR","Cameroon","X","Export","422","LBN","Lebanon","0","W00","World","H6","HS","true","TOTAL","All Commodities","0","false","C00","TOTAL CPC","0","0","TOTAL MOT","-1","N/A","0","false","-1","N/A","0","false","0","false","0","false",,"688048.569","688048.569","0","false","true",
"C","A","20230101","2023","52","2023","120","CMR","Cameroon","X","Export","430","LBR","Liberia","0","W00","World","H6","HS","true","TOTAL","All Commodities","0","false","C00","TOTAL CPC","0","0","TOTAL MOT","-1","N/A","0","false","-1","N/A","0","false","0","false","0","false",,"850313.964","850313.964","0","false","true",
"C","A","20230101","2023","52","2023","120","CMR","Cameroon","X","Export","434","LBY","Libya","0","W00","World","H6","HS","true","TOTAL","All Commodities","0","false","C00","TOTAL CPC","0","0","TOTAL MOT","-1","N/A","0","false","-1","N/A","0","false","0","false","0","false",,"13077.044","13077.044","0","false","true",
"C","A","20230101","2023","52","2023","120","CMR","Cameroon","X","Export","440","LTU","Lithuania","0","W00","World","H6","HS","true","TOTAL","All Commodities","0","false","C00","TOTAL CPC","0","0","TOTAL MOT","-1","N/A","0","false","-1","N/A","0","false","0","false","0","false",,"972800.733","972800.733","0","false","true",
"C","A","20230101","2023","52","2023","120","CMR","Cameroon","X","Export","442","LUX","Luxembourg","0","W00","World","H6","HS","true","TOTAL","All Commodities","0","false","C00","TOTAL CPC","0","0","TOTAL MOT","-1","N/A","0","false","-1","N/A","0","false","0","false","0","false",,"92176.996","92176.996","0","false","true",
"C","A","20230101","2023","52","2023","120","CMR","Cameroon","X","Export","450","MDG","Madagascar","0","W00","World","H6","HS","true","TOTAL","All Commodities","0","false","C00","TOTAL CPC","0","0","TOTAL MOT","-1","N/A","0","false","-1","N/A","0","false","0","false","0","false",,"14447.759","14447.759","0","false","true",
"C","A","20230101","2023","52","2023","120","CMR","Cameroon","X","Export","458","MYS","Malaysia","0","W00","World","H6","HS","true","TOTAL","All Commodities","0","false","C00","TOTAL CPC","0","0","TOTAL MOT","-1","N/A","0","false","-1","N/A","0","false","0","false","0","false",,"90235795.705","90235795.705","0","false","true",
"C","A","20230101","2023","52","2023","120","CMR","Cameroon","X","Export","466","MLI","Mali","0","W00","World","H6","HS","true","TOTAL","All Commodities","0","false","C00","TOTAL CPC","0","0","TOTAL MOT","-1","N/A","0","false","-1","N/A","0","false","0","false","0","false",,"300245.844","300245.844","0","false","true",
"C","A","20230101","2023","52","2023","120","CMR","Cameroon","X","Export","470","MLT","Malta","0","W00","World","H6","HS","true","TOTAL","All Commodities","0","false","C00","TOTAL CPC","0","0","TOTAL MOT","-1","N/A","0","false","-1","N/A","0","false","0","false","0","false",,"532808.229","532808.229","0","false","true",
"C","A","20230101","2023","52","2023","120","CMR","Cameroon","X","Export","478","MRT","Mauritania","0","W00","World","H6","HS","true","TOTAL","All Commodities","0","false","C00","TOTAL CPC","0","0","TOTAL MOT","-1","N/A","0","false","-1","N/A","0","false","0","false","0","false",,"4489.692","4489.692","0","false","true",
"C","A","20230101","2023","52","2023","120","CMR","Cameroon","X","Export","480","MUS","Mauritius","0","W00","World","H6","HS","true","TOTAL","All Commodities","0","false","C00","TOTAL CPC","0","0","TOTAL MOT","-1","N/A","0","false","-1","N/A","0","false","0","false","0","false",,"335025.265","335025.265","0","false","true",
"C","A","20230101","2023","52","2023","120","CMR","Cameroon","X","Export","484","MEX","Mexico","0","W00","World","H6","HS","true","TOTAL","All Commodities","0","false","C00","TOTAL CPC","0","0","TOTAL MOT","-1","N/A","0","false","-1","N/A","0","false","0","false","0","false",,"2296635.939","2296635.939","0","false","true",
"C","A","20230101","2023","52","2023","120","CMR","Cameroon","X","Export","490","S19","Other Asia, nes","0","W00","World","H6","HS","true","TOTAL","All Commodities","0","false","C00","TOTAL CPC","0","0","TOTAL MOT","-1","N/A","0","false","-1","N/A","0","false","0","false","0","false",,"4815668.199","4815668.199","0","false","true",
"C","A","20230101","2023","52","2023","120","CMR","Cameroon","X","Export","498","MDA","Rep. of Moldova","0","W00","World","H6","HS","true","TOTAL","All Commodities","0","false","C00","TOTAL CPC","0","0","TOTAL MOT","-1","N/A","0","false","-1","N/A","0","false","0","false","0","false",,"54435.226","54435.226","0","false","true",
"C","A","20230101","2023","52","2023","120","CMR","Cameroon","X","Export","499","MNE","Montenegro","0","W00","World","H6","HS","true","TOTAL","All Commodities","0","false","C00","TOTAL CPC","0","0","TOTAL MOT","-1","N/A","0","false","-1","N/A","0","false","0","false","0","false",,"560294.34","560294.34","0","false","true",
"C","A","20230101","2023","52","2023","120","CMR","Cameroon","X","Export","504","MAR","Morocco","0","W00","World","H6","HS","true","TOTAL","All Commodities","0","false","C00","TOTAL CPC","0","0","TOTAL MOT","-1","N/A","0","false","-1","N/A","0","false","0","false","0","false",,"7412466.616","7412466.616","0","false","true",
"C","A","20230101","2023","52","2023","120","CMR","Cameroon","X","Export","508","MOZ","Mozambique","0","W00","World","H6","HS","true","TOTAL","All Commodities","0","false","C00","TOTAL CPC","0","0","TOTAL MOT","-1","N/A","0","false","-1","N/A","0","false","0","false","0","false",,"230477.561","230477.561","0","false","true",
"C","A","20230101","2023","52","2023","120","CMR","Cameroon","X","Export","512","OMN","Oman","0","W00","World","H6","HS","true","TOTAL","All Commodities","0","false","C00","TOTAL CPC","0","0","TOTAL MOT","-1","N/A","0","false","-1","N/A","0","false","0","false","0","false",,"36929.492","36929.492","0","false","true",
"C","A","20230101","2023","52","2023","120","CMR","Cameroon","X","Export","524","NPL","Nepal","0","W00","World","H6","HS","true","TOTAL","All Commodities","0","false","C00","TOTAL CPC","0","0","TOTAL MOT","-1","N/A","0","false","-1","N/A","0","false","0","false","0","false",,"5013.357","5013.357","0","false","true",
"C","A","20230101","2023","52","2023","120","CMR","Cameroon","X","Export","528","NLD","Netherlands","0","W00","World","H6","HS","true","TOTAL","All Commodities","0","false","C00","TOTAL CPC","0","0","TOTAL MOT","-1","N/A","0","false","-1","N/A","0","false","0","false","0","false",,"1152959357.89","1152959357.89","0","false","true",
"C","A","20230101","2023","52","2023","120","CMR","Cameroon","X","Export","533","ABW","Aruba","0","W00","World","H6","HS","true","TOTAL","All Commodities","0","false","C00","TOTAL CPC","0","0","TOTAL MOT","-1","N/A","0","false","-1","N/A","0","false","0","false","0","false",,"8672.73","8672.73","0","false","true",
"C","A","20230101","2023","52","2023","120","CMR","Cameroon","X","Export","540","NCL","New Caledonia","0","W00","World","H6","HS","true","TOTAL","All Commodities","0","false","C00","TOTAL CPC","0","0","TOTAL MOT","-1","N/A","0","false","-1","N/A","0","false","0","false","0","false",,"2908.78","2908.78","0","false","true",
"C","A","20230101","2023","52","2023","120","CMR","Cameroon","X","Export","554","NZL","New Zealand","0","W00","World","H6","HS","true","TOTAL","All Commodities","0","false","C00","TOTAL CPC","0","0","TOTAL MOT","-1","N/A","0","false","-1","N/A","0","false","0","false","0","false",,"166.216","166.216","0","false","true",
"C","A","20230101","2023","52","2023","120","CMR","Cameroon","X","Export","558","NIC","Nicaragua","0","W00","World","H6","HS","true","TOTAL","All Commodities","0","false","C00","TOTAL CPC","0","0","TOTAL MOT","-1","N/A","0","false","-1","N/A","0","false","0","false","0","false",,"144603.768","144603.768","0","false","true",
"C","A","20230101","2023","52","2023","120","CMR","Cameroon","X","Export","562","NER","Niger","0","W00","World","H6","HS","true","TOTAL","All Commodities","0","false","C00","TOTAL CPC","0","0","TOTAL MOT","-1","N/A","0","false","-1","N/A","0","false","0","false","0","false",,"160243.124","160243.124","0","false","true",
"C","A","20230101","2023","52","2023","120","CMR","Cameroon","X","Export","566","NGA","Nigeria","0","W00","World","H6","HS","true","TOTAL","All Commodities","0","false","C00","TOTAL CPC","0","0","TOTAL MOT","-1","N/A","0","false","-1","N/A","0","false","0","true","0","false",,"65644591.321","65644591.321","4","false","true",
"C","A","20230101","2023","52","2023","120","CMR","Cameroon","X","Export","579","NOR","Norway","0","W00","World","H6","HS","true","TOTAL","All Commodities","0","false","C00","TOTAL CPC","0","0","TOTAL MOT","-1","N/A","0","false","-1","N/A","0","false","0","false","0","false",,"267075.457","267075.457","0","false","true",
"C","A","20230101","2023","52","2023","120","CMR","Cameroon","X","Export","584","MHL","Marshall Isds","0","W00","World","H6","HS","true","TOTAL","All Commodities","0","false","C00","TOTAL CPC","0","0","TOTAL MOT","-1","N/A","0","false","-1","N/A","0","false","0","false","0","false",,"86666.352","86666.352","0","false","true",
"C","A","20230101","2023","52","2023","120","CMR","Cameroon","X","Export","586","PAK","Pakistan","0","W00","World","H6","HS","true","TOTAL","All Commodities","0","false","C00","TOTAL CPC","0","0","TOTAL MOT","-1","N/A","0","false","-1","N/A","0","false","0","false","0","false",,"4911602.087","4911602.087","0","false","true",
"C","A","20230101","2023","52","2023","120","CMR","Cameroon","X","Export","591","PAN","Panama","0","W00","World","H6","HS","true","TOTAL","All Commodities","0","false","C00","TOTAL CPC","0","0","TOTAL MOT","-1","N/A","0","false","-1","N/A","0","false","0","false","0","false",,"231067.267","231067.267","0","false","true",
"C","A","20230101","2023","52","2023","120","CMR","Cameroon","X","Export","608","PHL","Philippines","0","W00","World","H6","HS","true","TOTAL","All Commodities","0","false","C00","TOTAL CPC","0","0","TOTAL MOT","-1","N/A","0","false","-1","N/A","0","false","0","false","0","false",,"12525.94","12525.94","0","false","true",
"C","A","20230101","2023","52","2023","120","CMR","Cameroon","X","Export","616","POL","Poland","0","W00","World","H6","HS","true","TOTAL","All Commodities","0","false","C00","TOTAL CPC","0","0","TOTAL MOT","-1","N/A","0","false","-1","N/A","0","false","0","false","0","false",,"4458972.82","4458972.82","0","false","true",
"C","A","20230101","2023","52","2023","120","CMR","Cameroon","X","Export","620","PRT","Portugal","0","W00","World","H6","HS","true","TOTAL","All Commodities","0","false","C00","TOTAL CPC","0","0","TOTAL MOT","-1","N/A","0","false","-1","N/A","0","false","0","false","0","false",,"9222327.613","9222327.613","0","false","true",
"C","A","20230101","2023","52","2023","120","CMR","Cameroon","X","Export","624","GNB","Guinea-Bissau","0","W00","World","H6","HS","true","TOTAL","All Commodities","0","false","C00","TOTAL CPC","0","0","TOTAL MOT","-1","N/A","0","false","-1","N/A","0","false","0","false","0","false",,"381568.759","381568.759","0","false","true",
"C","A","20230101","2023","52","2023","120","CMR","Cameroon","X","Export","634","QAT","Qatar","0","W00","World","H6","HS","true","TOTAL","All Commodities","0","false","C00","TOTAL CPC","0","0","TOTAL MOT","-1","N/A","0","false","-1","N/A","0","false","0","false","0","false",,"186436.545","186436.545","0","false","true",
"C","A","20230101","2023","52","2023","120","CMR","Cameroon","X","Export","642","ROU","Romania","0","W00","World","H6","HS","true","TOTAL","All Commodities","0","false","C00","TOTAL CPC","0","0","TOTAL MOT","-1","N/A","0","false","-1","N/A","0","false","0","false","0","false",,"547045.104","547045.104","0","false","true",
"C","A","20230101","2023","52","2023","120","CMR","Cameroon","X","Export","643","RUS","Russian Federation","0","W00","World","H6","HS","true","TOTAL","All Commodities","0","false","C00","TOTAL CPC","0","0","TOTAL MOT","-1","N/A","0","false","-1","N/A","0","false","0","false","0","false",,"123507.994","123507.994","0","false","true",
"C","A","20230101","2023","52","2023","120","CMR","Cameroon","X","Export","646","RWA","Rwanda","0","W00","World","H6","HS","true","TOTAL","All Commodities","0","false","C00","TOTAL CPC","0","0","TOTAL MOT","-1","N/A","0","false","-1","N/A","0","false","0","false","0","false",,"38124.67","38124.67","0","false","true",
"C","A","20230101","2023","52","2023","120","CMR","Cameroon","X","Export","662","LCA","Saint Lucia","0","W00","World","H6","HS","true","TOTAL","All Commodities","0","false","C00","TOTAL CPC","0","0","TOTAL MOT","-1","N/A","0","false","-1","N/A","0","false","0","false","0","false",,"83.108","83.108","0","false","true",
"C","A","20230101","2023","52","2023","120","CMR","Cameroon","X","Export","670","VCT","Saint Vincent and the Grenadines","0","W00","World","H6","HS","true","TOTAL","All Commodities","0","false","C00","TOTAL CPC","0","0","TOTAL MOT","-1","N/A","0","false","-1","N/A","0","false","0","false","0","false",,"52978.491","52978.491","0","false","true",
"C","A","20230101","2023","52","2023","120","CMR","Cameroon","X","Export","678","STP","Sao Tome and Principe","0","W00","World","H6","HS","true","TOTAL","All Commodities","0","false","C00","TOTAL CPC","0","0","TOTAL MOT","-1","N/A","0","false","-1","N/A","0","false","0","true","0","false",,"53809.918","53809.918","4","false","true",
"C","A","20230101","2023","52","2023","120","CMR","Cameroon","X","Export","682","SAU","Saudi Arabia","0","W00","World","H6","HS","true","TOTAL","All Commodities","0","false","C00","TOTAL CPC","0","0","TOTAL MOT","-1","N/A","0","false","-1","N/A","0","false","0","false","0","false",,"2611502.699","2611502.699","0","false","true",
"C","A","20230101","2023","52","2023","120","CMR","Cameroon","X","Export","686","SEN","Senegal","0","W00","World","H6","HS","true","TOTAL","All Commodities","0","false","C00","TOTAL CPC","0","0","TOTAL MOT","-1","N/A","0","false","-1","N/A","0","false","0","false","0","false",,"30179162.282","30179162.282","0","false","true",
"C","A","20230101","2023","52","2023","120","CMR","Cameroon","X","Export","688","SRB","Serbia","0","W00","World","H6","HS","true","TOTAL","All Commodities","0","false","C00","TOTAL CPC","0","0","TOTAL MOT","-1","N/A","0","false","-1","N/A","0","false","0","false","0","false",,"347.739","347.739","0","false","true",
"C","A","20230101","2023","52","2023","120","CMR","Cameroon","X","Export","690","SYC","Seychelles","0","W00","World","H6","HS","true","TOTAL","All Commodities","0","false","C00","TOTAL CPC","0","0","TOTAL MOT","-1","N/A","0","false","-1","N/A","0","false","0","false","0","false",,"92299.361","92299.361","0","false","true",
"C","A","20230101","2023","52","2023","120","CMR","Cameroon","X","Export","694","SLE","Sierra Leone","0","W00","World","H6","HS","true","TOTAL","All Commodities","0","false","C00","TOTAL CPC","0","0","TOTAL MOT","-1","N/A","0","false","-1","N/A","0","false","0","false","0","false",,"9976.296","9976.296","0","false","true",
"C","A","20230101","2023","52","2023","120","CMR","Cameroon","X","Export","699","IND","India","0","W00","World","H6","HS","true","TOTAL","All Commodities","0","false","C00","TOTAL CPC","0","0","TOTAL MOT","-1","N/A","0","false","-1","N/A","0","false","0","false","0","false",,"475507176.409","475507176.409","0","false","true",
"C","A","20230101","2023","52","2023","120","CMR","Cameroon","X","Export","702","SGP","Singapore","0","W00","World","H6","HS","true","TOTAL","All Commodities","0","false","C00","TOTAL CPC","0","0","TOTAL MOT","-1","N/A","0","false","-1","N/A","0","false","0","false","0","false",,"245421.569","245421.569","0","false","true",
"C","A","20230101","2023","52","2023","120","CMR","Cameroon","X","Export","704","VNM","Viet Nam","0","W00","World","H6","HS","true","TOTAL","All Commodities","0","false","C00","TOTAL CPC","0","0","TOTAL MOT","-1","N/A","0","false","-1","N/A","0","false","0","false","0","false",,"57698644.194","57698644.194","0","false","true",
"C","A","20230101","2023","52","2023","120","CMR","Cameroon","X","Export","705","SVN","Slovenia","0","W00","World","H6","HS","true","TOTAL","All Commodities","0","false","C00","TOTAL CPC","0","0","TOTAL MOT","-1","N/A","0","false","-1","N/A","0","false","0","false","0","false",,"669347.66","669347.66","0","false","true",
"C","A","20230101","2023","52","2023","120","CMR","Cameroon","X","Export","710","ZAF","South Africa","0","W00","World","H6","HS","true","TOTAL","All Commodities","0","false","C00","TOTAL CPC","0","0","TOTAL MOT","-1","N/A","0","false","-1","N/A","0","false","0","true","0","false",,"79637827.375","79637827.375","4","false","true",
"C","A","20230101","2023","52","2023","120","CMR","Cameroon","X","Export","716","ZWE","Zimbabwe","0","W00","World","H6","HS","true","TOTAL","All Commodities","0","false","C00","TOTAL CPC","0","0","TOTAL MOT","-1","N/A","0","false","-1","N/A","0","false","0","false","0","false",,"83.108","83.108","0","false","true",
"C","A","20230101","2023","52","2023","120","CMR","Cameroon","X","Export","724","ESP","Spain","0","W00","World","H6","HS","true","TOTAL","All Commodities","0","false","C00","TOTAL CPC","0","0","TOTAL MOT","-1","N/A","0","false","-1","N/A","0","false","0","false","0","false",,"165362348.402","165362348.402","0","false","true",
"C","A","20230101","2023","52","2023","120","CMR","Cameroon","X","Export","729","SDN","Sudan","0","W00","World","H6","HS","true","TOTAL","All Commodities","0","false","C00","TOTAL CPC","0","0","TOTAL MOT","-1","N/A","0","false","-1","N/A","0","false","0","false","0","false",,"53559.822","53559.822","0","false","true",
"C","A","20230101","2023","52","2023","120","CMR","Cameroon","X","Export","740","SUR","Suriname","0","W00","World","H6","HS","true","TOTAL","All Commodities","0","false","C00","TOTAL CPC","0","0","TOTAL MOT","-1","N/A","0","false","-1","N/A","0","false","0","false","0","false",,"16281.153","16281.153","0","false","true",
"C","A","20230101","2023","52","2023","120","CMR","Cameroon","X","Export","748","SWZ","Eswatini","0","W00","World","H6","HS","true","TOTAL","All Commodities","0","false","C00","TOTAL CPC","0","0","TOTAL MOT","-1","N/A","0","false","-1","N/A","0","false","0","false","0","false",,"12143.151","12143.151","0","false","true",
"C","A","20230101","2023","52","2023","120","CMR","Cameroon","X","Export","752","SWE","Sweden","0","W00","World","H6","HS","true","TOTAL","All Commodities","0","false","C00","TOTAL CPC","0","0","TOTAL MOT","-1","N/A","0","false","-1","N/A","0","false","0","false","0","false",,"3856.74","3856.74","0","false","true",
"C","A","20230101","2023","52","2023","120","CMR","Cameroon","X","Export","757","CHE","Switzerland","0","W00","World","H6","HS","true","TOTAL","All Commodities","0","false","C00","TOTAL CPC","0","0","TOTAL MOT","-1","N/A","0","false","-1","N/A","0","false","0","false","0","false",,"274882.225","274882.225","0","false","true",
"C","A","20230101","2023","52","2023","120","CMR","Cameroon","X","Export","764","THA","Thailand","0","W00","World","H6","HS","true","TOTAL","All Commodities","0","false","C00","TOTAL CPC","0","0","TOTAL MOT","-1","N/A","0","false","-1","N/A","0","false","0","true","0","false",,"407940.739","407940.739","4","false","true",
"C","A","20230101","2023","52","2023","120","CMR","Cameroon","X","Export","768","TGO","Togo","0","W00","World","H6","HS","true","TOTAL","All Commodities","0","false","C00","TOTAL CPC","0","0","TOTAL MOT","-1","N/A","0","false","-1","N/A","0","false","0","false","0","false",,"564033.104","564033.104","0","false","true",
"C","A","20230101","2023","52","2023","120","CMR","Cameroon","X","Export","784","ARE","United Arab Emirates","0","W00","World","H6","HS","true","TOTAL","All Commodities","0","false","C00","TOTAL CPC","0","0","TOTAL MOT","-1","N/A","0","false","-1","N/A","0","false","0","false","0","false",,"5969243.787","5969243.787","0","false","true",
"C","A","20230101","2023","52","2023","120","CMR","Cameroon","X","Export","788","TUN","Tunisia","0","W00","World","H6","HS","true","TOTAL","All Commodities","0","false","C00","TOTAL CPC","0","0","TOTAL MOT","-1","N/A","0","false","-1","N/A","0","false","0","false","0","false",,"1241001.231","1241001.231","0","false","true",
"C","A","20230101","2023","52","2023","120","CMR","Cameroon","X","Export","792","TUR","Türkiye","0","W00","World","H6","HS","true","TOTAL","All Commodities","0","false","C00","TOTAL CPC","0","0","TOTAL MOT","-1","N/A","0","false","-1","N/A","0","false","0","false","0","false",,"146652095.774","146652095.774","0","false","true",
"C","A","20230101","2023","52","2023","120","CMR","Cameroon","X","Export","796","TCA","Turks and Caicos Isds","0","W00","World","H6","HS","true","TOTAL","All Commodities","0","false","C00","TOTAL CPC","0","0","TOTAL MOT","-1","N/A","0","false","-1","N/A","0","false","0","false","0","false",,"134884.284","134884.284","0","false","true",
"C","A","20230101","2023","52","2023","120","CMR","Cameroon","X","Export","800","UGA","Uganda","0","W00","World","H6","HS","true","TOTAL","All Commodities","0","false","C00","TOTAL CPC","0","0","TOTAL MOT","-1","N/A","0","false","-1","N/A","0","false","0","false","0","false",,"843923.133","843923.133","0","false","true",
"C","A","20230101","2023","52","2023","120","CMR","Cameroon","X","Export","804","UKR","Ukraine","0","W00","World","H6","HS","true","TOTAL","All Commodities","0","false","C00","TOTAL CPC","0","0","TOTAL MOT","-1","N/A","0","false","-1","N/A","0","false","0","false","0","false",,"88750.909","88750.909","0","false","true",
"C","A","20230101","2023","52","2023","120","CMR","Cameroon","X","Export","818","EGY","Egypt","0","W00","World","H6","HS","true","TOTAL","All Commodities","0","false","C00","TOTAL CPC","0","0","TOTAL MOT","-1","N/A","0","false","-1","N/A","0","false","0","false","0","false",,"1859366.988","1859366.988","0","false","true",
"C","A","20230101","2023","52","2023","120","CMR","Cameroon","X","Export","826","GBR","United Kingdom","0","W00","World","H6","HS","true","TOTAL","All Commodities","0","false","C00","TOTAL CPC","0","0","TOTAL MOT","-1","N/A","0","false","-1","N/A","0","false","0","false","0","false",,"130662750.701","130662750.701","0","false","true",
"C","A","20230101","2023","52","2023","120","CMR","Cameroon","X","Export","834","TZA","United Rep. of Tanzania","0","W00","World","H6","HS","true","TOTAL","All Commodities","0","false","C00","TOTAL CPC","0","0","TOTAL MOT","-1","N/A","0","false","-1","N/A","0","false","0","false","0","false",,"383909.138","383909.138","0","false","true",
"C","A","20230101","2023","52","2023","120","CMR","Cameroon","X","Export","842","USA","USA","0","W00","World","H6","HS","true","TOTAL","All Commodities","0","false","C00","TOTAL CPC","0","0","TOTAL MOT","-1","N/A","0","false","-1","N/A","0","false","0","false","0","false",,"53353869.004","53353869.004","0","false","true",
"C","A","20230101","2023","52","2023","120","CMR","Cameroon","X","Export","854","BFA","Burkina Faso","0","W00","World","H6","HS","true","TOTAL","All Commodities","0","false","C00","TOTAL CPC","0","0","TOTAL MOT","-1","N/A","0","false","-1","N/A","0","false","0","false","0","false",,"309049.817","309049.817","0","false","true",
"C","A","20230101","2023","52","2023","120","CMR","Cameroon","X","Export","858","URY","Uruguay","0","W00","World","H6","HS","true","TOTAL","All Commodities","0","false","C00","TOTAL CPC","0","0","TOTAL MOT","-1","N/A","0","false","-1","N/A","0","false","0","false","0","false",,"11072538.827","11072538.827","0","false","true",
"C","A","20230101","2023","52","2023","120","CMR","Cameroon","X","Export","894","ZMB","Zambia","0","W00","World","H6","HS","true","TOTAL","All Commodities","0","false","C00","TOTAL CPC","0","0","TOTAL MOT","-1","N/A","0","false","-1","N/A","0","false","0","false","0","false",,"129968.491","129968.491","0","false","true",
"C","A","20230101","2023","52","2023","120","CMR","Cameroon","X","Export","899","_X ","Areas, nes","0","W00","World","H6","HS","true","TOTAL","All Commodities","0","false","C00","TOTAL CPC","0","0","TOTAL MOT","-1","N/A","0","false","-1","N/A","0","false","0","false","0","false",,"98687.544","98687.544","0","false","true",
